date,time,account,platform,genre,content,emoji,engagement_prediction,cta_type,link_key
2026-08-28,07:00,konkatsu,threads,婚活,"結論、同棲の話し合いは「言葉が同じでも意味が違う」ことが多いと思う。

先日、地下鉄で隣になった20代後半くらいの2人の会話がふと耳に入った。「一緒に住もう」という同じ一言に対して、片方は現状維持のつもりで、もう片方は結婚への準備のつもりで話しているように聞こえた。

■同棲前にすり合わせておきたい3つ
・同棲のゴール（結婚時期）をいつまでに話すか
・生活費・家事の分担ルール
・将来の話題が出たときの反応を観察する

私は「同棲の意味は、言葉より態度で確認するべき」派。

あなたは同棲、通過点派？それとも結婚への準備派？",🏠💬,high,implicit,
2026-08-28,12:00,konkatsu,threads,婚活,"結論、婚活で停滞する人の多くは「審査モード」に入りすぎていると感じる。
最初は『どんな人だろう』だったのに、気づけば年収・学歴・実家の話ばかり聞いていないだろうか。
私は、条件確認より先に『素の自分が出せる相手かどうか』を見る派。
■審査モードに入っているサイン
・沈黙が怖くて質問攻めになる
・LINEが用件だけのやり取りに変わる
・会うたびに品定めされている感覚が強くなる
一つでも当てはまったら、条件リストより会話の中身を見直した方がいいと思っている。
あなたは今、どちらのモードだと思う？",💍📝,high,implicit,
2026-08-28,19:00,konkatsu,threads,婚活,"初対面から3回目のデートまでずっと敬語のまま、というのは珍しいことではないと観察している。
私は『3回目で下の名前を呼べているか』を進展の分かれ目として見ている派。
■距離感が縮まっているかのチェック
・沈黙になっても気まずくならない
・LINEの文末に絵文字や砕けた言い回しが増える
・次の予定を相手から提案してくるようになる
逆にこれが3回目を過ぎても変わらない場合、関係は仮交際のまま止まりやすいと感じている。
あなたの婚活で、距離感が変わった瞬間はどんなタイミングだった？",📏💬,medium,implicit,
2026-08-28,21:00,konkatsu,threads,婚活,"結論、婚活で本気度を見るべきは「学歴」より「質問の数」だと思う。
先週、婚活パーティー会場のロビーで順番待ちをしていた2人の会話が耳に入った。
一方はプロフィールの年収や勤務先ばかり確認し、もう一方は相手の休日の過ごし方を3つも質問していた。
■本気度が高い人に共通する質問の傾向
・相手の「好きなもの」を聞いているか
・条件確認より過去のエピソードを聞いているか
・沈黙の後も会話を続けようとしているか
条件を聞く人より、好きなものを聞く人の方が、関係が進みやすいと感じている。
直近のデートで「質問攻めだったな」と感じた瞬間、ありましたか？",🤔📝,high,implicit,
2026-08-28,07:00,sidejob,threads,副業,"住民税の『20万円以下なら申告しなくていい』は、所得税だけの話。私は副業収入の金額に関わらず、住民税の申告はする派です。
確定申告のときにチェックしておきたいのはこの3点。
・確定申告書 第二表の『住民税に関する事項』欄
・徴収方法が『普通徴収』になっているか
・提出前に控えを1部残しておく
これだけで会社に知られる不安はかなり減らせます。
みなさんは毎年、どちらを選んでいますか？",🧾✅,high,none,
2026-08-28,12:00,sidejob,threads,副業,"副業アカウントが伸び悩む一番の原因は、発信テーマがブレていることだと思っています。私は『1テーマ1切り口』を徹底する派です。
見直すべきチェックはこの3つ。
・プロフィールで発信テーマが一言で伝わるか
・投稿ごとにテーマが変わっていないか
・手順や基準など保存したくなる実用情報が入っているか
これだけで反応の土台が変わることが多いです。
みなさんは発信テーマ、何で絞っていますか？",📌,medium,implicit,
2026-08-28,19:00,sidejob,threads,副業,"結論、副業は「単価の高さ」より「再現性」で選んでいい。
単価だけで案件を選ぶと、続かないケースが多い印象。
私が案件を判断する基準は次の5つ。
✅ 週5時間以内で完結するか
✅ マニュアル化できる作業か
✅ 単発でなく継続案件があるか
✅ クライアントとの連絡頻度が多すぎないか
✅ 身につくスキルが翌月以降も使い回せるか
この基準に当てはまらない案件は、単価が高くても長続きしにくいと感じています。
今やってる副業、この5つに何個当てはまりますか？",✅📝,high,implicit,
2026-08-28,21:00,sidejob,threads,副業,"体感で言うと、副業が続かない人の共通点は「毎日更新」をノルマにしていること。
逆に半年以上続けられている人ほど、最初から「週3日でいい」とハードルを下げている印象がある。
理由はシンプルで、一度更新が止まると再開のハードルが一気に上がるから。
私は投稿頻度より「破綻しない仕組み」を優先する派です。
毎日更新、まだ続けられていますか？",🗓️💭,medium,implicit,
2026-08-28,07:00,beauty,threads,美容,"肌がゆらいでいるサイン、私は3つだけ見れば十分だと思っている。
①いつもより赤みが出やすい
②化粧水がしみる
③皮膚科で「肌が薄い」と言われたことがある
どれか1つでも当てはまる人は、攻めのケア（レチノール・酸系）を毎日から週2〜3回に落として、保湿を厚めにするだけで印象が変わることが多いらしい。
攻めと守り、今どっちを優先してますか？",🌿✨,high,implicit,
2026-08-28,12:00,beauty,threads,美容,肌がゆらいでいるサインは、実は3つだけ覚えておけば十分だと思っている。①化粧水がしみる②いつもより赤みが出やすい③皮膚科で「乾燥・バリア機能が低下」と言われた。結論、1つでも当てはまったら攻めケア（レチノールや酸系）は週1〜2回まで落として、保湿を厚めにするだけで扱いやすくなる、という印象がある。今の時期、当てはまる人ってどのくらいいるんだろう？,🧴✋,high,implicit,
2026-08-28,19:00,beauty,threads,美容,"結論、スキンケアは「順番」より「温度」で変える方が肌に合うと思っている。
夏は化粧水を体温に近づけてから重ね付け、冬は乳液を早めに足して蒸発を防ぐイメージ。
チェックしたいのは①肌がつっぱる時間帯②メイクがヨレる場所③週末の肌荒れ頻度、の3つ。
1つでも当てはまったら、季節ごとに順番を見直すサインだと思う。
みんなは季節で使う順番、変えてる？",🧴☀️❄️,high,implicit,
2026-08-28,21:00,beauty,threads,美容,"レチノールは毎日より、週3〜4回+保湿多めの方が続けやすいと思っている。
肌がゆらいでいるサインは次の3つ。
①いつもより赤みが出やすい
②化粧水がしみる
③皮膚科で「乾燥・薄い」と言われたことがある
1つでも当てはまるなら、頻度を落として保湿を厚くするのも選択肢だと思う。
毎日派？休み休み派？コメントで教えて",🌙✨,high,implicit,
2026-08-28,07:00,bodymake,threads,筋トレ,結論、筋トレの継続力は「準備の手間を何分削れるか」で9割決まると思っている。続けられている人に共通して見えるのは①ウェアを前夜に出す②ジムバッグを玄関に置く③行った日だけカレンダーに丸をつける、の3つだけ。根性で乗り切るより仕組みを変える方が再現性が高い気がしている。あなたが取り入れてる『続く仕組み』、ひとつだけ教えて？,🗓️✅,medium,implicit,
2026-08-28,12:00,bodymake,threads,筋トレ,"結論、筋トレが続くかどうかは「最初の2週間の頻度設計」でほぼ決まると思っている。理由はシンプルで、習慣が固まる前に高頻度・高強度にすると、心身の負荷でやめやすくなるから。
続けやすい人に共通する初期設計はこの3つ。
・週2〜3回からスタートする
・同じ部位を連続で追い込まない
・「休む日」を先にカレンダーへ入れておく
この3つを外している人ほど、3週間以内に離脱しやすい印象がある。あなたは最初の2週間、どんな頻度で始めた（始める予定）？",📅💪,high,implicit,
2026-08-28,19:00,bodymake,threads,筋トレ,"「筋肉痛が出ないと効いていない」というのは半分間違いだと思っている。筋肉痛はダメージの指標であって、成長そのものの指標ではないからだ。
実際、扱う重量や回数の推移が右肩上がりなら、筋肉痛がなくても筋力・筋量は伸びているケースがある。
成長判断に使えるチェックポイントはこの3つ。
・同じ種目の重量が3週間前より伸びているか
・同じ重量でのフォームが安定してきたか
・翌日の「動ける感覚」を疲労感より重視できているか
この3つを記録し始めると、筋肉痛の有無に一喜一憂しなくなる気がしている。あなたは何を基準に伸びを判断してる？",📊🔥,high,implicit,
2026-08-28,21:00,bodymake,threads,筋トレ,"停滞期に入ったとき、種目を増やす前に見直されがちなポイントをメモ。
① 睡眠時間が最近削れていないか
② 同じ重量・回数が何週も続いていないか
③ 体重の変化に対して食事量が合っているか
この3つから確認する、という考え方があるらしい。
みんなは停滞期、まず何から見直す？
📝",📝,high,implicit,
2026-08-28,07:00,education,threads,教育,"夏休みの自由研究、テーマ決めから仕上げまで親がかなり伴走する家庭と、子どもにほぼ任せて見守るだけの家庭がある。完成度を重視するか、試行錯誤の過程を重視するかで自然と分かれるポイント。
あなたの家庭は伴走派？見守り派？",☀️,high,implicit,
2026-08-28,12:00,education,threads,教育,"子どもの「朝の準備」、声かけする派としない派で家庭の空気がだいぶ変わる。
毎朝リマインドして一緒に進める家庭もあれば、失敗も経験のうちと見守る家庭も。
どちらも『自分でできるようになってほしい』という気持ちは同じだけど、やり方は真逆になりがち。
あなたの家はどちら派ですか？",🕗,high,implicit,
2026-08-28,19:00,education,threads,教育,"小学生の「音読カード」、地味だけど見落としがちなポイント3つ。
①同じページを繰り返す日があっても問題なし、むしろ定着のサイン
②サインする欄は『聞いた時間帯』も一言添えると先生に伝わりやすい
③声の大きさより『区切って読めているか』の方がチェックポイントとして有効
保存しておくと役立つかもしれません。",📖,medium,implicit,
2026-08-28,21:00,education,threads,教育,"結論、宿題は低学年のうちは隣について見る派です。
理由はシンプルで、伴走ありのほうが「わからない」をその場で解消できるから。
うちで目安にしている切り替えラインはこの3つ。
①漢字の書き取りは3年生から一人でOK
②文章題は「式だけ一緒→計算は一人」に移行
③丸つけは学年関係なく一緒にやる
みなさんの家庭の切り替えラインはいつ頃でしたか？",📐📝,high,implicit,
2026-08-28,07:00,setsuyaku,threads,節約,"結論、節約はまず固定費から。食費を削るのは一番最後でいい。
通信費・サブスク・保険の3つは、一度見直せば効果がずっと続くのが強み。
手順はシンプル↓
1) 契約中のサブスクを全部書き出す
2) 直近1ヶ月使っていないものを解約
3) 保険の保障内容が重複していないか確認
食費や外食を我慢するより、心理的なストレスが少ないのが固定費見直しの良いところ。
みんなは固定費、最後に見直したのいつ？",🏠📝,high,implicit,
2026-08-28,12:00,setsuyaku,threads,節約,"結論、節約で家庭がギスギスするのは『我慢の分担』がズレてるだけだと思う。
サブスクは放置なのに子どものおやつだけ削られる、みたいな家庭は意外と多い。
削る前にやっておきたいこと↓
・家族それぞれの『削れそうなもの』を出し合う
・一人にだけ我慢を集中させない
・小さな楽しみは最後まで残す
節約は根性より仕組みで続ける方が長持ちする気がしている。
うちはこうしてる、という工夫があれば教えてほしい。",👨‍👩‍👧🍰,medium,implicit,
2026-08-28,19:00,setsuyaku,threads,節約,"電気・ガス・水道の明細、先月分と見比べたことありますか？

同じ生活スタイルでも季節や使い方のクセで数百円〜千円単位の差が出ていることがあります。

私は「先月比」を見る習慣をつけてから、無駄遣いに気づきやすくなりました。

みなさんは光熱費、どのタイミングでチェックしていますか？",💡📊,medium,implicit,
2026-08-28,21:00,setsuyaku,threads,節約,サブスク、平均5個以上契約してる人が多いらしい。私は「年1回、全部書き出して先月の利用回数がゼロなら即解約」をルール化するのが一番効くと思う派。①契約中サービスを紙に書き出す②先月使った回数を書く③ゼロなら解約、これだけで固定費は減らせる。今月見直した人、何個解約できた？,📝,high,implicit,
2026-08-28,07:00,tenshoku,threads,転職,"「今の会社が嫌」だけで転職活動を始めると、正直うまくいかないケースが多いと感じている。

私が見てきた中で、うまくいっている人には共通点があった。
・辞めたい理由より「叶えたい条件」を先に言語化している
・年収だけでなく働き方の優先順位が決まっている
・応募前の自己分析にちゃんと時間をかけている

逆に勢いだけで書類を出す人ほど、入社後にミスマッチを感じやすい印象がある。

今の転職理由、「逃げ」より「叶えたいこと」で言えてる？",💭🔍,high,implicit,
2026-08-28,12:00,tenshoku,threads,転職,"面接で給与交渉をしない人がまだ8割くらいいる気がする。
私は「交渉しない方がリスク」派。

交渉するタイミングの基準はこの3つだけ見てる。
①内定通知後、入社日確定前
②他社オファーがある場合は先に開示
③希望額は根拠（前職給与・市場相場）とセットで出す

これだけでも印象は悪くならないし、下がることはほぼない。

みんなは給与交渉、したことある派？しない派？",💬📈,high,implicit,
2026-08-28,19:00,tenshoku,threads,転職,"求人サイトの倍率が高くても、現場の実感は「買い手市場」という人が6割超えてるらしい。
私はこのギャップこそが転職活動の落とし穴だと思ってる。

『本当に人が足りてる会社』を見極める基準はこの3つ。
・面接官が2回以上変わる＝選考が慎重＝実は余裕がある可能性
・スカウトの文面が定型文か個別かで温度感が分かる
・求人票の「即日入社歓迎」は逆に警戒したほうがいい

数字だけで判断すると痛い目を見る。

このギャップ、実際に感じたことある人いる？",🔍📊,high,implicit,
2026-08-28,21:00,tenshoku,threads,転職,"私は「転職エージェント3社登録」派です。理由は単純で、求人の出方が会社によって全然違うから。
1社だけだと紹介される求人の数も業界の偏りも大きい、という声はよく聞きます。

登録前に見るべきチェックリストはこの3つ。
・得意業界（IT/メーカーなど）が自分と合っているか
・担当者の初回提案までのスピード
・面談の日程調整のしやすさ

これだけで「合わないエージェント」に時間を溶かすリスクはかなり減らせます。

みなさんは何社登録していますか？",📋,high,none,
2026-08-28,07:00,pet,threads,ペット,"ドッグフードのパッケージ、私は上位3つの原材料しか見ていません。それで十分と思う派です。
選ぶときに確認しているポイントはこの3つです。
・主原料が肉や魚など動物性たんぱくか
・添加物表記が少ないか
・年齢や体重に合わせたカロリー設計になっているか
細かい成分表より、この3点で十分な差が出ると感じています。
みなさんはフード選びで最初にどこを見ますか？",🍖🐾,high,implicit,
2026-08-28,12:00,pet,threads,ペット,"保護犬を勧めるかどうか、私は「飼い主の経験値次第」で分ける派です。
初めて犬を迎える人には、まず性格や病歴が把握しやすいブリーダーや里親会経由の子をすすめることが多いです。反対に、一度でも犬と暮らした経験がある人には、保護犬の相性の良さを伝えることが多いです。
どちらが正しいという話ではなく、経験値によって向き不向きがあると感じています。
みなさんは保護犬派・ブリーダー派、どちらですか？その理由も聞いてみたいです。",🐕💭,high,implicit,
2026-08-28,19:00,pet,threads,ペット,結論、ペットフード選びで見るべき基準は3つだけでいいと考えています。①原材料の1番目が肉・魚であること②着色料・香料が無添加であること③粒の大きさが顎の力に合っていること。それ以外の細かい成分表はあまり気にしなくていいというのが私の立場です。保存しておいて買い物のときに見返せる基準にしてもらえたら。あなたが一番重視しているポイントは①〜③のどれですか？,🐾📝,high,none,
2026-08-28,21:00,pet,threads,ペット,朝5時に起こしにくる猫は珍しくないと思っています。個人的には、これは甘えではなく「生活リズムの主張」だと捉えるのが一番しっくりきます。無理に直そうとするより、前日の夜ご飯の時間を30分後ろにずらすだけで改善したという声もよく聞きます。しつけの失敗ではなく、リズムの調整で解決できるケースが多い印象です。同じように早朝に起こされている人、どう対処してますか？,🐱⏰,medium,implicit,
2026-08-28,07:00,sleep,threads,睡眠,"結論、寝る1時間前のスマホは「明るさ」より「情報量」が問題だと思ってる。
脳が“処理待ちの情報”を抱えたまま横になると、光を落としても入眠が長引く。
私が試して良かった基準は3つだけ。
①通知は音もバイブも切る
②SNSは開いても「見る専用」にしてコメントしない
③ベッドに入ったらスマホは手の届かない場所に置く
これだけで「あれこれ考えて寝れない」時間が減った人、他にもいる？",🌙📵,high,implicit,
2026-08-28,12:00,sleep,threads,睡眠,"深部体温は入浴後90分でストンと下がる。私はこの90分ルールを知ってから、入浴時間を「寝る直前」から「寝る1.5時間前」に変えた派。
体感で変わったのはここ。
・布団に入ってからの寝つきまでの体感時間が短くなった
・夜中に一度目が覚める回数が減った気がする
入浴のタイミングを変えるだけで体感が変わった経験、ある人いる？どのくらい前に入ってる？",🛁⏰,high,implicit,
2026-08-28,19:00,sleep,threads,睡眠,"結論、寝る90分前の入浴が一番コスパがいいと思う。
深部体温が下がるタイミングで入眠すると寝つきが変わる、というのを試してから朝の目覚めが軽くなった気がする。
チェックすべきは3つだけ。
①湯温38〜40度
②浸かる時間10〜15分
③入浴後は照明を落として画面を見ない
これだけで「寝つくまでの時間」が変わる人は多いはず。
みんなは入浴と寝つきの関係、意識してる？",🛁🌙,high,implicit,
2026-08-28,21:00,sleep,threads,睡眠,"私は「起床時間固定」派。就寝時間より起きる時間を揺らさない方が睡眠の質は安定すると感じている。
休日に寝坊すると月曜がしんどくなるのは、体内時計がズレるから。
目安にしてるのはこの3つ。
・平日と休日の起床差は1時間以内
・起きたらすぐ日光を浴びる
・二度寝は15分以内で切る
シンプルだけど効果を感じやすい基準だと思う。
起床時間、みんなはどのくらいブレてる？",⏰☀️,medium,implicit,
2026-08-29,07:00,konkatsu,threads,婚活,"私は、婚活が停滞する一番の原因は「年収」より「審査モードが抜けないこと」だと思う。
最初はときめきで会っていたはずなのに、3回目あたりから急に条件確認モードに切り替わる人を何人も見てきた。
■審査モードに入っているサイン
・会話の8割が確認作業になっている
・相手の弱みより強みばかり探している
・楽しかった記憶より条件の一致率で判断している
審査を忘れられた瞬間からしか、関係は前に進まないと考えている。
最近のデートで、つい確認モードになってしまった瞬間はありましたか？",💭✅,high,implicit,
2026-08-29,12:00,konkatsu,threads,婚活,"婚活中の人の話を聞いていると、プロフ写真で一番差が出るのは加工より表情だと感じる。
結論、自己紹介文の雰囲気と写真の表情が一致していないと不成立になりやすい気がする。
■見直しポイント
・自然光で撮っているか
・口角より目が笑っているか
・年齢に見合った雰囲気か
プロフ迷子、意外と多い印象。みんなは写真何枚使ってる？",👀,medium,implicit,
2026-08-29,19:00,konkatsu,threads,婚活,"婚活で一番もったいないのは、最初の「楽しみ」が数ヶ月で「条件確認」に変わることだと思う。私は、会話の中心が年収や実家の話ばかりになったら一度立ち止まる派。

■審査モードに入っているサイン3つ
・話題の中心が「年収・職種・実家・将来設計」に偏っている
・LINEの文面が事務連絡っぽくなっている
・会う前から次の候補を探し始めている

この3つに当てはまったら、条件より「一緒にいて楽か」を見直すタイミングかもしれない。
あなたはどんな瞬間に審査モードに気づく？",💍🔍,high,implicit,
2026-08-29,21:00,konkatsu,threads,婚活,"先週、電車で隣に座った2人の会話が最後まで敬語のままだったのを見かけた。私は、3回目のデート以降も敬語や距離感が変わらない相手とは、進展が鈍いことが多いと感じている。

■距離感が縮まっているかの判断基準
・下の名前や愛称で呼べているか
・沈黙があっても気まずくないか
・LINEの返信が短文でも成立しているか

条件よりも先にこの「距離感」を見たほうが、後の失敗が減る気がしている。
あなたは何回目のデートで距離感の変化を感じる？",🚃💬,medium,implicit,
2026-08-29,07:00,sidejob,threads,副業,"結論、副業を選ぶ基準は「単価」より「再現性」だと思う。

高単価でも自分にしか売れないスキルは長続きしにくい。逆に単価が低くても、毎回同じ手順で数字が読める仕組みの方が結果的に続けやすいと感じる。

副業を選ぶ前に見るチェックリスト
・作業時間が毎回大きくブレないか
・自分が休んでも仕組みが回るか
・成果が数字で見える仕組みか

これに当てはまらない副業は、始める前に一度立ち止まった方がいいと思う。

みんなは副業選びで何を一番重視してる？",📝✅,high,implicit,
2026-08-29,12:00,sidejob,threads,副業,"丁寧に書きすぎた投稿ほど伸びない、というのは副業アカウントを見ていてよく感じること。

長文で背景から説明するより、3行で言い切る投稿の方が反応が良い印象がある。通勤時間にサッと読める分量に収まっているかどうかは、地味だけど大きな差になっている気がする。

短く言い切る投稿の型
・1行目で結論を言う
・2行目で理由をひとつだけ添える
・3行目で行動か問いで締める

丁寧に書きすぎて逆に反応が伸びなかった経験、心当たりある人いる？",✂️💭,medium,implicit,
2026-08-29,19:00,sidejob,threads,副業,"結論、初心者が最初に手を出すべき副業は「在庫を持たない系」だと考えています。
判断基準はシンプルに3つ。①初期費用1万円以下②即日撤退できる③スキマ時間で完結する。
この3条件を満たさない副業話は、契約前に一度立ち止まる価値があると思います。
あなたが今検討している副業、この基準に当てはまりますか？",📝✅,high,implicit,
2026-08-29,21:00,sidejob,threads,副業,"副業を始めて早期にやめる人に共通するのは、「完璧な準備」を先にやろうとする傾向だと感じています。
私は「まず小さく1件動いてから改善する」派です。
準備期間が長くなるほど、実行に踏み出す心理的ハードルが上がっていく現象、周りで見かけませんか？",💭🔍,medium,implicit,
2026-08-29,07:00,beauty,threads,美容,"結論、秋の乾燥対策は「化粧水の量」より「重ねる回数」がカギだと思う。
チェックしてほしいポイントは3つ。
①肌がつっぱる時間帯が朝か夜かで違うか
②メイクのヨレが増えたか
③使うアイテムを季節で変えているか
1つでも当てはまるなら、量を増やす前に重ねづけの回数を見直すのがおすすめ。
秋の乾燥、対策変えた人います？",🍂✨,high,implicit,
2026-08-29,12:00,beauty,threads,美容,"私は「毛穴パック」より「保湿の均一化」を優先する派。
乾燥した部分ほど皮脂が過剰に出て毛穴が目立ちやすくなると考えているから。
見直すポイントは2つだけ。
①Tゾーンと頬で化粧水の量を変えていないか
②夜だけ保湿して朝は省略していないか
この2つを直すだけで印象が変わったという声もよく見かける。
毛穴対策、今どうしてますか？",🔍✨,medium,implicit,
2026-08-29,19:00,beauty,threads,美容,"結論、毛穴とくすみは「隠す」より「土台から整える」ほうが長期的には楽だと思っている。
私の基準はシンプルで、①下地前に毛穴用の下地を一枚挟む②くすみは色ムラよりまず乾燥ケアを先にする③厚塗りで誤魔化す日は週1以下にする、の3つだけ。
特別な日だけ気合いを入れるより、日常の延長で整えるほうが結局続く気がしている。
あなたは「隠す派」「土台から整える派」どっち？",🧴✨,medium,implicit,
2026-08-29,21:00,beauty,threads,美容,"はっきり言うと、肌だけ頑張っても髪がパサついていると顔全体の印象がくすんで見えると思っている。
私が意識しているのは、①乾かす前にオイルを一滴つける②アイロン前も同じ工程を挟む③ディープトリートメントは週1回だけ、の3ステップだけ。
肌の透明感を仕込む前に髪のツヤを仕込んだほうが、写真の伸びが早い気がしている。
今、肌ケアと髪ケア、時間をかけているのはどっち？",💇‍♀️✨,medium,implicit,
2026-08-29,07:00,bodymake,threads,筋トレ,体重×1.5gのタンパク質量、いきなり計算しなくていい。私が続けているのは「卵1個＋納豆1パック」を毎日の食事に固定で足すだけのルール。数字を追うより“いつもの食事に1品足す”方式の方が続く気がしている。今日の食事、あと何を足せそう？,🥚,medium,implicit,
2026-08-29,12:00,bodymake,threads,筋トレ,結論、忙しい日ほど「10分メニュー」でいいと思っている。私が実践しているのはスクワット10回・腕立て10回・プランク30秒の3つだけ。完璧な60分より、ゼロの日を作らないことの方が半年後の差になる気がしている。あなたが忙しい日に削るなら、種目？時間？それとも回数？,💪🏠,high,implicit,
2026-08-29,19:00,bodymake,threads,筋トレ,私は「タイミングより合計量」派。筋トレ後30分以内にこだわるより、朝・昼・夜でタンパク質を1品ずつ足す方が結局続く。目安は卵1個・納豆1パック・ヨーグルト1個をそれぞれ別の食事に足すだけ。細かい計算より『足す習慣』を先に作る方が挫折しにくいと感じている。みんなはタイミング重視？合計量重視？,🍳⏱️,high,implicit,
2026-08-29,21:00,bodymake,threads,筋トレ,"結論、タンパク質は体重×1.2gで十分だと思っている。厳密に計算するより「今日どれだけ実行できたか」の方が重要。
続けやすさの基準は①朝に卵か納豆を1品追加②間食を加工食品からゆで卵やヨーグルトに変える③体重は2週間単位で見る、の3つだけ。
量より継続、どっちを優先してる？",🥚💪,high,implicit,
2026-08-29,07:00,education,threads,教育,"結論、テストの点数は見せてもらう派です。
点数そのものより「どこで間違えたか」を一緒に確認する材料になると考えています。
我が家で決めているチェックポイントは3つ。
①70点以下は原因を一緒に探す
②90点以上は結果より過程を一言褒める
③点数の良し悪しでその日の機嫌を変えない
見せなくていい派のご家庭は、どんな基準でやる気を守っていますか？",📊✏️,high,implicit,
2026-08-29,12:00,education,threads,教育,"結論、家庭のご褒美設計は「プロセス評価8割・結果評価2割」がちょうどいいと感じている。
テストの点数だけを見ていると、点数が伸びない時期にやる気の土台まで崩れやすい。
・机に向かった時間
・声に出して読んだ回数
・分からない問題に粘った時間
このあたりを記録して、月末にまとめて結果と紐づけるくらいが現実的だと思う。
みなさんの家庭では、どちらの比重が大きいですか？",🎯📝,high,implicit,
2026-08-29,19:00,education,threads,教育,"結論、子どもの「できない」は「まだ」に言い換えるだけで行動が変わりやすいと感じている。
言い換えの基準はシンプルに3つ。
①結果ではなく直前の行動を言葉にする
②比較は「昨日の自分」に限定する
③できたことは具体的な数字で伝える（例：10分早く着席できた）
抽象的な励ましより、この方が次の一歩につながりやすい気がする。
他に効果を感じた言い換え、あれば教えてください。",📌✨,high,implicit,
2026-08-29,21:00,education,threads,教育,"結論、プログラミングはもう『習い事の選択肢』ではなく『受験科目の準備』だと私は見ています。
情報Ⅰが共通テストに入ってから、周囲の相談内容は「楽しく触れさせたい」から「間に合わせたい」に変わってきました。
判断基準はシンプルに2段階、
・中学までに触れて型に慣れる
・高校からは演習量を増やす
この順番で考えると迷いにくいです。
みなさんはいつから対策を意識し始めましたか？",📝,high,implicit,
2026-08-29,07:00,setsuyaku,threads,節約,節約って我慢することだと思われがちだけど、私は逆だと思う派。通信・保険・サブスクみたいな固定費を一度整えれば、あとは我慢ゼロで自動的に浮き続ける。逆に食費や外食を削る方法は継続コストが高くて挫折しやすい。あなたが最初に見直すなら、通信費・保険・サブスクのどれから手をつける？,💡,medium,implicit,
2026-08-29,12:00,setsuyaku,threads,節約,"結論、ふるさと納税は9月中に済ませておくべき派です。

2026年10月から返礼品の地場産品基準が厳格化され、家電や域外加工の食品などが対象から外れる可能性があるとされています。欲しい返礼品が決まっている人ほど先延ばしは損になりやすいです。

寄付前にチェックしたい3点↓
✅ 欲しい返礼品が『地場産品基準厳格化』の対象カテゴリか確認
✅ 上限額シミュレーターで控除枠を再確認
✅ 決済方法（クレカ・キャッシュレス）でポイント上乗せがあるか比較

制度が変わるたびに『前のルールのまま』損している人、意外と多い印象です。
みなさんは今年、もう寄付済みですか？",🍤✅,high,implicit,
2026-08-29,19:00,setsuyaku,threads,節約,"結論、固定費の見直しは『通信費→保険→サブスク』の順でやるのが効率いい派です。

理由はシンプルで、通信費は一度見直せば手間なく効果が数年続くから。保険やサブスクは見直しに時間がかかる割にリターンが小さいことが多いです。

見直し前のミニチェックリスト↓
✅ 直近3ヶ月の携帯代の平均額を出す
✅ 使っていないサブスクを1つでも洗い出す
✅ 保険は『同じ保障で安いプランがないか』だけ確認

完璧を目指すと疲れて続かないので、まず1項目だけでいいと思っています。
みなさんが最初に手をつけるならどれですか？",📱💡,medium,implicit,
2026-08-29,21:00,setsuyaku,threads,節約,"結論、固定費は「通信→保険→サブスク」の順で見直すのが一番効率がいいと思っている。

理由は単純で、この3つは一度見直せば毎月ずっと効果が続くから。

見直す時に自分がチェックしてる基準はこの3つだけ。
①使ってる機能を実際に使っているか
②同条件でもっと安いプランがあるか
③解約・変更の手間が数千円以上の価値に見合うか

節約系の発信をしてると「頑張って我慢する」系のアドバイスが多いけど、個人的には我慢より仕組みを変える方がラクだし続くと感じてる。

みんなは固定費、どこから手をつけた？",💡📱,high,implicit,
2026-08-29,07:00,tenshoku,threads,転職,"結論、面接での退職理由は「ポジティブ変換一択」だと思っている。
「人間関係が嫌だった」ではなく「よりチームで成果を出せる環境を求めた」に言い換えるだけで、面接官の受け取り方は変わる、という声は多い。

言い換えの基準はシンプル。
・ネガティブワードを削る
・未来志向の言葉に変える
・具体的な行動やスキルにつなげる

これを意識するだけで、同じ経歴でも印象は大きく変わるはず。

みんなはどう言い換えてる？",💬,medium,implicit,
2026-08-29,12:00,tenshoku,threads,転職,"転職エージェントは1社より3社使う方が良いと思う。理由は求人の偏りと担当者の当たり外れをなくすため。
比較するときに見てるポイントはこの4つ。
・提案してくる求人の幅
・年収交渉の実績
・担当者の業界理解度
・面接後のフィードバックの速さ
1社だけだと『その担当者の得意分野』しか見えてこない。みなさんは何社くらい使ってますか？",📝✅,high,none,
2026-08-29,19:00,tenshoku,threads,転職,"転職理由を『人間関係』とそのまま面接で言う人は少ないと感じる。結論、本音と建前は最初から分けて整理しておいた方がいい。
・本音（自己分析用）：人間関係、給与、将来不安
・建前（面接用）：キャリアアップ、スキル活用
本音を隠すのではなく、面接用に翻訳しておくイメージ。みなさんは本音と建前、どう線引きしてますか？",🗣️🔍,high,implicit,
2026-08-29,21:00,tenshoku,threads,転職,"有効求人倍率1.18倍でも、書類選考の通過率は体感で下がっている。私は「応募数より一社ごとの準備の質」派。
最低限これだけは揃えてから出すべきだと思っている項目↓
・職務経歴書は求人票の文言に合わせて言い換える
・志望動機は「なぜこの会社か」まで踏み込む
・退職理由はネガティブ→前向きに変換して1行で言えるようにする
ここまでやって落ちるなら、応募先の相性の問題だと切り替えていい。
今の転職活動、数で勝負派？質で勝負派？",📝,high,implicit,
2026-08-29,07:00,pet,threads,ペット,"結論、犬の留守番対策は""環境""より""合図の習慣化""で決まると考えている。
チェックリスト
・出る前と帰宅後の声かけを毎回同じ言葉にする
・退屈対策グッズは3日おきに入れ替える
・室温と換気は数値で管理し感覚に頼らない
この3点を意識するだけで留守番中の様子が変わったという報告は多い。あなたの家ではどれを優先している？",🐕📝,high,none,
2026-08-29,12:00,pet,threads,ペット,"猫の1日の飲水量は体重1kgあたり50mlが目安とされている。私はこの数字を下回った日は要注意ラインだと考える派。
判断基準
・器の水は最低1日1回入れ替える
・複数の器を離れた場所に置く
・冬場は基準値を下回りやすいので温度も確認する
数字で管理すると変化に気づきやすいという声が多い。普段、水分量はどう確認してる？",🐈💧,high,none,
2026-08-29,19:00,pet,threads,ペット,犬が『ご褒美用おやつ』の匂いを嗅いだ瞬間に真顔になる瞬間、あれは表情筋より『間』で感情を伝えている証拠だと思う。結論、指示を出す前に3秒待つだけで反応がはっきり変わることが多い。急かすより『待たせる』方が実は伝わりやすいという観察、共感する飼い主さん多い印象。みなさんの子は何秒くらい待てますか？,🐶⏱️,medium,implicit,
2026-08-29,21:00,pet,threads,ペット,35℃の日、アスファルト表面温度は60℃近くまで上がることがある。結論、日中の散歩は避けて『朝5時台』か『夜9時以降』の二択でいいと思う。チェックすべきは3つだけ。①手の甲を5秒地面につけて熱くないか②肉球の色や歩き方に違和感がないか③水分補給用のボトルを常に携帯しているか。この3つを守るだけで熱中症リスクはかなり下げられる印象。みなさんは散歩の時間、いつにずらしてますか？,🌡️🐾,high,implicit,
2026-08-29,07:00,sleep,threads,睡眠,"結論、夜中に何度も目が覚めるなら“質問”より先に“室温”を疑ったほうがいいと思う。
チェックリスト
・寝室が27℃以下か
・除湿は40〜60%目安になっているか
・扇風機の風が体に直接当たっていないか
一つでも当てはまらないなら、まずそこから見直すのが近道。今の時期、何度目が覚める？",🌙💦,high,implicit,
2026-08-29,12:00,sleep,threads,睡眠,"結論、お盆休みで夜型になった人は、今が一番戻しにくい時期だと思う。
観察していると崩れがちなのはこの2パターン
・起床時間だけ元に戻して就寝時間はそのまま
・寝る前のスマホ時間だけ伸びたまま
休み明け、みんなはどう立て直してる？",🌅📱,medium,implicit,
2026-08-29,19:00,sleep,threads,睡眠,入眠までの目安は10〜20分。30分以上かかる日が続くなら、寝具より先に環境を疑ったほうがいいというのが私の考え。チェックすべきは3つだけ。①寝る1時間前のスマホ②寝室の温度③寝る直前の入浴タイミング。今の暑い時期は①②の影響が特に大きいと感じている。あなたはこの3つのうち、どれが一番崩れやすい？,🌙💤,high,implicit,
2026-08-29,21:00,sleep,threads,睡眠,結論、寝苦しい夜に安眠グッズを増やすより先にやることがある。それは『室温を下げる』の一択だと思っている。手順はシンプル。①就寝1時間前にエアコンを26〜27℃設定②寝る直前の熱いシャワーはNG、ぬるめの湯船かシャワーのみ③掛け布団は接触冷感素材に変える。この3つを順番通りにやるだけで体感はかなり変わるという声をよく見かける。今夜、この中でどれから試せそう？,🌡️😴,high,implicit,
2026-08-30,07:00,konkatsu,threads,婚活,"結論、婚活が長引く人の多くは「審査モード」に入り込んでいると感じる。条件確認から入るほど、相手も身構えて距離が縮まらない。

■審査モードに入っているサイン3つ
・初対面でいきなり年収/実家/将来設計を聞く
・沈黙が怖くて質問攻めになる
・LINEが「今度会いましょう」で止まり日程を詰めない

私は「面接官をやめた瞬間に、婚活は前に進む」派。条件を通過した先に好意があるのではなく、条件を忘れた瞬間に好意が生まれるものだと思う。

あなたは直近のデート、趣味の話に何分使えた？",💍🤔,high,implicit,
2026-08-30,12:00,konkatsu,threads,婚活,"結論、同棲の話し合いは「言葉が同じでも意味が違う」ことが多いと思う。

先日、地下鉄で隣になった20代後半くらいの2人の会話がふと耳に入った。「一緒に住もう」という同じ一言に対して、片方は現状維持のつもりで、もう片方は結婚への準備のつもりで話しているように聞こえた。

■同棲前にすり合わせておきたい3つ
・同棲のゴール（結婚時期）をいつまでに話すか
・生活費・家事の分担ルール
・将来の話題が出たときの反応を観察する

私は「同棲の意味は、言葉より態度で確認するべき」派。

あなたは同棲、通過点派？それとも結婚への準備派？",🏠💬,high,implicit,
2026-08-30,19:00,konkatsu,threads,婚活,"結論、婚活で停滞する人の多くは「審査モード」に入りすぎていると感じる。
最初は『どんな人だろう』だったのに、気づけば年収・学歴・実家の話ばかり聞いていないだろうか。
私は、条件確認より先に『素の自分が出せる相手かどうか』を見る派。
■審査モードに入っているサイン
・沈黙が怖くて質問攻めになる
・LINEが用件だけのやり取りに変わる
・会うたびに品定めされている感覚が強くなる
一つでも当てはまったら、条件リストより会話の中身を見直した方がいいと思っている。
あなたは今、どちらのモードだと思う？",💍📝,high,implicit,
2026-08-30,21:00,konkatsu,threads,婚活,"初対面から3回目のデートまでずっと敬語のまま、というのは珍しいことではないと観察している。
私は『3回目で下の名前を呼べているか』を進展の分かれ目として見ている派。
■距離感が縮まっているかのチェック
・沈黙になっても気まずくならない
・LINEの文末に絵文字や砕けた言い回しが増える
・次の予定を相手から提案してくるようになる
逆にこれが3回目を過ぎても変わらない場合、関係は仮交際のまま止まりやすいと感じている。
あなたの婚活で、距離感が変わった瞬間はどんなタイミングだった？",📏💬,medium,implicit,
2026-08-30,07:00,sidejob,threads,副業,副業アプリを3つ以上掛け持ちしてる人、正直成果が分散して伸びにくいと感じる。私は「1つに集中→一定期間で反応が出なければ乗り換え」派です。乗り換えるかどうかの判断基準は3つ。①初月に実際に手を動かした時間 ②得られた反応・問い合わせ数 ③自分の得意分野との相性。増やす前に一度この3つで立ち止まってみてほしい。あなたは掛け持ち派？集中派？,📝✅,high,implicit,
2026-08-30,12:00,sidejob,threads,副業,在宅ワークの求人、応募者の多くが単価だけを見て選んでいる印象がある。私は「継続して依頼が来るかどうか」で選ぶべき派。単価が高くても更新されない案件は結局稼働ゼロになりやすい。見るべきポイントは①募集期間の長さ ②依頼主のレビュー数 ③初回対応の速さ、の3つ。単価と継続率、どちらを優先して選んでる？,🔍,medium,none,
2026-08-30,19:00,sidejob,threads,副業,"結論、副業初心者はまず「在庫を持たない」ジャンルから始めるべきだと思っています。
挑戦してすぐ挫折する人の共通点は、初期費用を先に使いすぎることです。
私が見てきた中で続きやすかった順番はこちら👇
①スキル販売（時間さえあれば元手0円）
②アフィリエイト（在庫ゼロ・発送ゼロ）
③物販（在庫リスクあり・最後に検討）
あなたが最初に選んだのはどのタイプでしたか？",👇,high,implicit,
2026-08-30,21:00,sidejob,threads,副業,"体感、副業が続かない人の8割は「毎日投稿」を目標にしすぎていると思っています。
私は質より先に「継続できる頻度」を決める派です。
挫折しやすい人によく見られる特徴はこちら👇
・初日から気合を入れすぎる
・反応がないとすぐやめる
・比較対象がいきなり月収100万円の人
まずは週2投稿を3ヶ月続けるほうが、結果的に早く積み上がります。
今の投稿頻度、少し無理していませんか？",👇,high,implicit,
2026-08-30,07:00,beauty,threads,美容,"「盛れるコスメ」より「自分に合う色」を選んだ方が結局盛れる、と最近よく思う。
私はパーツを強調するメイクより、肌なじみ優先の似合わせ盛り派。
セルフチェックは、①ファンデを頬と顎で色比べする②チークは骨格の一番高い位置に薄く③リップは唇の血色に近い色を選ぶ、の3つだけ。
パーツ盛りで浮いていた頃より、似合わせを意識してからの方が『変わったね』と言われる気がしている。
最近メイクで意識してること、ある？",💄🪞,medium,implicit,
2026-08-30,12:00,beauty,threads,美容,"結論、今話題の「再生系成分」は成分名で選ぶより、悩み別に使い分けるほうが失敗しにくいと感じています。
見ている基準は3つ→①乾燥か赤みかで系統を選ぶ②新成分は少量から試す③3週間は変化を様子見してから判断。
情報が多い時期ほど「基準を先に決める」ほうが近道だと思うのですが、みなさんは成分選びで何を一番重視していますか？",✅🧪,high,implicit,
2026-08-30,19:00,beauty,threads,美容,"私は「攻める美容医療級ケア」より「守る土台ケア」を先に固める派です。
季節の変化で肌がゆらぐという声は美容メディアでもよく指摘されています。
土台ケアの基準は3つ→①バリアを壊さない洗顔に一時切り替え②低刺激処方を選ぶ③肌が落ち着いてから攻めケアを再開。
今の時期、攻めと守りどちらを優先していますか？",🛡️🌿,high,implicit,
2026-08-30,21:00,beauty,threads,美容,"結論、乾燥小ジワ対策は「保湿の量」より「重ねるタイミング」だと思っている。
私がチェックしている基準は3つ。
①洗顔後1分以内に化粧水を1プッシュ
②乳液は手のひらで軽く温めてから伸ばす
③夜だけ保湿量を1.5倍にする
この3つのうち、1つでもやってないと乾燥が戻りやすい印象。
みなさんは重ねるタイミング、意識してますか？",🧴💧,high,implicit,
2026-08-30,07:00,bodymake,threads,筋トレ,"筋トレより睡眠を優先する、が私の結論。追い込んだ日ほど回復が遅れている人を見ていると、そう感じる。
チェックしたいのは①就寝1時間前はスマホを置く②筋トレは就寝3時間前までに終える③入浴で深部体温を上げすぎない、の3つだけ。
あなたは何時間睡眠を目標にしてる？",😴🛏️,high,implicit,
2026-08-30,12:00,bodymake,threads,筋トレ,"結論、筋トレの伸び悩みは「追い込み不足」より「寝不足」が原因なことが多いと感じている。
📝睡眠チェックリスト
□ 就寝1時間前はスマホを触らない
□ 就寝時刻を毎日そろえる
□ 起床後にタンパク質を摂る
□ 週2回は7時間以上眠る
ここで2つ以上×がついた人は、フォーム改善より先に睡眠を整える方が結果につながりやすい気がしている。
あなたは何個当てはまった？",😴📝💪,high,none,
2026-08-30,19:00,bodymake,threads,筋トレ,"私はタイミングより「1日の合計摂取量」を優先する派です。
体重×1.6g前後を目安に朝昼晩で分けて摂る方が、30分以内のゴールデンタイムを狙うより現実的に続けられると感じている。
📋今日から試せる分け方
・朝：卵or納豆
・昼：鶏むねor魚
・夜：プロテインor豆腐
厳密さより『今日も合計は届いた』の積み重ねが継続の鍵な気がしている。
あなたはタイミング派？合計量派？",🍳📋⏱️,high,none,
2026-08-30,21:00,bodymake,threads,筋トレ,"私は「準備の手間を先に減らす」派。
・前夜にジムバッグを玄関に置く
・着替えを枕元に用意する
・補給用のドリンクを冷蔵庫に常備する
この3つだけで、朝の重い腰がかなり軽くなったという声をよく見かける。
次の朝トレ、あなたは前夜に何を準備しておく？",🎒⏰,medium,implicit,
2026-08-30,07:00,education,threads,教育,"結論、子どもの『できない』への返しは、否定せず現在地を示す一言に変えるだけで反応が変わると感じています。
私が意識しているのは3段階の言い換えです。
・否定しない→「まだ途中だね」
・現在地を示す→「ここまではできてるね」
・次に繋げる→「次はここをやってみようか」
この順番を守るだけで表情が変わることがあります。
みなさんが使っている言い換え、コメントで教えてください。",📌,high,implicit,
2026-08-30,12:00,education,threads,教育,"結論、子どもの「できない」への返しは具体性一択だと思っています。
・「まだできてないだけ」→現在地の言い換え
・「ここまでできてるね」→進捗の可視化
・「一緒に考えてみようか」→伴走宣言
保存版チェックリストとして使ってみてください。他に使っている言い換え、あれば教えてください。",📌✏️,high,implicit,
2026-08-30,19:00,education,threads,教育,"結論、子どもの「できない」への返しは、行動を主語にすると変わると思う。
私は「あなたはできない」ではなく「このやり方がまだ合ってないだけ」と伝える派です。
・成果より途中経過を認める
・他の子と比較しない基準を先に決めておく
・次の一歩だけを具体的に提案する
保存版のつもりで書きました。皆さんが実際に使ってる言い換え、どんなのがありますか？",📝,high,implicit,
2026-08-30,21:00,education,threads,教育,"結論、ロボット教室とプログラミング教室は「入り口」で選べば失敗しにくいと思う。
私は、手を動かすのが好きな子にはロボット、画面の中で完結させたい子にはプログラミングを勧める派です。
判断の目安：
・工作や分解が好き→ロボット系
・ゲームや動画を作りたい→プログラミング系
・両方好きそう→まずは両方の体験だけ受けてみる
どちらのタイプか、迷ってる人はお子さんの普段の遊び方どっちに近いですか？",🤖,high,implicit,
2026-08-30,07:00,setsuyaku,threads,節約,"ふるさと納税、毎年12月に慌てて申し込む人が多いけど、私は「夏〜秋のうちに上限額だけ計算しておく派」。

理由は、年末は返礼品の人気商品が売り切れやすいから。

上限額を計算する時に見てる項目はこれだけ。
・今年の給与収入（見込みでOK）
・扶養家族の人数
・他の控除（iDeCoやふるさと納税以外の寄付）の有無

この3つが分かれば、シミュレーターでだいたいの上限は出せる。

毎年ギリギリで焦る人、意外と多くない？",🍅📝,medium,implicit,
2026-08-30,12:00,setsuyaku,threads,節約,ふるさと納税、いまだに『返礼品ランキング』から選んでる人が多い気がする。私は先に控除上限額を計算してから探す派。手順はシンプルで、①年収から上限額を出す②米や洗剤など普段使いのカテゴリで探す③届く時期を分散させる、この3ステップだけ。年末に慌てて選ぶより今の時期に動いた方が選択肢が多い。今年もう申し込んだ人いる？,🍚📦,high,implicit,
2026-08-30,19:00,setsuyaku,threads,節約,先月のスーパー、去年と同じ買い物カゴなのに800円くらい高くなってた気がする。値上げの実感って数字にすると結構でかい。私は毎回レシートを前月分と見比べる派で、家計簿アプリより肌感覚が掴みやすいと思ってる。細かい値上げ、みんなはどの商品で一番感じてる？,🧾📈,high,implicit,
2026-08-30,21:00,setsuyaku,threads,節約,"月額3000円以上のスマホ代を払ってる人、結論そのままだと損してます。

私は「基本料＋事務手数料＋通話料」の総額でしか比較しない派です。

見るべきポイントは3つだけ。
① 直近3ヶ月の平均データ使用量（設定画面で確認）
② 通話は月何分か（かけ放題が必要か）
③ 契約時の事務手数料込みの実質月額

表面の月額だけ見て選ぶと、結局高くつくケースをよく見かけます。

みんなは乗り換えるとき、月額以外にどこ見て決めてます？",📱,high,implicit,
2026-08-30,07:00,tenshoku,threads,転職,"求職者の6割が「買い手市場」だと感じているのに、実際の有効求人倍率は高止まりしている。このギャップ、放置すると自己評価を下げすぎる原因になると思っている。
結論、求人数の多さと「自分に合う求人があるか」は別問題。
見るべきは求人票の数ではなく、応募先の中で自分の経験がそのまま活きる求人が何件あるかどうか。
数字に振り回されて動けなくなってる人、意外と多い気がする。",📊,medium,none,
2026-08-30,12:00,tenshoku,threads,転職,"年収600万円以上の人の約6割がSNS経由でスカウトを受けた経験があるらしい。
私はこの数字、思ったより低くないなと感じている。

プロフィールを整えるだけで声がかかる可能性があるなら、やらない理由がない。
最低限チェックしたいのはこの3つ。
☑ 職種・スキルが一目でわかる自己紹介文になっているか
☑ 実績は数字ベースで書けているか
☑ 発信内容に一貫性があるか

整っていない人ほど「見られている」意識が抜けている印象。

あなたのプロフィール、この3つ埋まってますか？",📈🧾,high,implicit,
2026-08-30,19:00,tenshoku,threads,転職,"転職活動で後悔するのは「情報収集を怠ったこと」より「決断を先延ばしにしたこと」だと私は思う。
情報はいくら集めても、決める基準がないと堂々巡りになる。

私が決断前に確認している基準はこの4つ。
① 給与は現状維持以上か
② 裁量権は増えるか減るか
③ 通勤・働き方の負荷は許容範囲か
④ 1年後にスキルとして残るものがあるか

全部満たさなくてもいいけど、2つ以下ならまだ動くタイミングじゃない気がしている。

この基準、あなたなら何を足しますか？",🧭✅,high,none,
2026-08-30,21:00,tenshoku,threads,転職,"第二新卒・既卒向けの転職支援をいくつか調べて、入口が「無料カウンセリング」のものと「登録だけ」のものに分かれる印象があった。

比較するときに見ていたのは3つ。
・初回が面談か、登録完了か
・条件の棚卸しが先か、求人提示が先か
・入社後の記述があるか

今の自分は、情報収集と応募のどちらが先だと思いますか？",🗂️,medium,implicit,
2026-08-30,07:00,pet,threads,ペット,"うちの猫、掃除機をかけた日は決まって半日ふてくされてる。もう3年目だけど毎回同じ反応。

私は正直、掃除機のタイミングは猫の機嫌優先派。多少部屋が汚くても、猫が隠れて出てこない時間を作らない方が結果的にストレス少ないと思ってる。

音に敏感な子への対策、うちでやってるのは
・掃除機前におやつで別室に誘導
・掃除の直前に一声かける
・終わったらすぐ横に座って様子を見る

これくらいで様子見の時間は結構減った。

みんなの子は掃除機、平気なタイプ？それとも即逃走タイプ？",🐱🧹,high,implicit,
2026-08-30,12:00,pet,threads,ペット,"月の餌代、犬猫1匹あたり5,000〜8,000円が「普通」だと思ってる。これより極端に安い場合は原材料を一度見直した方がいいと感じる。

私はコスパより「原材料の最初の3つが何か」を優先派。安さだけで選んで体調を崩された経験があるので、そこは譲れないラインにしてる。

選ぶときにチェックしてる基準はこの3つ。
① 主原料が穀物メインじゃないか
② 添加物表記がシンプルか
③ 年齢・体重に合った粒サイズか

この基準にしてから、うちの子は毛艶と便の状態が安定した。

餌選び、みんなは価格重視？成分重視？",🐾🍖,medium,implicit,
2026-08-30,19:00,pet,threads,ペット,"結論、フード選びで一番見るべきは「原材料表示の順番」だと思っている。

最初の3つに肉・魚由来のタンパク源が入っているかで、だいたいの品質は判断できる。

保存版チェックリスト↓
□ 原材料の1〜3番目にタンパク源があるか
□ 添加物の種類が多すぎないか
□ 便の状態（硬さ・匂い）が切り替え後2週間で安定したか
□ 粒の大きさが顎の力に合っているか

毎回パッケージ裏を見返すのが面倒な人向けの基準です。

みなさんはフード選びで一番重視してる項目、何ですか？",🐾📋,high,implicit,
2026-08-30,21:00,pet,threads,ペット,"猫が急に飼い主の膝から降りて、少し離れた場所で丸くなるのは「嫌い」じゃなくて「安心してる証拠」だと思っている。

ベタベタ甘えるだけが愛情表現じゃなくて、視界に入る距離で寛いでいること自体が信頼のサインというのが私の見方。

同じ空間にいるのに触れ合わない時間、うちのコだけかと思ってたけど意外とあるあるらしい。

猫飼いのみなさん、この「つかず離れず」感じたことあります？",🐈,medium,none,
2026-08-30,07:00,sleep,threads,睡眠,"結論、入浴は寝る90分前が一番効果を感じやすいと思っています。私は「90分前入浴派」。理由は体温が下がり始めるタイミングと、入眠に向かう体内リズムが噛み合うから。
今日からできる3ステップ↓
①38〜40度で10〜15分浸かる
②上がったらすぐ靴下を脱ぐ
③照明を落として画面を見ない
これだけで寝つきが変わったという声、よく見かけます。あなたは何分前派ですか？",🛁🌙,high,implicit,
2026-08-30,12:00,sleep,threads,睡眠,"室温は18〜20度が睡眠の質に一番影響すると感じています。私は「寒め設定＋厚手ブランケット派」。エアコンをタイマーで切って朝方に室温が上がり、中途覚醒するという相談が地味に多いです。
チェックリスト↓
・就寝時は18〜20度に設定
・タイマーではなく朝までつけっぱなしが安定
・掛け布団は薄手を2枚で微調整
今の寝室、何度に設定してますか？",🌡️😴,high,implicit,
2026-08-30,19:00,sleep,threads,睡眠,"結論、夜中に何度も目が覚めるのは「気にしすぎ」より先に室温と光を疑ったほうがいい派です。
目安にしているチェックはこの3つ↓
①寝る1時間前は暖色照明に切り替えているか
②布団の中の温度が高すぎないか
③起床時刻を平日休日で大きくズラしていないか
どれか当てはまる人、地味に多いはず。あなたはどれが一番怪しいと思う？",🌙💤,high,implicit,
2026-08-30,21:00,sleep,threads,睡眠,"最近「夜中に3回以上目が覚める」という声をよく見かける。私はこれ、スマホより『布団の中で考え事をする時間』の影響のほうが大きいと思っている派です。
試している人が多い対策はシンプルで、
・寝る前に『明日やること』を紙に書き出す
・布団に入ったら考え事を一旦保留にする
これだけで中途覚醒が減ったという話をよく聞きます。同じタイプの人いる？",🛌📝,medium,implicit,
2026-08-31,07:00,konkatsu,threads,婚活,"結論、婚活で本気度を見るべきは「学歴」より「質問の数」だと思う。
先週、婚活パーティー会場のロビーで順番待ちをしていた2人の会話が耳に入った。
一方はプロフィールの年収や勤務先ばかり確認し、もう一方は相手の休日の過ごし方を3つも質問していた。
■本気度が高い人に共通する質問の傾向
・相手の「好きなもの」を聞いているか
・条件確認より過去のエピソードを聞いているか
・沈黙の後も会話を続けようとしているか
条件を聞く人より、好きなものを聞く人の方が、関係が進みやすいと感じている。
直近のデートで「質問攻めだったな」と感じた瞬間、ありましたか？",🤔📝,high,implicit,
2026-08-31,12:00,konkatsu,threads,婚活,"私は、婚活が停滞する一番の原因は「年収」より「審査モードが抜けないこと」だと思う。
最初はときめきで会っていたはずなのに、3回目あたりから急に条件確認モードに切り替わる人を何人も見てきた。
■審査モードに入っているサイン
・会話の8割が確認作業になっている
・相手の弱みより強みばかり探している
・楽しかった記憶より条件の一致率で判断している
審査を忘れられた瞬間からしか、関係は前に進まないと考えている。
最近のデートで、つい確認モードになってしまった瞬間はありましたか？",💭✅,high,implicit,
2026-08-31,19:00,konkatsu,threads,婚活,"婚活中の人の話を聞いていると、プロフ写真で一番差が出るのは加工より表情だと感じる。
結論、自己紹介文の雰囲気と写真の表情が一致していないと不成立になりやすい気がする。
■見直しポイント
・自然光で撮っているか
・口角より目が笑っているか
・年齢に見合った雰囲気か
プロフ迷子、意外と多い印象。みんなは写真何枚使ってる？",👀,medium,implicit,
2026-08-31,21:00,konkatsu,threads,婚活,"婚活で一番もったいないのは、最初の「楽しみ」が数ヶ月で「条件確認」に変わることだと思う。私は、会話の中心が年収や実家の話ばかりになったら一度立ち止まる派。

■審査モードに入っているサイン3つ
・話題の中心が「年収・職種・実家・将来設計」に偏っている
・LINEの文面が事務連絡っぽくなっている
・会う前から次の候補を探し始めている

この3つに当てはまったら、条件より「一緒にいて楽か」を見直すタイミングかもしれない。
あなたはどんな瞬間に審査モードに気づく？",💍🔍,high,implicit,
2026-08-31,07:00,sidejob,threads,副業,"住民税の『20万円以下なら申告しなくていい』は、所得税だけの話。私は副業収入の金額に関わらず、住民税の申告はする派です。
確定申告のときにチェックしておきたいのはこの3点。
・確定申告書 第二表の『住民税に関する事項』欄
・徴収方法が『普通徴収』になっているか
・提出前に控えを1部残しておく
これだけで会社に知られる不安はかなり減らせます。
みなさんは毎年、どちらを選んでいますか？",🧾✅,high,none,
2026-08-31,12:00,sidejob,threads,副業,"副業アカウントが伸び悩む一番の原因は、発信テーマがブレていることだと思っています。私は『1テーマ1切り口』を徹底する派です。
見直すべきチェックはこの3つ。
・プロフィールで発信テーマが一言で伝わるか
・投稿ごとにテーマが変わっていないか
・手順や基準など保存したくなる実用情報が入っているか
これだけで反応の土台が変わることが多いです。
みなさんは発信テーマ、何で絞っていますか？",📌,medium,implicit,
2026-08-31,19:00,sidejob,threads,副業,"結論、副業は「単価の高さ」より「再現性」で選んでいい。
単価だけで案件を選ぶと、続かないケースが多い印象。
私が案件を判断する基準は次の5つ。
✅ 週5時間以内で完結するか
✅ マニュアル化できる作業か
✅ 単発でなく継続案件があるか
✅ クライアントとの連絡頻度が多すぎないか
✅ 身につくスキルが翌月以降も使い回せるか
この基準に当てはまらない案件は、単価が高くても長続きしにくいと感じています。
今やってる副業、この5つに何個当てはまりますか？",✅📝,high,implicit,
2026-08-31,21:00,sidejob,threads,副業,"体感で言うと、副業が続かない人の共通点は「毎日更新」をノルマにしていること。
逆に半年以上続けられている人ほど、最初から「週3日でいい」とハードルを下げている印象がある。
理由はシンプルで、一度更新が止まると再開のハードルが一気に上がるから。
私は投稿頻度より「破綻しない仕組み」を優先する派です。
毎日更新、まだ続けられていますか？",🗓️💭,medium,implicit,
2026-08-31,07:00,beauty,threads,美容,"肌がゆらいでいるサイン、私は3つだけ見れば十分だと思っている。
①いつもより赤みが出やすい
②化粧水がしみる
③皮膚科で「肌が薄い」と言われたことがある
どれか1つでも当てはまる人は、攻めのケア（レチノール・酸系）を毎日から週2〜3回に落として、保湿を厚めにするだけで印象が変わることが多いらしい。
攻めと守り、今どっちを優先してますか？",🌿✨,high,implicit,
2026-08-31,12:00,beauty,threads,美容,肌がゆらいでいるサインは、実は3つだけ覚えておけば十分だと思っている。①化粧水がしみる②いつもより赤みが出やすい③皮膚科で「乾燥・バリア機能が低下」と言われた。結論、1つでも当てはまったら攻めケア（レチノールや酸系）は週1〜2回まで落として、保湿を厚めにするだけで扱いやすくなる、という印象がある。今の時期、当てはまる人ってどのくらいいるんだろう？,🧴✋,high,implicit,
2026-08-31,19:00,beauty,threads,美容,"結論、スキンケアは「順番」より「温度」で変える方が肌に合うと思っている。
夏は化粧水を体温に近づけてから重ね付け、冬は乳液を早めに足して蒸発を防ぐイメージ。
チェックしたいのは①肌がつっぱる時間帯②メイクがヨレる場所③週末の肌荒れ頻度、の3つ。
1つでも当てはまったら、季節ごとに順番を見直すサインだと思う。
みんなは季節で使う順番、変えてる？",🧴☀️❄️,high,implicit,
2026-08-31,21:00,beauty,threads,美容,"レチノールは毎日より、週3〜4回+保湿多めの方が続けやすいと思っている。
肌がゆらいでいるサインは次の3つ。
①いつもより赤みが出やすい
②化粧水がしみる
③皮膚科で「乾燥・薄い」と言われたことがある
1つでも当てはまるなら、頻度を落として保湿を厚くするのも選択肢だと思う。
毎日派？休み休み派？コメントで教えて",🌙✨,high,implicit,
2026-08-31,07:00,bodymake,threads,筋トレ,結論、筋トレは週3〜4回に抑える派でいる。毎日追い込むより、部位ごとに48〜72時間の回復時間を空けたほうが、扱う重量が結果的に伸びやすいと感じている。曜日固定より「前回の筋肉痛が抜けたか」で次のトレ日を決める人が周りには多い印象。あなたは頻度、何回で回してる？,💪📅,high,implicit,
2026-08-31,12:00,bodymake,threads,筋トレ,結論、筋トレの継続力は「準備の手間を何分削れるか」で9割決まると思っている。続けられている人に共通して見えるのは①ウェアを前夜に出す②ジムバッグを玄関に置く③行った日だけカレンダーに丸をつける、の3つだけ。根性で乗り切るより仕組みを変える方が再現性が高い気がしている。あなたが取り入れてる『続く仕組み』、ひとつだけ教えて？,🗓️✅,medium,implicit,
2026-08-31,19:00,bodymake,threads,筋トレ,"結論、筋トレが続くかどうかは「最初の2週間の頻度設計」でほぼ決まると思っている。理由はシンプルで、習慣が固まる前に高頻度・高強度にすると、心身の負荷でやめやすくなるから。
続けやすい人に共通する初期設計はこの3つ。
・週2〜3回からスタートする
・同じ部位を連続で追い込まない
・「休む日」を先にカレンダーへ入れておく
この3つを外している人ほど、3週間以内に離脱しやすい印象がある。あなたは最初の2週間、どんな頻度で始めた（始める予定）？",📅💪,high,implicit,
2026-08-31,21:00,bodymake,threads,筋トレ,"「筋肉痛が出ないと効いていない」というのは半分間違いだと思っている。筋肉痛はダメージの指標であって、成長そのものの指標ではないからだ。
実際、扱う重量や回数の推移が右肩上がりなら、筋肉痛がなくても筋力・筋量は伸びているケースがある。
成長判断に使えるチェックポイントはこの3つ。
・同じ種目の重量が3週間前より伸びているか
・同じ重量でのフォームが安定してきたか
・翌日の「動ける感覚」を疲労感より重視できているか
この3つを記録し始めると、筋肉痛の有無に一喜一憂しなくなる気がしている。あなたは何を基準に伸びを判断してる？",📊🔥,high,implicit,
2026-08-31,07:00,education,threads,教育,"結論、宿題タイムは「机に向かう時間の長さ」より「始めるまでのハードルの低さ」を優先した方がうまくいくと感じている。
声かけで意識しているのは次の3つ。
①「10分だけやろう」と時間を区切る
②最初の1問だけ一緒に解く
③終わったら丸つけより先に「お疲れさま」を言う
完璧な計画より、始めやすさを優先する家庭の方が続いている印象がある。
あなたの家庭は、始める工夫と終わる工夫、どちらを重視していますか？",📝✏️,high,implicit,
2026-08-31,12:00,education,threads,教育,"私は「通知表の点数」より先に「本人が一番頑張ったと思う教科」を聞く派です。
点数だけを見ると、努力が結果に出なかった教科がどうしても目に入りにくい。
先に本人の実感を聞いてから点数を見ると、声のかけ方が変わってくる。
点数の話は、そのあとでいい。
みなさんは、点数と本人の実感、どちらを先に聞きますか？",🗣️📖,high,implicit,
2026-08-31,19:00,education,threads,教育,"通信制高校を調べると、オンラインと通学を両方持つところがあるらしい。

資料請求前に見ていた点は3つ。
・授業の受け方
・相談窓口の有無
・費用の内訳が資料で分かるか

進路の候補に、通信制は入っていますか？",📚,medium,implicit,
2026-08-31,21:00,education,threads,教育,"幼児教室と小学校受験の教室をいくつか調べると、「無料体験の予約」が入口のものがあるらしい。

体験の前に見ていた点は3つ。
・対象年齢が公開ページに書いてあるか
・体験が無料か
・受験対策の範囲がどこまでか

習い事の候補に、教室型は入っていますか？",📚,medium,implicit,
2026-08-31,07:00,setsuyaku,threads,節約,"ふるさと納税、12月にまとめてやる人が多いですが、私は「夏のうちに上限額だけ確認しておく」派です。

理由はシンプルで、年末は返礼品が品切れ・発送遅延になりやすいから。

やることは2つだけ。
① 今年の想定年収からざっくり上限額を計算
② 上限の8割くらいまでで一度申し込んでおく

『年末にまとめて選ぶ楽しさ』もわかるけど、選択肢が減ってから焦るより早めの方が結局お得だと感じます。

みなさんは毎年いつ頃やってますか？",🍅,medium,implicit,
2026-08-31,12:00,setsuyaku,threads,節約,"月の固定費が3万円台に収まるかどうかで、貯金体質は9割決まると思っている。私は結論、食費を削るより先に固定費を見直すべき派です。
見直す優先順位は①通信費②サブスク③保険④電気ガスの順が効率的。
チェックリスト
・スマホ代が月5000円を超えていないか
・使っていないサブスクが3つ以上ないか
・保険に『なんとなく』で入っていないか
固定費、最後に見直したのいつですか？",💰📝,high,implicit,
2026-08-31,19:00,setsuyaku,threads,節約,"食費を切り詰めるより、惰性で払っている固定費を削る方が続けやすいと思う。私はここ数年、食費より先に契約系の見直しから手をつける派です。
節約が続かない人に共通するのは、我慢を積み重ねて疲れてしまうこと。一度手続きすれば自動的に減る仕組みの方が挫折しにくい。
変動費と固定費、みなさんはどっちから見直しましたか？",🧾💡,medium,implicit,
2026-08-31,21:00,setsuyaku,threads,節約,"結論、節約はまず固定費から。食費を削るのは一番最後でいい。
通信費・サブスク・保険の3つは、一度見直せば効果がずっと続くのが強み。
手順はシンプル↓
1) 契約中のサブスクを全部書き出す
2) 直近1ヶ月使っていないものを解約
3) 保険の保障内容が重複していないか確認
食費や外食を我慢するより、心理的なストレスが少ないのが固定費見直しの良いところ。
みんなは固定費、最後に見直したのいつ？",🏠📝,high,implicit,
2026-08-31,07:00,tenshoku,threads,転職,"20代の転職記事を読んでいると、「職務経歴書の添削」や「模擬面接」まで書く支援と、求人紹介が中心の支援が混在している。

整理した観点:
1. 支援の範囲が公開ページに書いてあるか
2. 対象（第二新卒／既卒／フリーター）が自分と重なるか
3. 無料の範囲がどこまでか

あなたが先に確認したいのは、支援の中身と対象、どちらですか？",📝,medium,implicit,
2026-08-31,12:00,tenshoku,threads,転職,"20〜30代向けの転職エージェントをいくつか調べると、「成長企業」と書くところと「求人数」と書くところに分かれる印象があった。

比較するときに見ていたのは3つ。
・対象年齢が公開ページに書いてあるか
・入口が登録か、面談か
・無料の範囲がどこまでか

今の自分は、情報収集と応募のどちらが先だと思いますか？",🗂️,medium,implicit,
2026-08-31,19:00,tenshoku,threads,転職,"採用側の視点として、書類選考で見られやすいポイントは「年齢」だけでなく「マネジメント経験の有無」や「新しく学んでいること」だとよく言われます。

特に最近はAIなど、業務外での学習をアピールする人が増えている印象です。

保存しておくと、職務経歴書を見直すときに役立つかもしれません📝",📝,high,implicit,
2026-08-31,21:00,tenshoku,threads,転職,"「石の上にも3年」って、まだ信じてますか？
最初の会社は我慢の場所だと思っていた人ほど、体調に変化が出てから初めて気づくことが多いようです。
続けることが正解とは限らない環境、意外と多いのかもしれません。
あなたの周りにも、そんな話ありますか？",🤔💭,high,implicit,
2026-08-31,07:00,pet,threads,ペット,"結論、初心者ほど多頭飼いより先に「通院費の備え」を整えるべきだと思う。保険の有無で、通院するかどうかの判断が変わる場面をよく見かける。

【通院前チェック】
・年1回の健康診断予定はあるか
・通院費の上限額を決めているか
・持病の有無を把握しているか

これだけで「まさかの通院」への心構えがかなり変わる、というのが個人的な結論。みなさんは通院費の目安、決めていますか？",🐾🏥,medium,none,
2026-08-31,12:00,pet,threads,ペット,"うちの子が季節の変わり目にフードを残す——これ、あるあるだと思う。結論、フードを変える前にまず「量」を見直すのが先。

【原因を絞る3チェック】
1) 体重の増減
2) おやつの量
3) 運動量の変化

これで大体の原因は絞れる、というのが観察してきた実感。みなさんの子は食欲の波、どう対策してますか？",🐶🍚,medium,none,
2026-08-31,19:00,pet,threads,ペット,"ドッグフードのパッケージ、私は上位3つの原材料しか見ていません。それで十分と思う派です。
選ぶときに確認しているポイントはこの3つです。
・主原料が肉や魚など動物性たんぱくか
・添加物表記が少ないか
・年齢や体重に合わせたカロリー設計になっているか
細かい成分表より、この3点で十分な差が出ると感じています。
みなさんはフード選びで最初にどこを見ますか？",🍖🐾,high,implicit,
2026-08-31,21:00,pet,threads,ペット,"保護犬を勧めるかどうか、私は「飼い主の経験値次第」で分ける派です。
初めて犬を迎える人には、まず性格や病歴が把握しやすいブリーダーや里親会経由の子をすすめることが多いです。反対に、一度でも犬と暮らした経験がある人には、保護犬の相性の良さを伝えることが多いです。
どちらが正しいという話ではなく、経験値によって向き不向きがあると感じています。
みなさんは保護犬派・ブリーダー派、どちらですか？その理由も聞いてみたいです。",🐕💭,high,implicit,
2026-08-31,07:00,sleep,threads,睡眠,"結論、寝る前90分のスマホ断ちが一番コスパの良い睡眠改善策だと思う。

私は『デジタル門限』と呼んで人に勧めている。

やることはシンプル：
・22:30以降は通知オフ
・照明は暖色系に切り替え
・ベッドでは本かストレッチのみ

これだけで『布団に入ってからのスマホ時間』が減り、入眠までの体感時間が短くなったという声が多い。

みんなは寝る前、何時にスマホを手放してる？",📱🌙,high,implicit,
2026-08-31,12:00,sleep,threads,睡眠,"夜中に『明日ちゃんと起きられるかな』と不安になって、逆に目が冴えた経験がある人は多いはず。

私はこの手の不安は『予定への責任感の裏返し』だと思っている。だから無理に寝ようとせず、一度アラームを2つ確認するだけで安心して眠れることが多い。

完璧に寝ようとするより、『最低限起きられる保険』を作る方が結果的に眠りやすい派です。

みんなは寝る前、そういう不安どう対処してる？",⏰😌,high,none,
2026-08-31,19:00,sleep,threads,睡眠,"結論、寝る1時間前のスマホは「明るさ」より「情報量」が問題だと思ってる。
脳が“処理待ちの情報”を抱えたまま横になると、光を落としても入眠が長引く。
私が試して良かった基準は3つだけ。
①通知は音もバイブも切る
②SNSは開いても「見る専用」にしてコメントしない
③ベッドに入ったらスマホは手の届かない場所に置く
これだけで「あれこれ考えて寝れない」時間が減った人、他にもいる？",🌙📵,high,implicit,
2026-08-31,21:00,sleep,threads,睡眠,"深部体温は入浴後90分でストンと下がる。私はこの90分ルールを知ってから、入浴時間を「寝る直前」から「寝る1.5時間前」に変えた派。
体感で変わったのはここ。
・布団に入ってからの寝つきまでの体感時間が短くなった
・夜中に一度目が覚める回数が減った気がする
入浴のタイミングを変えるだけで体感が変わった経験、ある人いる？どのくらい前に入ってる？",🛁⏰,high,implicit,
2026-09-01,07:00,konkatsu,threads,婚活,"先週、電車で隣に座った2人の会話が最後まで敬語のままだったのを見かけた。私は、3回目のデート以降も敬語や距離感が変わらない相手とは、進展が鈍いことが多いと感じている。

■距離感が縮まっているかの判断基準
・下の名前や愛称で呼べているか
・沈黙があっても気まずくないか
・LINEの返信が短文でも成立しているか

条件よりも先にこの「距離感」を見たほうが、後の失敗が減る気がしている。
あなたは何回目のデートで距離感の変化を感じる？",🚃💬,medium,implicit,
2026-09-01,12:00,konkatsu,threads,婚活,"結論、婚活が長引く人の多くは「審査モード」に入り込んでいると感じる。条件確認から入るほど、相手も身構えて距離が縮まらない。

■審査モードに入っているサイン3つ
・初対面でいきなり年収/実家/将来設計を聞く
・沈黙が怖くて質問攻めになる
・LINEが「今度会いましょう」で止まり日程を詰めない

私は「面接官をやめた瞬間に、婚活は前に進む」派。条件を通過した先に好意があるのではなく、条件を忘れた瞬間に好意が生まれるものだと思う。

あなたは直近のデート、趣味の話に何分使えた？",💍🤔,high,implicit,
2026-09-01,19:00,konkatsu,threads,婚活,"結論、同棲の話し合いは「言葉が同じでも意味が違う」ことが多いと思う。

先日、地下鉄で隣になった20代後半くらいの2人の会話がふと耳に入った。「一緒に住もう」という同じ一言に対して、片方は現状維持のつもりで、もう片方は結婚への準備のつもりで話しているように聞こえた。

■同棲前にすり合わせておきたい3つ
・同棲のゴール（結婚時期）をいつまでに話すか
・生活費・家事の分担ルール
・将来の話題が出たときの反応を観察する

私は「同棲の意味は、言葉より態度で確認するべき」派。

あなたは同棲、通過点派？それとも結婚への準備派？",🏠💬,high,implicit,
2026-09-01,21:00,konkatsu,threads,婚活,"結論、婚活で停滞する人の多くは「審査モード」に入りすぎていると感じる。
最初は『どんな人だろう』だったのに、気づけば年収・学歴・実家の話ばかり聞いていないだろうか。
私は、条件確認より先に『素の自分が出せる相手かどうか』を見る派。
■審査モードに入っているサイン
・沈黙が怖くて質問攻めになる
・LINEが用件だけのやり取りに変わる
・会うたびに品定めされている感覚が強くなる
一つでも当てはまったら、条件リストより会話の中身を見直した方がいいと思っている。
あなたは今、どちらのモードだと思う？",💍📝,high,implicit,
2026-09-01,07:00,sidejob,threads,副業,"結論、副業を選ぶ基準は「単価」より「再現性」だと思う。

高単価でも自分にしか売れないスキルは長続きしにくい。逆に単価が低くても、毎回同じ手順で数字が読める仕組みの方が結果的に続けやすいと感じる。

副業を選ぶ前に見るチェックリスト
・作業時間が毎回大きくブレないか
・自分が休んでも仕組みが回るか
・成果が数字で見える仕組みか

これに当てはまらない副業は、始める前に一度立ち止まった方がいいと思う。

みんなは副業選びで何を一番重視してる？",📝✅,high,implicit,
2026-09-01,12:00,sidejob,threads,副業,"丁寧に書きすぎた投稿ほど伸びない、というのは副業アカウントを見ていてよく感じること。

長文で背景から説明するより、3行で言い切る投稿の方が反応が良い印象がある。通勤時間にサッと読める分量に収まっているかどうかは、地味だけど大きな差になっている気がする。

短く言い切る投稿の型
・1行目で結論を言う
・2行目で理由をひとつだけ添える
・3行目で行動か問いで締める

丁寧に書きすぎて逆に反応が伸びなかった経験、心当たりある人いる？",✂️💭,medium,implicit,
2026-09-01,19:00,sidejob,threads,副業,"結論、初心者が最初に手を出すべき副業は「在庫を持たない系」だと考えています。
判断基準はシンプルに3つ。①初期費用1万円以下②即日撤退できる③スキマ時間で完結する。
この3条件を満たさない副業話は、契約前に一度立ち止まる価値があると思います。
あなたが今検討している副業、この基準に当てはまりますか？",📝✅,high,implicit,
2026-09-01,21:00,sidejob,threads,副業,"副業を始めて早期にやめる人に共通するのは、「完璧な準備」を先にやろうとする傾向だと感じています。
私は「まず小さく1件動いてから改善する」派です。
準備期間が長くなるほど、実行に踏み出す心理的ハードルが上がっていく現象、周りで見かけませんか？",💭🔍,medium,implicit,
2026-09-01,07:00,beauty,threads,美容,"結論、秋の乾燥対策は「化粧水の量」より「重ねる回数」がカギだと思う。
チェックしてほしいポイントは3つ。
①肌がつっぱる時間帯が朝か夜かで違うか
②メイクのヨレが増えたか
③使うアイテムを季節で変えているか
1つでも当てはまるなら、量を増やす前に重ねづけの回数を見直すのがおすすめ。
秋の乾燥、対策変えた人います？",🍂✨,high,implicit,
2026-09-01,12:00,beauty,threads,美容,"私は「毛穴パック」より「保湿の均一化」を優先する派。
乾燥した部分ほど皮脂が過剰に出て毛穴が目立ちやすくなると考えているから。
見直すポイントは2つだけ。
①Tゾーンと頬で化粧水の量を変えていないか
②夜だけ保湿して朝は省略していないか
この2つを直すだけで印象が変わったという声もよく見かける。
毛穴対策、今どうしてますか？",🔍✨,medium,implicit,
2026-09-01,19:00,beauty,threads,美容,"結論、毛穴とくすみは「隠す」より「土台から整える」ほうが長期的には楽だと思っている。
私の基準はシンプルで、①下地前に毛穴用の下地を一枚挟む②くすみは色ムラよりまず乾燥ケアを先にする③厚塗りで誤魔化す日は週1以下にする、の3つだけ。
特別な日だけ気合いを入れるより、日常の延長で整えるほうが結局続く気がしている。
あなたは「隠す派」「土台から整える派」どっち？",🧴✨,medium,implicit,
2026-09-01,21:00,beauty,threads,美容,"はっきり言うと、肌だけ頑張っても髪がパサついていると顔全体の印象がくすんで見えると思っている。
私が意識しているのは、①乾かす前にオイルを一滴つける②アイロン前も同じ工程を挟む③ディープトリートメントは週1回だけ、の3ステップだけ。
肌の透明感を仕込む前に髪のツヤを仕込んだほうが、写真の伸びが早い気がしている。
今、肌ケアと髪ケア、時間をかけているのはどっち？",💇‍♀️✨,medium,implicit,
2026-09-01,07:00,bodymake,threads,筋トレ,"停滞期に入ったとき、種目を増やす前に見直されがちなポイントをメモ。
① 睡眠時間が最近削れていないか
② 同じ重量・回数が何週も続いていないか
③ 体重の変化に対して食事量が合っているか
この3つから確認する、という考え方があるらしい。
みんなは停滞期、まず何から見直す？
📝",📝,high,implicit,
2026-09-01,12:00,bodymake,threads,筋トレ,体重×1.5gのタンパク質量、いきなり計算しなくていい。私が続けているのは「卵1個＋納豆1パック」を毎日の食事に固定で足すだけのルール。数字を追うより“いつもの食事に1品足す”方式の方が続く気がしている。今日の食事、あと何を足せそう？,🥚,medium,implicit,
2026-09-01,19:00,bodymake,threads,筋トレ,結論、忙しい日ほど「10分メニュー」でいいと思っている。私が実践しているのはスクワット10回・腕立て10回・プランク30秒の3つだけ。完璧な60分より、ゼロの日を作らないことの方が半年後の差になる気がしている。あなたが忙しい日に削るなら、種目？時間？それとも回数？,💪🏠,high,implicit,
2026-09-01,21:00,bodymake,threads,筋トレ,私は「タイミングより合計量」派。筋トレ後30分以内にこだわるより、朝・昼・夜でタンパク質を1品ずつ足す方が結局続く。目安は卵1個・納豆1パック・ヨーグルト1個をそれぞれ別の食事に足すだけ。細かい計算より『足す習慣』を先に作る方が挫折しにくいと感じている。みんなはタイミング重視？合計量重視？,🍳⏱️,high,implicit,
2026-09-01,07:00,education,threads,教育,"夏休みの自由研究、テーマ決めから仕上げまで親がかなり伴走する家庭と、子どもにほぼ任せて見守るだけの家庭がある。完成度を重視するか、試行錯誤の過程を重視するかで自然と分かれるポイント。
あなたの家庭は伴走派？見守り派？",☀️,high,implicit,
2026-09-01,12:00,education,threads,教育,"子どもの「朝の準備」、声かけする派としない派で家庭の空気がだいぶ変わる。
毎朝リマインドして一緒に進める家庭もあれば、失敗も経験のうちと見守る家庭も。
どちらも『自分でできるようになってほしい』という気持ちは同じだけど、やり方は真逆になりがち。
あなたの家はどちら派ですか？",🕗,high,implicit,
2026-09-01,19:00,education,threads,教育,"小学生の「音読カード」、地味だけど見落としがちなポイント3つ。
①同じページを繰り返す日があっても問題なし、むしろ定着のサイン
②サインする欄は『聞いた時間帯』も一言添えると先生に伝わりやすい
③声の大きさより『区切って読めているか』の方がチェックポイントとして有効
保存しておくと役立つかもしれません。",📖,medium,implicit,
2026-09-01,21:00,education,threads,教育,"結論、宿題は低学年のうちは隣について見る派です。
理由はシンプルで、伴走ありのほうが「わからない」をその場で解消できるから。
うちで目安にしている切り替えラインはこの3つ。
①漢字の書き取りは3年生から一人でOK
②文章題は「式だけ一緒→計算は一人」に移行
③丸つけは学年関係なく一緒にやる
みなさんの家庭の切り替えラインはいつ頃でしたか？",📐📝,high,implicit,
2026-09-01,07:00,setsuyaku,threads,節約,"結論、節約で家庭がギスギスするのは『我慢の分担』がズレてるだけだと思う。
サブスクは放置なのに子どものおやつだけ削られる、みたいな家庭は意外と多い。
削る前にやっておきたいこと↓
・家族それぞれの『削れそうなもの』を出し合う
・一人にだけ我慢を集中させない
・小さな楽しみは最後まで残す
節約は根性より仕組みで続ける方が長持ちする気がしている。
うちはこうしてる、という工夫があれば教えてほしい。",👨‍👩‍👧🍰,medium,implicit,
2026-09-01,12:00,setsuyaku,threads,節約,"電気・ガス・水道の明細、先月分と見比べたことありますか？

同じ生活スタイルでも季節や使い方のクセで数百円〜千円単位の差が出ていることがあります。

私は「先月比」を見る習慣をつけてから、無駄遣いに気づきやすくなりました。

みなさんは光熱費、どのタイミングでチェックしていますか？",💡📊,medium,implicit,
2026-09-01,19:00,setsuyaku,threads,節約,サブスク、平均5個以上契約してる人が多いらしい。私は「年1回、全部書き出して先月の利用回数がゼロなら即解約」をルール化するのが一番効くと思う派。①契約中サービスを紙に書き出す②先月使った回数を書く③ゼロなら解約、これだけで固定費は減らせる。今月見直した人、何個解約できた？,📝,high,implicit,
2026-09-01,21:00,setsuyaku,threads,節約,節約って我慢することだと思われがちだけど、私は逆だと思う派。通信・保険・サブスクみたいな固定費を一度整えれば、あとは我慢ゼロで自動的に浮き続ける。逆に食費や外食を削る方法は継続コストが高くて挫折しやすい。あなたが最初に見直すなら、通信費・保険・サブスクのどれから手をつける？,💡,medium,implicit,
2026-09-01,07:00,tenshoku,threads,転職,"2026年、育児・介護休業法の改正で「小学校3年生まで時短勤務が可能」になった会社、実はまだ知られていません。
求人票だけでは分からない“制度の運用実態”こそ、会社選びで見落とされがちなポイントかもしれません。
面接で聞いてよかった質問、ある人は教えてください🙏",📋✨,high,implicit,
2026-09-01,12:00,tenshoku,threads,転職,"面接で落ちる人の多くは「逆質問」で損してると思う。
私はこれまで採用側・支援側の両方を見てきたけど、ここを軽視してる人が本当に多い。

チェックしてほしいのはこの3つ：
・給与や休暇の確認だけで終わっていないか
・入社後にどう貢献したいかを語れているか
・面接官の反応を見て一段深掘りできているか

どれか1つでも欠けると、印象は一気に薄くなる。

あなたは逆質問、何を準備してる？",📝✅,high,implicit,
2026-09-01,19:00,tenshoku,threads,転職,"「今の会社が嫌」だけで転職活動を始めると、正直うまくいかないケースが多いと感じている。

私が見てきた中で、うまくいっている人には共通点があった。
・辞めたい理由より「叶えたい条件」を先に言語化している
・年収だけでなく働き方の優先順位が決まっている
・応募前の自己分析にちゃんと時間をかけている

逆に勢いだけで書類を出す人ほど、入社後にミスマッチを感じやすい印象がある。

今の転職理由、「逃げ」より「叶えたいこと」で言えてる？",💭🔍,high,implicit,
2026-09-01,21:00,tenshoku,threads,転職,"面接で給与交渉をしない人がまだ8割くらいいる気がする。
私は「交渉しない方がリスク」派。

交渉するタイミングの基準はこの3つだけ見てる。
①内定通知後、入社日確定前
②他社オファーがある場合は先に開示
③希望額は根拠（前職給与・市場相場）とセットで出す

これだけでも印象は悪くならないし、下がることはほぼない。

みんなは給与交渉、したことある派？しない派？",💬📈,high,implicit,
2026-09-01,07:00,pet,threads,ペット,結論、ペットフード選びで見るべき基準は3つだけでいいと考えています。①原材料の1番目が肉・魚であること②着色料・香料が無添加であること③粒の大きさが顎の力に合っていること。それ以外の細かい成分表はあまり気にしなくていいというのが私の立場です。保存しておいて買い物のときに見返せる基準にしてもらえたら。あなたが一番重視しているポイントは①〜③のどれですか？,🐾📝,high,none,
2026-09-01,12:00,pet,threads,ペット,朝5時に起こしにくる猫は珍しくないと思っています。個人的には、これは甘えではなく「生活リズムの主張」だと捉えるのが一番しっくりきます。無理に直そうとするより、前日の夜ご飯の時間を30分後ろにずらすだけで改善したという声もよく聞きます。しつけの失敗ではなく、リズムの調整で解決できるケースが多い印象です。同じように早朝に起こされている人、どう対処してますか？,🐱⏰,medium,implicit,
2026-09-01,19:00,pet,threads,ペット,"結論、犬の留守番対策は""環境""より""合図の習慣化""で決まると考えている。
チェックリスト
・出る前と帰宅後の声かけを毎回同じ言葉にする
・退屈対策グッズは3日おきに入れ替える
・室温と換気は数値で管理し感覚に頼らない
この3点を意識するだけで留守番中の様子が変わったという報告は多い。あなたの家ではどれを優先している？",🐕📝,high,none,
2026-09-01,21:00,pet,threads,ペット,"猫の1日の飲水量は体重1kgあたり50mlが目安とされている。私はこの数字を下回った日は要注意ラインだと考える派。
判断基準
・器の水は最低1日1回入れ替える
・複数の器を離れた場所に置く
・冬場は基準値を下回りやすいので温度も確認する
数字で管理すると変化に気づきやすいという声が多い。普段、水分量はどう確認してる？",🐈💧,high,none,
2026-09-01,07:00,sleep,threads,睡眠,"結論、寝る90分前の入浴が一番コスパがいいと思う。
深部体温が下がるタイミングで入眠すると寝つきが変わる、というのを試してから朝の目覚めが軽くなった気がする。
チェックすべきは3つだけ。
①湯温38〜40度
②浸かる時間10〜15分
③入浴後は照明を落として画面を見ない
これだけで「寝つくまでの時間」が変わる人は多いはず。
みんなは入浴と寝つきの関係、意識してる？",🛁🌙,high,implicit,
2026-09-01,12:00,sleep,threads,睡眠,"私は「起床時間固定」派。就寝時間より起きる時間を揺らさない方が睡眠の質は安定すると感じている。
休日に寝坊すると月曜がしんどくなるのは、体内時計がズレるから。
目安にしてるのはこの3つ。
・平日と休日の起床差は1時間以内
・起きたらすぐ日光を浴びる
・二度寝は15分以内で切る
シンプルだけど効果を感じやすい基準だと思う。
起床時間、みんなはどのくらいブレてる？",⏰☀️,medium,implicit,
2026-09-01,19:00,sleep,threads,睡眠,"結論、夜中に何度も目が覚めるなら“質問”より先に“室温”を疑ったほうがいいと思う。
チェックリスト
・寝室が27℃以下か
・除湿は40〜60%目安になっているか
・扇風機の風が体に直接当たっていないか
一つでも当てはまらないなら、まずそこから見直すのが近道。今の時期、何度目が覚める？",🌙💦,high,implicit,
2026-09-01,21:00,sleep,threads,睡眠,"結論、お盆休みで夜型になった人は、今が一番戻しにくい時期だと思う。
観察していると崩れがちなのはこの2パターン
・起床時間だけ元に戻して就寝時間はそのまま
・寝る前のスマホ時間だけ伸びたまま
休み明け、みんなはどう立て直してる？",🌅📱,medium,implicit,
2026-09-02,07:00,konkatsu,threads,婚活,"初対面から3回目のデートまでずっと敬語のまま、というのは珍しいことではないと観察している。
私は『3回目で下の名前を呼べているか』を進展の分かれ目として見ている派。
■距離感が縮まっているかのチェック
・沈黙になっても気まずくならない
・LINEの文末に絵文字や砕けた言い回しが増える
・次の予定を相手から提案してくるようになる
逆にこれが3回目を過ぎても変わらない場合、関係は仮交際のまま止まりやすいと感じている。
あなたの婚活で、距離感が変わった瞬間はどんなタイミングだった？",📏💬,medium,implicit,
2026-09-02,12:00,konkatsu,threads,婚活,"結論、婚活で本気度を見るべきは「学歴」より「質問の数」だと思う。
先週、婚活パーティー会場のロビーで順番待ちをしていた2人の会話が耳に入った。
一方はプロフィールの年収や勤務先ばかり確認し、もう一方は相手の休日の過ごし方を3つも質問していた。
■本気度が高い人に共通する質問の傾向
・相手の「好きなもの」を聞いているか
・条件確認より過去のエピソードを聞いているか
・沈黙の後も会話を続けようとしているか
条件を聞く人より、好きなものを聞く人の方が、関係が進みやすいと感じている。
直近のデートで「質問攻めだったな」と感じた瞬間、ありましたか？",🤔📝,high,implicit,
2026-09-02,19:00,konkatsu,threads,婚活,"私は、婚活が停滞する一番の原因は「年収」より「審査モードが抜けないこと」だと思う。
最初はときめきで会っていたはずなのに、3回目あたりから急に条件確認モードに切り替わる人を何人も見てきた。
■審査モードに入っているサイン
・会話の8割が確認作業になっている
・相手の弱みより強みばかり探している
・楽しかった記憶より条件の一致率で判断している
審査を忘れられた瞬間からしか、関係は前に進まないと考えている。
最近のデートで、つい確認モードになってしまった瞬間はありましたか？",💭✅,high,implicit,
2026-09-02,21:00,konkatsu,threads,婚活,"婚活中の人の話を聞いていると、プロフ写真で一番差が出るのは加工より表情だと感じる。
結論、自己紹介文の雰囲気と写真の表情が一致していないと不成立になりやすい気がする。
■見直しポイント
・自然光で撮っているか
・口角より目が笑っているか
・年齢に見合った雰囲気か
プロフ迷子、意外と多い印象。みんなは写真何枚使ってる？",👀,medium,implicit,
2026-09-02,07:00,sidejob,threads,副業,副業アプリを3つ以上掛け持ちしてる人、正直成果が分散して伸びにくいと感じる。私は「1つに集中→一定期間で反応が出なければ乗り換え」派です。乗り換えるかどうかの判断基準は3つ。①初月に実際に手を動かした時間 ②得られた反応・問い合わせ数 ③自分の得意分野との相性。増やす前に一度この3つで立ち止まってみてほしい。あなたは掛け持ち派？集中派？,📝✅,high,implicit,
2026-09-02,12:00,sidejob,threads,副業,在宅ワークの求人、応募者の多くが単価だけを見て選んでいる印象がある。私は「継続して依頼が来るかどうか」で選ぶべき派。単価が高くても更新されない案件は結局稼働ゼロになりやすい。見るべきポイントは①募集期間の長さ ②依頼主のレビュー数 ③初回対応の速さ、の3つ。単価と継続率、どちらを優先して選んでる？,🔍,medium,none,
2026-09-02,19:00,sidejob,threads,副業,"結論、副業初心者はまず「在庫を持たない」ジャンルから始めるべきだと思っています。
挑戦してすぐ挫折する人の共通点は、初期費用を先に使いすぎることです。
私が見てきた中で続きやすかった順番はこちら👇
①スキル販売（時間さえあれば元手0円）
②アフィリエイト（在庫ゼロ・発送ゼロ）
③物販（在庫リスクあり・最後に検討）
あなたが最初に選んだのはどのタイプでしたか？",👇,high,implicit,
2026-09-02,21:00,sidejob,threads,副業,"体感、副業が続かない人の8割は「毎日投稿」を目標にしすぎていると思っています。
私は質より先に「継続できる頻度」を決める派です。
挫折しやすい人によく見られる特徴はこちら👇
・初日から気合を入れすぎる
・反応がないとすぐやめる
・比較対象がいきなり月収100万円の人
まずは週2投稿を3ヶ月続けるほうが、結果的に早く積み上がります。
今の投稿頻度、少し無理していませんか？",👇,high,implicit,
2026-09-02,07:00,beauty,threads,美容,"「盛れるコスメ」より「自分に合う色」を選んだ方が結局盛れる、と最近よく思う。
私はパーツを強調するメイクより、肌なじみ優先の似合わせ盛り派。
セルフチェックは、①ファンデを頬と顎で色比べする②チークは骨格の一番高い位置に薄く③リップは唇の血色に近い色を選ぶ、の3つだけ。
パーツ盛りで浮いていた頃より、似合わせを意識してからの方が『変わったね』と言われる気がしている。
最近メイクで意識してること、ある？",💄🪞,medium,implicit,
2026-09-02,12:00,beauty,threads,美容,"結論、今話題の「再生系成分」は成分名で選ぶより、悩み別に使い分けるほうが失敗しにくいと感じています。
見ている基準は3つ→①乾燥か赤みかで系統を選ぶ②新成分は少量から試す③3週間は変化を様子見してから判断。
情報が多い時期ほど「基準を先に決める」ほうが近道だと思うのですが、みなさんは成分選びで何を一番重視していますか？",✅🧪,high,implicit,
2026-09-02,19:00,beauty,threads,美容,"私は「攻める美容医療級ケア」より「守る土台ケア」を先に固める派です。
季節の変化で肌がゆらぐという声は美容メディアでもよく指摘されています。
土台ケアの基準は3つ→①バリアを壊さない洗顔に一時切り替え②低刺激処方を選ぶ③肌が落ち着いてから攻めケアを再開。
今の時期、攻めと守りどちらを優先していますか？",🛡️🌿,high,implicit,
2026-09-02,21:00,beauty,threads,美容,"結論、乾燥小ジワ対策は「保湿の量」より「重ねるタイミング」だと思っている。
私がチェックしている基準は3つ。
①洗顔後1分以内に化粧水を1プッシュ
②乳液は手のひらで軽く温めてから伸ばす
③夜だけ保湿量を1.5倍にする
この3つのうち、1つでもやってないと乾燥が戻りやすい印象。
みなさんは重ねるタイミング、意識してますか？",🧴💧,high,implicit,
2026-09-02,07:00,bodymake,threads,筋トレ,"結論、タンパク質は体重×1.2gで十分だと思っている。厳密に計算するより「今日どれだけ実行できたか」の方が重要。
続けやすさの基準は①朝に卵か納豆を1品追加②間食を加工食品からゆで卵やヨーグルトに変える③体重は2週間単位で見る、の3つだけ。
量より継続、どっちを優先してる？",🥚💪,high,implicit,
2026-09-02,12:00,bodymake,threads,筋トレ,"筋トレより睡眠を優先する、が私の結論。追い込んだ日ほど回復が遅れている人を見ていると、そう感じる。
チェックしたいのは①就寝1時間前はスマホを置く②筋トレは就寝3時間前までに終える③入浴で深部体温を上げすぎない、の3つだけ。
あなたは何時間睡眠を目標にしてる？",😴🛏️,high,implicit,
2026-09-02,19:00,bodymake,threads,筋トレ,"結論、筋トレの伸び悩みは「追い込み不足」より「寝不足」が原因なことが多いと感じている。
📝睡眠チェックリスト
□ 就寝1時間前はスマホを触らない
□ 就寝時刻を毎日そろえる
□ 起床後にタンパク質を摂る
□ 週2回は7時間以上眠る
ここで2つ以上×がついた人は、フォーム改善より先に睡眠を整える方が結果につながりやすい気がしている。
あなたは何個当てはまった？",😴📝💪,high,none,
2026-09-02,21:00,bodymake,threads,筋トレ,"私はタイミングより「1日の合計摂取量」を優先する派です。
体重×1.6g前後を目安に朝昼晩で分けて摂る方が、30分以内のゴールデンタイムを狙うより現実的に続けられると感じている。
📋今日から試せる分け方
・朝：卵or納豆
・昼：鶏むねor魚
・夜：プロテインor豆腐
厳密さより『今日も合計は届いた』の積み重ねが継続の鍵な気がしている。
あなたはタイミング派？合計量派？",🍳📋⏱️,high,none,
2026-09-02,07:00,education,threads,教育,"結論、テストの点数は見せてもらう派です。
点数そのものより「どこで間違えたか」を一緒に確認する材料になると考えています。
我が家で決めているチェックポイントは3つ。
①70点以下は原因を一緒に探す
②90点以上は結果より過程を一言褒める
③点数の良し悪しでその日の機嫌を変えない
見せなくていい派のご家庭は、どんな基準でやる気を守っていますか？",📊✏️,high,implicit,
2026-09-02,12:00,education,threads,教育,"結論、家庭のご褒美設計は「プロセス評価8割・結果評価2割」がちょうどいいと感じている。
テストの点数だけを見ていると、点数が伸びない時期にやる気の土台まで崩れやすい。
・机に向かった時間
・声に出して読んだ回数
・分からない問題に粘った時間
このあたりを記録して、月末にまとめて結果と紐づけるくらいが現実的だと思う。
みなさんの家庭では、どちらの比重が大きいですか？",🎯📝,high,implicit,
2026-09-02,19:00,education,threads,教育,"結論、子どもの「できない」は「まだ」に言い換えるだけで行動が変わりやすいと感じている。
言い換えの基準はシンプルに3つ。
①結果ではなく直前の行動を言葉にする
②比較は「昨日の自分」に限定する
③できたことは具体的な数字で伝える（例：10分早く着席できた）
抽象的な励ましより、この方が次の一歩につながりやすい気がする。
他に効果を感じた言い換え、あれば教えてください。",📌✨,high,implicit,
2026-09-02,21:00,education,threads,教育,"結論、プログラミングはもう『習い事の選択肢』ではなく『受験科目の準備』だと私は見ています。
情報Ⅰが共通テストに入ってから、周囲の相談内容は「楽しく触れさせたい」から「間に合わせたい」に変わってきました。
判断基準はシンプルに2段階、
・中学までに触れて型に慣れる
・高校からは演習量を増やす
この順番で考えると迷いにくいです。
みなさんはいつから対策を意識し始めましたか？",📝,high,implicit,
2026-09-02,07:00,setsuyaku,threads,節約,"結論、ふるさと納税は9月中に済ませておくべき派です。

2026年10月から返礼品の地場産品基準が厳格化され、家電や域外加工の食品などが対象から外れる可能性があるとされています。欲しい返礼品が決まっている人ほど先延ばしは損になりやすいです。

寄付前にチェックしたい3点↓
✅ 欲しい返礼品が『地場産品基準厳格化』の対象カテゴリか確認
✅ 上限額シミュレーターで控除枠を再確認
✅ 決済方法（クレカ・キャッシュレス）でポイント上乗せがあるか比較

制度が変わるたびに『前のルールのまま』損している人、意外と多い印象です。
みなさんは今年、もう寄付済みですか？",🍤✅,high,implicit,
2026-09-02,12:00,setsuyaku,threads,節約,"結論、固定費の見直しは『通信費→保険→サブスク』の順でやるのが効率いい派です。

理由はシンプルで、通信費は一度見直せば手間なく効果が数年続くから。保険やサブスクは見直しに時間がかかる割にリターンが小さいことが多いです。

見直し前のミニチェックリスト↓
✅ 直近3ヶ月の携帯代の平均額を出す
✅ 使っていないサブスクを1つでも洗い出す
✅ 保険は『同じ保障で安いプランがないか』だけ確認

完璧を目指すと疲れて続かないので、まず1項目だけでいいと思っています。
みなさんが最初に手をつけるならどれですか？",📱💡,medium,implicit,
2026-09-02,19:00,setsuyaku,threads,節約,"結論、固定費は「通信→保険→サブスク」の順で見直すのが一番効率がいいと思っている。

理由は単純で、この3つは一度見直せば毎月ずっと効果が続くから。

見直す時に自分がチェックしてる基準はこの3つだけ。
①使ってる機能を実際に使っているか
②同条件でもっと安いプランがあるか
③解約・変更の手間が数千円以上の価値に見合うか

節約系の発信をしてると「頑張って我慢する」系のアドバイスが多いけど、個人的には我慢より仕組みを変える方がラクだし続くと感じてる。

みんなは固定費、どこから手をつけた？",💡📱,high,implicit,
2026-09-02,21:00,setsuyaku,threads,節約,"ふるさと納税、毎年12月に慌てて申し込む人が多いけど、私は「夏〜秋のうちに上限額だけ計算しておく派」。

理由は、年末は返礼品の人気商品が売り切れやすいから。

上限額を計算する時に見てる項目はこれだけ。
・今年の給与収入（見込みでOK）
・扶養家族の人数
・他の控除（iDeCoやふるさと納税以外の寄付）の有無

この3つが分かれば、シミュレーターでだいたいの上限は出せる。

毎年ギリギリで焦る人、意外と多くない？",🍅📝,medium,implicit,
2026-09-02,07:00,tenshoku,threads,転職,"求人サイトの倍率が高くても、現場の実感は「買い手市場」という人が6割超えてるらしい。
私はこのギャップこそが転職活動の落とし穴だと思ってる。

『本当に人が足りてる会社』を見極める基準はこの3つ。
・面接官が2回以上変わる＝選考が慎重＝実は余裕がある可能性
・スカウトの文面が定型文か個別かで温度感が分かる
・求人票の「即日入社歓迎」は逆に警戒したほうがいい

数字だけで判断すると痛い目を見る。

このギャップ、実際に感じたことある人いる？",🔍📊,high,implicit,
2026-09-02,12:00,tenshoku,threads,転職,"私は「転職エージェント3社登録」派です。理由は単純で、求人の出方が会社によって全然違うから。
1社だけだと紹介される求人の数も業界の偏りも大きい、という声はよく聞きます。

登録前に見るべきチェックリストはこの3つ。
・得意業界（IT/メーカーなど）が自分と合っているか
・担当者の初回提案までのスピード
・面談の日程調整のしやすさ

これだけで「合わないエージェント」に時間を溶かすリスクはかなり減らせます。

みなさんは何社登録していますか？",📋,high,none,
2026-09-02,19:00,tenshoku,threads,転職,"結論、面接での退職理由は「ポジティブ変換一択」だと思っている。
「人間関係が嫌だった」ではなく「よりチームで成果を出せる環境を求めた」に言い換えるだけで、面接官の受け取り方は変わる、という声は多い。

言い換えの基準はシンプル。
・ネガティブワードを削る
・未来志向の言葉に変える
・具体的な行動やスキルにつなげる

これを意識するだけで、同じ経歴でも印象は大きく変わるはず。

みんなはどう言い換えてる？",💬,medium,implicit,
2026-09-02,21:00,tenshoku,threads,転職,"転職エージェントは1社より3社使う方が良いと思う。理由は求人の偏りと担当者の当たり外れをなくすため。
比較するときに見てるポイントはこの4つ。
・提案してくる求人の幅
・年収交渉の実績
・担当者の業界理解度
・面接後のフィードバックの速さ
1社だけだと『その担当者の得意分野』しか見えてこない。みなさんは何社くらい使ってますか？",📝✅,high,none,
2026-09-02,07:00,pet,threads,ペット,犬が『ご褒美用おやつ』の匂いを嗅いだ瞬間に真顔になる瞬間、あれは表情筋より『間』で感情を伝えている証拠だと思う。結論、指示を出す前に3秒待つだけで反応がはっきり変わることが多い。急かすより『待たせる』方が実は伝わりやすいという観察、共感する飼い主さん多い印象。みなさんの子は何秒くらい待てますか？,🐶⏱️,medium,implicit,
2026-09-02,12:00,pet,threads,ペット,35℃の日、アスファルト表面温度は60℃近くまで上がることがある。結論、日中の散歩は避けて『朝5時台』か『夜9時以降』の二択でいいと思う。チェックすべきは3つだけ。①手の甲を5秒地面につけて熱くないか②肉球の色や歩き方に違和感がないか③水分補給用のボトルを常に携帯しているか。この3つを守るだけで熱中症リスクはかなり下げられる印象。みなさんは散歩の時間、いつにずらしてますか？,🌡️🐾,high,implicit,
2026-09-02,19:00,pet,threads,ペット,"うちの猫、掃除機をかけた日は決まって半日ふてくされてる。もう3年目だけど毎回同じ反応。

私は正直、掃除機のタイミングは猫の機嫌優先派。多少部屋が汚くても、猫が隠れて出てこない時間を作らない方が結果的にストレス少ないと思ってる。

音に敏感な子への対策、うちでやってるのは
・掃除機前におやつで別室に誘導
・掃除の直前に一声かける
・終わったらすぐ横に座って様子を見る

これくらいで様子見の時間は結構減った。

みんなの子は掃除機、平気なタイプ？それとも即逃走タイプ？",🐱🧹,high,implicit,
2026-09-02,21:00,pet,threads,ペット,"月の餌代、犬猫1匹あたり5,000〜8,000円が「普通」だと思ってる。これより極端に安い場合は原材料を一度見直した方がいいと感じる。

私はコスパより「原材料の最初の3つが何か」を優先派。安さだけで選んで体調を崩された経験があるので、そこは譲れないラインにしてる。

選ぶときにチェックしてる基準はこの3つ。
① 主原料が穀物メインじゃないか
② 添加物表記がシンプルか
③ 年齢・体重に合った粒サイズか

この基準にしてから、うちの子は毛艶と便の状態が安定した。

餌選び、みんなは価格重視？成分重視？",🐾🍖,medium,implicit,
2026-09-02,07:00,sleep,threads,睡眠,入眠までの目安は10〜20分。30分以上かかる日が続くなら、寝具より先に環境を疑ったほうがいいというのが私の考え。チェックすべきは3つだけ。①寝る1時間前のスマホ②寝室の温度③寝る直前の入浴タイミング。今の暑い時期は①②の影響が特に大きいと感じている。あなたはこの3つのうち、どれが一番崩れやすい？,🌙💤,high,implicit,
2026-09-02,12:00,sleep,threads,睡眠,結論、寝苦しい夜に安眠グッズを増やすより先にやることがある。それは『室温を下げる』の一択だと思っている。手順はシンプル。①就寝1時間前にエアコンを26〜27℃設定②寝る直前の熱いシャワーはNG、ぬるめの湯船かシャワーのみ③掛け布団は接触冷感素材に変える。この3つを順番通りにやるだけで体感はかなり変わるという声をよく見かける。今夜、この中でどれから試せそう？,🌡️😴,high,implicit,
2026-09-02,19:00,sleep,threads,睡眠,"結論、入浴は寝る90分前が一番効果を感じやすいと思っています。私は「90分前入浴派」。理由は体温が下がり始めるタイミングと、入眠に向かう体内リズムが噛み合うから。
今日からできる3ステップ↓
①38〜40度で10〜15分浸かる
②上がったらすぐ靴下を脱ぐ
③照明を落として画面を見ない
これだけで寝つきが変わったという声、よく見かけます。あなたは何分前派ですか？",🛁🌙,high,implicit,
2026-09-02,21:00,sleep,threads,睡眠,"室温は18〜20度が睡眠の質に一番影響すると感じています。私は「寒め設定＋厚手ブランケット派」。エアコンをタイマーで切って朝方に室温が上がり、中途覚醒するという相談が地味に多いです。
チェックリスト↓
・就寝時は18〜20度に設定
・タイマーではなく朝までつけっぱなしが安定
・掛け布団は薄手を2枚で微調整
今の寝室、何度に設定してますか？",🌡️😴,high,implicit,
2026-09-03,07:00,konkatsu,threads,婚活,"婚活で一番もったいないのは、最初の「楽しみ」が数ヶ月で「条件確認」に変わることだと思う。私は、会話の中心が年収や実家の話ばかりになったら一度立ち止まる派。

■審査モードに入っているサイン3つ
・話題の中心が「年収・職種・実家・将来設計」に偏っている
・LINEの文面が事務連絡っぽくなっている
・会う前から次の候補を探し始めている

この3つに当てはまったら、条件より「一緒にいて楽か」を見直すタイミングかもしれない。
あなたはどんな瞬間に審査モードに気づく？",💍🔍,high,implicit,
2026-09-03,12:00,konkatsu,threads,婚活,"先週、電車で隣に座った2人の会話が最後まで敬語のままだったのを見かけた。私は、3回目のデート以降も敬語や距離感が変わらない相手とは、進展が鈍いことが多いと感じている。

■距離感が縮まっているかの判断基準
・下の名前や愛称で呼べているか
・沈黙があっても気まずくないか
・LINEの返信が短文でも成立しているか

条件よりも先にこの「距離感」を見たほうが、後の失敗が減る気がしている。
あなたは何回目のデートで距離感の変化を感じる？",🚃💬,medium,implicit,
2026-09-03,19:00,konkatsu,threads,婚活,"結論、婚活が長引く人の多くは「審査モード」に入り込んでいると感じる。条件確認から入るほど、相手も身構えて距離が縮まらない。

■審査モードに入っているサイン3つ
・初対面でいきなり年収/実家/将来設計を聞く
・沈黙が怖くて質問攻めになる
・LINEが「今度会いましょう」で止まり日程を詰めない

私は「面接官をやめた瞬間に、婚活は前に進む」派。条件を通過した先に好意があるのではなく、条件を忘れた瞬間に好意が生まれるものだと思う。

あなたは直近のデート、趣味の話に何分使えた？",💍🤔,high,implicit,
2026-09-03,21:00,konkatsu,threads,婚活,"結論、同棲の話し合いは「言葉が同じでも意味が違う」ことが多いと思う。

先日、地下鉄で隣になった20代後半くらいの2人の会話がふと耳に入った。「一緒に住もう」という同じ一言に対して、片方は現状維持のつもりで、もう片方は結婚への準備のつもりで話しているように聞こえた。

■同棲前にすり合わせておきたい3つ
・同棲のゴール（結婚時期）をいつまでに話すか
・生活費・家事の分担ルール
・将来の話題が出たときの反応を観察する

私は「同棲の意味は、言葉より態度で確認するべき」派。

あなたは同棲、通過点派？それとも結婚への準備派？",🏠💬,high,implicit,
2026-09-03,07:00,sidejob,threads,副業,"住民税の『20万円以下なら申告しなくていい』は、所得税だけの話。私は副業収入の金額に関わらず、住民税の申告はする派です。
確定申告のときにチェックしておきたいのはこの3点。
・確定申告書 第二表の『住民税に関する事項』欄
・徴収方法が『普通徴収』になっているか
・提出前に控えを1部残しておく
これだけで会社に知られる不安はかなり減らせます。
みなさんは毎年、どちらを選んでいますか？",🧾✅,high,none,
2026-09-03,12:00,sidejob,threads,副業,"副業アカウントが伸び悩む一番の原因は、発信テーマがブレていることだと思っています。私は『1テーマ1切り口』を徹底する派です。
見直すべきチェックはこの3つ。
・プロフィールで発信テーマが一言で伝わるか
・投稿ごとにテーマが変わっていないか
・手順や基準など保存したくなる実用情報が入っているか
これだけで反応の土台が変わることが多いです。
みなさんは発信テーマ、何で絞っていますか？",📌,medium,implicit,
2026-09-03,19:00,sidejob,threads,副業,"結論、副業は「単価の高さ」より「再現性」で選んでいい。
単価だけで案件を選ぶと、続かないケースが多い印象。
私が案件を判断する基準は次の5つ。
✅ 週5時間以内で完結するか
✅ マニュアル化できる作業か
✅ 単発でなく継続案件があるか
✅ クライアントとの連絡頻度が多すぎないか
✅ 身につくスキルが翌月以降も使い回せるか
この基準に当てはまらない案件は、単価が高くても長続きしにくいと感じています。
今やってる副業、この5つに何個当てはまりますか？",✅📝,high,implicit,
2026-09-03,21:00,sidejob,threads,副業,"体感で言うと、副業が続かない人の共通点は「毎日更新」をノルマにしていること。
逆に半年以上続けられている人ほど、最初から「週3日でいい」とハードルを下げている印象がある。
理由はシンプルで、一度更新が止まると再開のハードルが一気に上がるから。
私は投稿頻度より「破綻しない仕組み」を優先する派です。
毎日更新、まだ続けられていますか？",🗓️💭,medium,implicit,
2026-09-03,07:00,beauty,threads,美容,"肌がゆらいでいるサイン、私は3つだけ見れば十分だと思っている。
①いつもより赤みが出やすい
②化粧水がしみる
③皮膚科で「肌が薄い」と言われたことがある
どれか1つでも当てはまる人は、攻めのケア（レチノール・酸系）を毎日から週2〜3回に落として、保湿を厚めにするだけで印象が変わることが多いらしい。
攻めと守り、今どっちを優先してますか？",🌿✨,high,implicit,
2026-09-03,12:00,beauty,threads,美容,肌がゆらいでいるサインは、実は3つだけ覚えておけば十分だと思っている。①化粧水がしみる②いつもより赤みが出やすい③皮膚科で「乾燥・バリア機能が低下」と言われた。結論、1つでも当てはまったら攻めケア（レチノールや酸系）は週1〜2回まで落として、保湿を厚めにするだけで扱いやすくなる、という印象がある。今の時期、当てはまる人ってどのくらいいるんだろう？,🧴✋,high,implicit,
2026-09-03,19:00,beauty,threads,美容,"結論、スキンケアは「順番」より「温度」で変える方が肌に合うと思っている。
夏は化粧水を体温に近づけてから重ね付け、冬は乳液を早めに足して蒸発を防ぐイメージ。
チェックしたいのは①肌がつっぱる時間帯②メイクがヨレる場所③週末の肌荒れ頻度、の3つ。
1つでも当てはまったら、季節ごとに順番を見直すサインだと思う。
みんなは季節で使う順番、変えてる？",🧴☀️❄️,high,implicit,
2026-09-03,21:00,beauty,threads,美容,"レチノールは毎日より、週3〜4回+保湿多めの方が続けやすいと思っている。
肌がゆらいでいるサインは次の3つ。
①いつもより赤みが出やすい
②化粧水がしみる
③皮膚科で「乾燥・薄い」と言われたことがある
1つでも当てはまるなら、頻度を落として保湿を厚くするのも選択肢だと思う。
毎日派？休み休み派？コメントで教えて",🌙✨,high,implicit,
2026-09-03,07:00,bodymake,threads,筋トレ,"私は「準備の手間を先に減らす」派。
・前夜にジムバッグを玄関に置く
・着替えを枕元に用意する
・補給用のドリンクを冷蔵庫に常備する
この3つだけで、朝の重い腰がかなり軽くなったという声をよく見かける。
次の朝トレ、あなたは前夜に何を準備しておく？",🎒⏰,medium,implicit,
2026-09-03,12:00,bodymake,threads,筋トレ,結論、筋トレは週3〜4回に抑える派でいる。毎日追い込むより、部位ごとに48〜72時間の回復時間を空けたほうが、扱う重量が結果的に伸びやすいと感じている。曜日固定より「前回の筋肉痛が抜けたか」で次のトレ日を決める人が周りには多い印象。あなたは頻度、何回で回してる？,💪📅,high,implicit,
2026-09-03,19:00,bodymake,threads,筋トレ,結論、筋トレの継続力は「準備の手間を何分削れるか」で9割決まると思っている。続けられている人に共通して見えるのは①ウェアを前夜に出す②ジムバッグを玄関に置く③行った日だけカレンダーに丸をつける、の3つだけ。根性で乗り切るより仕組みを変える方が再現性が高い気がしている。あなたが取り入れてる『続く仕組み』、ひとつだけ教えて？,🗓️✅,medium,implicit,
2026-09-03,21:00,bodymake,threads,筋トレ,"結論、筋トレが続くかどうかは「最初の2週間の頻度設計」でほぼ決まると思っている。理由はシンプルで、習慣が固まる前に高頻度・高強度にすると、心身の負荷でやめやすくなるから。
続けやすい人に共通する初期設計はこの3つ。
・週2〜3回からスタートする
・同じ部位を連続で追い込まない
・「休む日」を先にカレンダーへ入れておく
この3つを外している人ほど、3週間以内に離脱しやすい印象がある。あなたは最初の2週間、どんな頻度で始めた（始める予定）？",📅💪,high,implicit,
2026-09-03,07:00,education,threads,教育,"結論、子どもの『できない』への返しは、否定せず現在地を示す一言に変えるだけで反応が変わると感じています。
私が意識しているのは3段階の言い換えです。
・否定しない→「まだ途中だね」
・現在地を示す→「ここまではできてるね」
・次に繋げる→「次はここをやってみようか」
この順番を守るだけで表情が変わることがあります。
みなさんが使っている言い換え、コメントで教えてください。",📌,high,implicit,
2026-09-03,12:00,education,threads,教育,"結論、子どもの「できない」への返しは具体性一択だと思っています。
・「まだできてないだけ」→現在地の言い換え
・「ここまでできてるね」→進捗の可視化
・「一緒に考えてみようか」→伴走宣言
保存版チェックリストとして使ってみてください。他に使っている言い換え、あれば教えてください。",📌✏️,high,implicit,
2026-09-03,19:00,education,threads,教育,"結論、子どもの「できない」への返しは、行動を主語にすると変わると思う。
私は「あなたはできない」ではなく「このやり方がまだ合ってないだけ」と伝える派です。
・成果より途中経過を認める
・他の子と比較しない基準を先に決めておく
・次の一歩だけを具体的に提案する
保存版のつもりで書きました。皆さんが実際に使ってる言い換え、どんなのがありますか？",📝,high,implicit,
2026-09-03,21:00,education,threads,教育,"結論、ロボット教室とプログラミング教室は「入り口」で選べば失敗しにくいと思う。
私は、手を動かすのが好きな子にはロボット、画面の中で完結させたい子にはプログラミングを勧める派です。
判断の目安：
・工作や分解が好き→ロボット系
・ゲームや動画を作りたい→プログラミング系
・両方好きそう→まずは両方の体験だけ受けてみる
どちらのタイプか、迷ってる人はお子さんの普段の遊び方どっちに近いですか？",🤖,high,implicit,
2026-09-03,07:00,setsuyaku,threads,節約,ふるさと納税、いまだに『返礼品ランキング』から選んでる人が多い気がする。私は先に控除上限額を計算してから探す派。手順はシンプルで、①年収から上限額を出す②米や洗剤など普段使いのカテゴリで探す③届く時期を分散させる、この3ステップだけ。年末に慌てて選ぶより今の時期に動いた方が選択肢が多い。今年もう申し込んだ人いる？,🍚📦,high,implicit,
2026-09-03,12:00,setsuyaku,threads,節約,先月のスーパー、去年と同じ買い物カゴなのに800円くらい高くなってた気がする。値上げの実感って数字にすると結構でかい。私は毎回レシートを前月分と見比べる派で、家計簿アプリより肌感覚が掴みやすいと思ってる。細かい値上げ、みんなはどの商品で一番感じてる？,🧾📈,high,implicit,
2026-09-03,19:00,setsuyaku,threads,節約,"月額3000円以上のスマホ代を払ってる人、結論そのままだと損してます。

私は「基本料＋事務手数料＋通話料」の総額でしか比較しない派です。

見るべきポイントは3つだけ。
① 直近3ヶ月の平均データ使用量（設定画面で確認）
② 通話は月何分か（かけ放題が必要か）
③ 契約時の事務手数料込みの実質月額

表面の月額だけ見て選ぶと、結局高くつくケースをよく見かけます。

みんなは乗り換えるとき、月額以外にどこ見て決めてます？",📱,high,implicit,
2026-09-03,21:00,setsuyaku,threads,節約,"ふるさと納税、12月にまとめてやる人が多いですが、私は「夏のうちに上限額だけ確認しておく」派です。

理由はシンプルで、年末は返礼品が品切れ・発送遅延になりやすいから。

やることは2つだけ。
① 今年の想定年収からざっくり上限額を計算
② 上限の8割くらいまでで一度申し込んでおく

『年末にまとめて選ぶ楽しさ』もわかるけど、選択肢が減ってから焦るより早めの方が結局お得だと感じます。

みなさんは毎年いつ頃やってますか？",🍅,medium,implicit,
2026-09-03,07:00,tenshoku,threads,転職,"転職理由を『人間関係』とそのまま面接で言う人は少ないと感じる。結論、本音と建前は最初から分けて整理しておいた方がいい。
・本音（自己分析用）：人間関係、給与、将来不安
・建前（面接用）：キャリアアップ、スキル活用
本音を隠すのではなく、面接用に翻訳しておくイメージ。みなさんは本音と建前、どう線引きしてますか？",🗣️🔍,high,implicit,
2026-09-03,12:00,tenshoku,threads,転職,"有効求人倍率1.18倍でも、書類選考の通過率は体感で下がっている。私は「応募数より一社ごとの準備の質」派。
最低限これだけは揃えてから出すべきだと思っている項目↓
・職務経歴書は求人票の文言に合わせて言い換える
・志望動機は「なぜこの会社か」まで踏み込む
・退職理由はネガティブ→前向きに変換して1行で言えるようにする
ここまでやって落ちるなら、応募先の相性の問題だと切り替えていい。
今の転職活動、数で勝負派？質で勝負派？",📝,high,implicit,
2026-09-03,19:00,tenshoku,threads,転職,"求職者の6割が「買い手市場」だと感じているのに、実際の有効求人倍率は高止まりしている。このギャップ、放置すると自己評価を下げすぎる原因になると思っている。
結論、求人数の多さと「自分に合う求人があるか」は別問題。
見るべきは求人票の数ではなく、応募先の中で自分の経験がそのまま活きる求人が何件あるかどうか。
数字に振り回されて動けなくなってる人、意外と多い気がする。",📊,medium,none,
2026-09-03,21:00,tenshoku,threads,転職,"年収600万円以上の人の約6割がSNS経由でスカウトを受けた経験があるらしい。
私はこの数字、思ったより低くないなと感じている。

プロフィールを整えるだけで声がかかる可能性があるなら、やらない理由がない。
最低限チェックしたいのはこの3つ。
☑ 職種・スキルが一目でわかる自己紹介文になっているか
☑ 実績は数字ベースで書けているか
☑ 発信内容に一貫性があるか

整っていない人ほど「見られている」意識が抜けている印象。

あなたのプロフィール、この3つ埋まってますか？",📈🧾,high,implicit,
2026-09-03,07:00,pet,threads,ペット,"結論、フード選びで一番見るべきは「原材料表示の順番」だと思っている。

最初の3つに肉・魚由来のタンパク源が入っているかで、だいたいの品質は判断できる。

保存版チェックリスト↓
□ 原材料の1〜3番目にタンパク源があるか
□ 添加物の種類が多すぎないか
□ 便の状態（硬さ・匂い）が切り替え後2週間で安定したか
□ 粒の大きさが顎の力に合っているか

毎回パッケージ裏を見返すのが面倒な人向けの基準です。

みなさんはフード選びで一番重視してる項目、何ですか？",🐾📋,high,implicit,
2026-09-03,12:00,pet,threads,ペット,"猫が急に飼い主の膝から降りて、少し離れた場所で丸くなるのは「嫌い」じゃなくて「安心してる証拠」だと思っている。

ベタベタ甘えるだけが愛情表現じゃなくて、視界に入る距離で寛いでいること自体が信頼のサインというのが私の見方。

同じ空間にいるのに触れ合わない時間、うちのコだけかと思ってたけど意外とあるあるらしい。

猫飼いのみなさん、この「つかず離れず」感じたことあります？",🐈,medium,none,
2026-09-03,19:00,pet,threads,ペット,"結論、初心者ほど多頭飼いより先に「通院費の備え」を整えるべきだと思う。保険の有無で、通院するかどうかの判断が変わる場面をよく見かける。

【通院前チェック】
・年1回の健康診断予定はあるか
・通院費の上限額を決めているか
・持病の有無を把握しているか

これだけで「まさかの通院」への心構えがかなり変わる、というのが個人的な結論。みなさんは通院費の目安、決めていますか？",🐾🏥,medium,none,
2026-09-03,21:00,pet,threads,ペット,"うちの子が季節の変わり目にフードを残す——これ、あるあるだと思う。結論、フードを変える前にまず「量」を見直すのが先。

【原因を絞る3チェック】
1) 体重の増減
2) おやつの量
3) 運動量の変化

これで大体の原因は絞れる、というのが観察してきた実感。みなさんの子は食欲の波、どう対策してますか？",🐶🍚,medium,none,
2026-09-03,07:00,sleep,threads,睡眠,"結論、夜中に何度も目が覚めるのは「気にしすぎ」より先に室温と光を疑ったほうがいい派です。
目安にしているチェックはこの3つ↓
①寝る1時間前は暖色照明に切り替えているか
②布団の中の温度が高すぎないか
③起床時刻を平日休日で大きくズラしていないか
どれか当てはまる人、地味に多いはず。あなたはどれが一番怪しいと思う？",🌙💤,high,implicit,
2026-09-03,12:00,sleep,threads,睡眠,"最近「夜中に3回以上目が覚める」という声をよく見かける。私はこれ、スマホより『布団の中で考え事をする時間』の影響のほうが大きいと思っている派です。
試している人が多い対策はシンプルで、
・寝る前に『明日やること』を紙に書き出す
・布団に入ったら考え事を一旦保留にする
これだけで中途覚醒が減ったという話をよく聞きます。同じタイプの人いる？",🛌📝,medium,implicit,
2026-09-03,19:00,sleep,threads,睡眠,"結論、寝る前90分のスマホ断ちが一番コスパの良い睡眠改善策だと思う。

私は『デジタル門限』と呼んで人に勧めている。

やることはシンプル：
・22:30以降は通知オフ
・照明は暖色系に切り替え
・ベッドでは本かストレッチのみ

これだけで『布団に入ってからのスマホ時間』が減り、入眠までの体感時間が短くなったという声が多い。

みんなは寝る前、何時にスマホを手放してる？",📱🌙,high,implicit,
2026-09-03,21:00,sleep,threads,睡眠,"夜中に『明日ちゃんと起きられるかな』と不安になって、逆に目が冴えた経験がある人は多いはず。

私はこの手の不安は『予定への責任感の裏返し』だと思っている。だから無理に寝ようとせず、一度アラームを2つ確認するだけで安心して眠れることが多い。

完璧に寝ようとするより、『最低限起きられる保険』を作る方が結果的に眠りやすい派です。

みんなは寝る前、そういう不安どう対処してる？",⏰😌,high,none,
2026-09-04,07:00,konkatsu,threads,婚活,"結論、婚活で停滞する人の多くは「審査モード」に入りすぎていると感じる。
最初は『どんな人だろう』だったのに、気づけば年収・学歴・実家の話ばかり聞いていないだろうか。
私は、条件確認より先に『素の自分が出せる相手かどうか』を見る派。
■審査モードに入っているサイン
・沈黙が怖くて質問攻めになる
・LINEが用件だけのやり取りに変わる
・会うたびに品定めされている感覚が強くなる
一つでも当てはまったら、条件リストより会話の中身を見直した方がいいと思っている。
あなたは今、どちらのモードだと思う？",💍📝,high,implicit,
2026-09-04,12:00,konkatsu,threads,婚活,"初対面から3回目のデートまでずっと敬語のまま、というのは珍しいことではないと観察している。
私は『3回目で下の名前を呼べているか』を進展の分かれ目として見ている派。
■距離感が縮まっているかのチェック
・沈黙になっても気まずくならない
・LINEの文末に絵文字や砕けた言い回しが増える
・次の予定を相手から提案してくるようになる
逆にこれが3回目を過ぎても変わらない場合、関係は仮交際のまま止まりやすいと感じている。
あなたの婚活で、距離感が変わった瞬間はどんなタイミングだった？",📏💬,medium,implicit,
2026-09-04,19:00,konkatsu,threads,婚活,"結論、婚活で本気度を見るべきは「学歴」より「質問の数」だと思う。
先週、婚活パーティー会場のロビーで順番待ちをしていた2人の会話が耳に入った。
一方はプロフィールの年収や勤務先ばかり確認し、もう一方は相手の休日の過ごし方を3つも質問していた。
■本気度が高い人に共通する質問の傾向
・相手の「好きなもの」を聞いているか
・条件確認より過去のエピソードを聞いているか
・沈黙の後も会話を続けようとしているか
条件を聞く人より、好きなものを聞く人の方が、関係が進みやすいと感じている。
直近のデートで「質問攻めだったな」と感じた瞬間、ありましたか？",🤔📝,high,implicit,
2026-09-04,21:00,konkatsu,threads,婚活,"私は、婚活が停滞する一番の原因は「年収」より「審査モードが抜けないこと」だと思う。
最初はときめきで会っていたはずなのに、3回目あたりから急に条件確認モードに切り替わる人を何人も見てきた。
■審査モードに入っているサイン
・会話の8割が確認作業になっている
・相手の弱みより強みばかり探している
・楽しかった記憶より条件の一致率で判断している
審査を忘れられた瞬間からしか、関係は前に進まないと考えている。
最近のデートで、つい確認モードになってしまった瞬間はありましたか？",💭✅,high,implicit,
2026-09-04,07:00,sidejob,threads,副業,"結論、副業を選ぶ基準は「単価」より「再現性」だと思う。

高単価でも自分にしか売れないスキルは長続きしにくい。逆に単価が低くても、毎回同じ手順で数字が読める仕組みの方が結果的に続けやすいと感じる。

副業を選ぶ前に見るチェックリスト
・作業時間が毎回大きくブレないか
・自分が休んでも仕組みが回るか
・成果が数字で見える仕組みか

これに当てはまらない副業は、始める前に一度立ち止まった方がいいと思う。

みんなは副業選びで何を一番重視してる？",📝✅,high,implicit,
2026-09-04,12:00,sidejob,threads,副業,"丁寧に書きすぎた投稿ほど伸びない、というのは副業アカウントを見ていてよく感じること。

長文で背景から説明するより、3行で言い切る投稿の方が反応が良い印象がある。通勤時間にサッと読める分量に収まっているかどうかは、地味だけど大きな差になっている気がする。

短く言い切る投稿の型
・1行目で結論を言う
・2行目で理由をひとつだけ添える
・3行目で行動か問いで締める

丁寧に書きすぎて逆に反応が伸びなかった経験、心当たりある人いる？",✂️💭,medium,implicit,
2026-09-04,19:00,sidejob,threads,副業,"結論、初心者が最初に手を出すべき副業は「在庫を持たない系」だと考えています。
判断基準はシンプルに3つ。①初期費用1万円以下②即日撤退できる③スキマ時間で完結する。
この3条件を満たさない副業話は、契約前に一度立ち止まる価値があると思います。
あなたが今検討している副業、この基準に当てはまりますか？",📝✅,high,implicit,
2026-09-04,21:00,sidejob,threads,副業,"副業を始めて早期にやめる人に共通するのは、「完璧な準備」を先にやろうとする傾向だと感じています。
私は「まず小さく1件動いてから改善する」派です。
準備期間が長くなるほど、実行に踏み出す心理的ハードルが上がっていく現象、周りで見かけませんか？",💭🔍,medium,implicit,
2026-09-04,07:00,beauty,threads,美容,"結論、秋の乾燥対策は「化粧水の量」より「重ねる回数」がカギだと思う。
チェックしてほしいポイントは3つ。
①肌がつっぱる時間帯が朝か夜かで違うか
②メイクのヨレが増えたか
③使うアイテムを季節で変えているか
1つでも当てはまるなら、量を増やす前に重ねづけの回数を見直すのがおすすめ。
秋の乾燥、対策変えた人います？",🍂✨,high,implicit,
2026-09-04,12:00,beauty,threads,美容,"私は「毛穴パック」より「保湿の均一化」を優先する派。
乾燥した部分ほど皮脂が過剰に出て毛穴が目立ちやすくなると考えているから。
見直すポイントは2つだけ。
①Tゾーンと頬で化粧水の量を変えていないか
②夜だけ保湿して朝は省略していないか
この2つを直すだけで印象が変わったという声もよく見かける。
毛穴対策、今どうしてますか？",🔍✨,medium,implicit,
2026-09-04,19:00,beauty,threads,美容,"結論、毛穴とくすみは「隠す」より「土台から整える」ほうが長期的には楽だと思っている。
私の基準はシンプルで、①下地前に毛穴用の下地を一枚挟む②くすみは色ムラよりまず乾燥ケアを先にする③厚塗りで誤魔化す日は週1以下にする、の3つだけ。
特別な日だけ気合いを入れるより、日常の延長で整えるほうが結局続く気がしている。
あなたは「隠す派」「土台から整える派」どっち？",🧴✨,medium,implicit,
2026-09-04,21:00,beauty,threads,美容,"はっきり言うと、肌だけ頑張っても髪がパサついていると顔全体の印象がくすんで見えると思っている。
私が意識しているのは、①乾かす前にオイルを一滴つける②アイロン前も同じ工程を挟む③ディープトリートメントは週1回だけ、の3ステップだけ。
肌の透明感を仕込む前に髪のツヤを仕込んだほうが、写真の伸びが早い気がしている。
今、肌ケアと髪ケア、時間をかけているのはどっち？",💇‍♀️✨,medium,implicit,
2026-09-04,07:00,bodymake,threads,筋トレ,"「筋肉痛が出ないと効いていない」というのは半分間違いだと思っている。筋肉痛はダメージの指標であって、成長そのものの指標ではないからだ。
実際、扱う重量や回数の推移が右肩上がりなら、筋肉痛がなくても筋力・筋量は伸びているケースがある。
成長判断に使えるチェックポイントはこの3つ。
・同じ種目の重量が3週間前より伸びているか
・同じ重量でのフォームが安定してきたか
・翌日の「動ける感覚」を疲労感より重視できているか
この3つを記録し始めると、筋肉痛の有無に一喜一憂しなくなる気がしている。あなたは何を基準に伸びを判断してる？",📊🔥,high,implicit,
2026-09-04,12:00,bodymake,threads,筋トレ,"停滞期に入ったとき、種目を増やす前に見直されがちなポイントをメモ。
① 睡眠時間が最近削れていないか
② 同じ重量・回数が何週も続いていないか
③ 体重の変化に対して食事量が合っているか
この3つから確認する、という考え方があるらしい。
みんなは停滞期、まず何から見直す？
📝",📝,high,implicit,
2026-09-04,19:00,bodymake,threads,筋トレ,体重×1.5gのタンパク質量、いきなり計算しなくていい。私が続けているのは「卵1個＋納豆1パック」を毎日の食事に固定で足すだけのルール。数字を追うより“いつもの食事に1品足す”方式の方が続く気がしている。今日の食事、あと何を足せそう？,🥚,medium,implicit,
2026-09-04,21:00,bodymake,threads,筋トレ,結論、忙しい日ほど「10分メニュー」でいいと思っている。私が実践しているのはスクワット10回・腕立て10回・プランク30秒の3つだけ。完璧な60分より、ゼロの日を作らないことの方が半年後の差になる気がしている。あなたが忙しい日に削るなら、種目？時間？それとも回数？,💪🏠,high,implicit,
2026-09-04,07:00,education,threads,教育,"結論、宿題タイムは「机に向かう時間の長さ」より「始めるまでのハードルの低さ」を優先した方がうまくいくと感じている。
声かけで意識しているのは次の3つ。
①「10分だけやろう」と時間を区切る
②最初の1問だけ一緒に解く
③終わったら丸つけより先に「お疲れさま」を言う
完璧な計画より、始めやすさを優先する家庭の方が続いている印象がある。
あなたの家庭は、始める工夫と終わる工夫、どちらを重視していますか？",📝✏️,high,implicit,
2026-09-04,12:00,education,threads,教育,"私は「通知表の点数」より先に「本人が一番頑張ったと思う教科」を聞く派です。
点数だけを見ると、努力が結果に出なかった教科がどうしても目に入りにくい。
先に本人の実感を聞いてから点数を見ると、声のかけ方が変わってくる。
点数の話は、そのあとでいい。
みなさんは、点数と本人の実感、どちらを先に聞きますか？",🗣️📖,high,implicit,
2026-09-04,19:00,education,threads,教育,"通信制高校を調べると、オンラインと通学を両方持つところがあるらしい。

資料請求前に見ていた点は3つ。
・授業の受け方
・相談窓口の有無
・費用の内訳が資料で分かるか

進路の候補に、通信制は入っていますか？",📚,medium,implicit,
2026-09-04,21:00,education,threads,教育,"幼児教室と小学校受験の教室をいくつか調べると、「無料体験の予約」が入口のものがあるらしい。

体験の前に見ていた点は3つ。
・対象年齢が公開ページに書いてあるか
・体験が無料か
・受験対策の範囲がどこまでか

習い事の候補に、教室型は入っていますか？",📚,medium,implicit,
2026-09-04,07:00,setsuyaku,threads,節約,"月の固定費が3万円台に収まるかどうかで、貯金体質は9割決まると思っている。私は結論、食費を削るより先に固定費を見直すべき派です。
見直す優先順位は①通信費②サブスク③保険④電気ガスの順が効率的。
チェックリスト
・スマホ代が月5000円を超えていないか
・使っていないサブスクが3つ以上ないか
・保険に『なんとなく』で入っていないか
固定費、最後に見直したのいつですか？",💰📝,high,implicit,
2026-09-04,12:00,setsuyaku,threads,節約,"食費を切り詰めるより、惰性で払っている固定費を削る方が続けやすいと思う。私はここ数年、食費より先に契約系の見直しから手をつける派です。
節約が続かない人に共通するのは、我慢を積み重ねて疲れてしまうこと。一度手続きすれば自動的に減る仕組みの方が挫折しにくい。
変動費と固定費、みなさんはどっちから見直しましたか？",🧾💡,medium,implicit,
2026-09-04,19:00,setsuyaku,threads,節約,"結論、節約はまず固定費から。食費を削るのは一番最後でいい。
通信費・サブスク・保険の3つは、一度見直せば効果がずっと続くのが強み。
手順はシンプル↓
1) 契約中のサブスクを全部書き出す
2) 直近1ヶ月使っていないものを解約
3) 保険の保障内容が重複していないか確認
食費や外食を我慢するより、心理的なストレスが少ないのが固定費見直しの良いところ。
みんなは固定費、最後に見直したのいつ？",🏠📝,high,implicit,
2026-09-04,21:00,setsuyaku,threads,節約,"結論、節約で家庭がギスギスするのは『我慢の分担』がズレてるだけだと思う。
サブスクは放置なのに子どものおやつだけ削られる、みたいな家庭は意外と多い。
削る前にやっておきたいこと↓
・家族それぞれの『削れそうなもの』を出し合う
・一人にだけ我慢を集中させない
・小さな楽しみは最後まで残す
節約は根性より仕組みで続ける方が長持ちする気がしている。
うちはこうしてる、という工夫があれば教えてほしい。",👨‍👩‍👧🍰,medium,implicit,
2026-09-04,07:00,tenshoku,threads,転職,"転職活動で後悔するのは「情報収集を怠ったこと」より「決断を先延ばしにしたこと」だと私は思う。
情報はいくら集めても、決める基準がないと堂々巡りになる。

私が決断前に確認している基準はこの4つ。
① 給与は現状維持以上か
② 裁量権は増えるか減るか
③ 通勤・働き方の負荷は許容範囲か
④ 1年後にスキルとして残るものがあるか

全部満たさなくてもいいけど、2つ以下ならまだ動くタイミングじゃない気がしている。

この基準、あなたなら何を足しますか？",🧭✅,high,none,
2026-09-04,12:00,tenshoku,threads,転職,"第二新卒・既卒向けの転職支援をいくつか調べて、入口が「無料カウンセリング」のものと「登録だけ」のものに分かれる印象があった。

比較するときに見ていたのは3つ。
・初回が面談か、登録完了か
・条件の棚卸しが先か、求人提示が先か
・入社後の記述があるか

今の自分は、情報収集と応募のどちらが先だと思いますか？",🗂️,medium,implicit,
2026-09-04,19:00,tenshoku,threads,転職,"20代の転職記事を読んでいると、「職務経歴書の添削」や「模擬面接」まで書く支援と、求人紹介が中心の支援が混在している。

整理した観点:
1. 支援の範囲が公開ページに書いてあるか
2. 対象（第二新卒／既卒／フリーター）が自分と重なるか
3. 無料の範囲がどこまでか

あなたが先に確認したいのは、支援の中身と対象、どちらですか？",📝,medium,implicit,
2026-09-04,21:00,tenshoku,threads,転職,"20〜30代向けの転職エージェントをいくつか調べると、「成長企業」と書くところと「求人数」と書くところに分かれる印象があった。

比較するときに見ていたのは3つ。
・対象年齢が公開ページに書いてあるか
・入口が登録か、面談か
・無料の範囲がどこまでか

今の自分は、情報収集と応募のどちらが先だと思いますか？",🗂️,medium,implicit,
2026-09-04,07:00,pet,threads,ペット,"ドッグフードのパッケージ、私は上位3つの原材料しか見ていません。それで十分と思う派です。
選ぶときに確認しているポイントはこの3つです。
・主原料が肉や魚など動物性たんぱくか
・添加物表記が少ないか
・年齢や体重に合わせたカロリー設計になっているか
細かい成分表より、この3点で十分な差が出ると感じています。
みなさんはフード選びで最初にどこを見ますか？",🍖🐾,high,implicit,
2026-09-04,12:00,pet,threads,ペット,"保護犬を勧めるかどうか、私は「飼い主の経験値次第」で分ける派です。
初めて犬を迎える人には、まず性格や病歴が把握しやすいブリーダーや里親会経由の子をすすめることが多いです。反対に、一度でも犬と暮らした経験がある人には、保護犬の相性の良さを伝えることが多いです。
どちらが正しいという話ではなく、経験値によって向き不向きがあると感じています。
みなさんは保護犬派・ブリーダー派、どちらですか？その理由も聞いてみたいです。",🐕💭,high,implicit,
2026-09-04,19:00,pet,threads,ペット,結論、ペットフード選びで見るべき基準は3つだけでいいと考えています。①原材料の1番目が肉・魚であること②着色料・香料が無添加であること③粒の大きさが顎の力に合っていること。それ以外の細かい成分表はあまり気にしなくていいというのが私の立場です。保存しておいて買い物のときに見返せる基準にしてもらえたら。あなたが一番重視しているポイントは①〜③のどれですか？,🐾📝,high,none,
2026-09-04,21:00,pet,threads,ペット,朝5時に起こしにくる猫は珍しくないと思っています。個人的には、これは甘えではなく「生活リズムの主張」だと捉えるのが一番しっくりきます。無理に直そうとするより、前日の夜ご飯の時間を30分後ろにずらすだけで改善したという声もよく聞きます。しつけの失敗ではなく、リズムの調整で解決できるケースが多い印象です。同じように早朝に起こされている人、どう対処してますか？,🐱⏰,medium,implicit,
2026-09-04,07:00,sleep,threads,睡眠,"結論、寝る1時間前のスマホは「明るさ」より「情報量」が問題だと思ってる。
脳が“処理待ちの情報”を抱えたまま横になると、光を落としても入眠が長引く。
私が試して良かった基準は3つだけ。
①通知は音もバイブも切る
②SNSは開いても「見る専用」にしてコメントしない
③ベッドに入ったらスマホは手の届かない場所に置く
これだけで「あれこれ考えて寝れない」時間が減った人、他にもいる？",🌙📵,high,implicit,
2026-09-04,12:00,sleep,threads,睡眠,"深部体温は入浴後90分でストンと下がる。私はこの90分ルールを知ってから、入浴時間を「寝る直前」から「寝る1.5時間前」に変えた派。
体感で変わったのはここ。
・布団に入ってからの寝つきまでの体感時間が短くなった
・夜中に一度目が覚める回数が減った気がする
入浴のタイミングを変えるだけで体感が変わった経験、ある人いる？どのくらい前に入ってる？",🛁⏰,high,implicit,
2026-09-04,19:00,sleep,threads,睡眠,"結論、寝る90分前の入浴が一番コスパがいいと思う。
深部体温が下がるタイミングで入眠すると寝つきが変わる、というのを試してから朝の目覚めが軽くなった気がする。
チェックすべきは3つだけ。
①湯温38〜40度
②浸かる時間10〜15分
③入浴後は照明を落として画面を見ない
これだけで「寝つくまでの時間」が変わる人は多いはず。
みんなは入浴と寝つきの関係、意識してる？",🛁🌙,high,implicit,
2026-09-04,21:00,sleep,threads,睡眠,"私は「起床時間固定」派。就寝時間より起きる時間を揺らさない方が睡眠の質は安定すると感じている。
休日に寝坊すると月曜がしんどくなるのは、体内時計がズレるから。
目安にしてるのはこの3つ。
・平日と休日の起床差は1時間以内
・起きたらすぐ日光を浴びる
・二度寝は15分以内で切る
シンプルだけど効果を感じやすい基準だと思う。
起床時間、みんなはどのくらいブレてる？",⏰☀️,medium,implicit,
2026-09-05,07:00,konkatsu,threads,婚活,"婚活中の人の話を聞いていると、プロフ写真で一番差が出るのは加工より表情だと感じる。
結論、自己紹介文の雰囲気と写真の表情が一致していないと不成立になりやすい気がする。
■見直しポイント
・自然光で撮っているか
・口角より目が笑っているか
・年齢に見合った雰囲気か
プロフ迷子、意外と多い印象。みんなは写真何枚使ってる？",👀,medium,implicit,
2026-09-05,12:00,konkatsu,threads,婚活,"婚活で一番もったいないのは、最初の「楽しみ」が数ヶ月で「条件確認」に変わることだと思う。私は、会話の中心が年収や実家の話ばかりになったら一度立ち止まる派。

■審査モードに入っているサイン3つ
・話題の中心が「年収・職種・実家・将来設計」に偏っている
・LINEの文面が事務連絡っぽくなっている
・会う前から次の候補を探し始めている

この3つに当てはまったら、条件より「一緒にいて楽か」を見直すタイミングかもしれない。
あなたはどんな瞬間に審査モードに気づく？",💍🔍,high,implicit,
2026-09-05,19:00,konkatsu,threads,婚活,"先週、電車で隣に座った2人の会話が最後まで敬語のままだったのを見かけた。私は、3回目のデート以降も敬語や距離感が変わらない相手とは、進展が鈍いことが多いと感じている。

■距離感が縮まっているかの判断基準
・下の名前や愛称で呼べているか
・沈黙があっても気まずくないか
・LINEの返信が短文でも成立しているか

条件よりも先にこの「距離感」を見たほうが、後の失敗が減る気がしている。
あなたは何回目のデートで距離感の変化を感じる？",🚃💬,medium,implicit,
2026-09-05,21:00,konkatsu,threads,婚活,"結論、婚活が長引く人の多くは「審査モード」に入り込んでいると感じる。条件確認から入るほど、相手も身構えて距離が縮まらない。

■審査モードに入っているサイン3つ
・初対面でいきなり年収/実家/将来設計を聞く
・沈黙が怖くて質問攻めになる
・LINEが「今度会いましょう」で止まり日程を詰めない

私は「面接官をやめた瞬間に、婚活は前に進む」派。条件を通過した先に好意があるのではなく、条件を忘れた瞬間に好意が生まれるものだと思う。

あなたは直近のデート、趣味の話に何分使えた？",💍🤔,high,implicit,
2026-09-05,07:00,sidejob,threads,副業,副業アプリを3つ以上掛け持ちしてる人、正直成果が分散して伸びにくいと感じる。私は「1つに集中→一定期間で反応が出なければ乗り換え」派です。乗り換えるかどうかの判断基準は3つ。①初月に実際に手を動かした時間 ②得られた反応・問い合わせ数 ③自分の得意分野との相性。増やす前に一度この3つで立ち止まってみてほしい。あなたは掛け持ち派？集中派？,📝✅,high,implicit,
2026-09-05,12:00,sidejob,threads,副業,在宅ワークの求人、応募者の多くが単価だけを見て選んでいる印象がある。私は「継続して依頼が来るかどうか」で選ぶべき派。単価が高くても更新されない案件は結局稼働ゼロになりやすい。見るべきポイントは①募集期間の長さ ②依頼主のレビュー数 ③初回対応の速さ、の3つ。単価と継続率、どちらを優先して選んでる？,🔍,medium,none,
2026-09-05,19:00,sidejob,threads,副業,"結論、副業初心者はまず「在庫を持たない」ジャンルから始めるべきだと思っています。
挑戦してすぐ挫折する人の共通点は、初期費用を先に使いすぎることです。
私が見てきた中で続きやすかった順番はこちら👇
①スキル販売（時間さえあれば元手0円）
②アフィリエイト（在庫ゼロ・発送ゼロ）
③物販（在庫リスクあり・最後に検討）
あなたが最初に選んだのはどのタイプでしたか？",👇,high,implicit,
2026-09-05,21:00,sidejob,threads,副業,"体感、副業が続かない人の8割は「毎日投稿」を目標にしすぎていると思っています。
私は質より先に「継続できる頻度」を決める派です。
挫折しやすい人によく見られる特徴はこちら👇
・初日から気合を入れすぎる
・反応がないとすぐやめる
・比較対象がいきなり月収100万円の人
まずは週2投稿を3ヶ月続けるほうが、結果的に早く積み上がります。
今の投稿頻度、少し無理していませんか？",👇,high,implicit,
2026-09-05,07:00,beauty,threads,美容,"「盛れるコスメ」より「自分に合う色」を選んだ方が結局盛れる、と最近よく思う。
私はパーツを強調するメイクより、肌なじみ優先の似合わせ盛り派。
セルフチェックは、①ファンデを頬と顎で色比べする②チークは骨格の一番高い位置に薄く③リップは唇の血色に近い色を選ぶ、の3つだけ。
パーツ盛りで浮いていた頃より、似合わせを意識してからの方が『変わったね』と言われる気がしている。
最近メイクで意識してること、ある？",💄🪞,medium,implicit,
2026-09-05,12:00,beauty,threads,美容,"結論、今話題の「再生系成分」は成分名で選ぶより、悩み別に使い分けるほうが失敗しにくいと感じています。
見ている基準は3つ→①乾燥か赤みかで系統を選ぶ②新成分は少量から試す③3週間は変化を様子見してから判断。
情報が多い時期ほど「基準を先に決める」ほうが近道だと思うのですが、みなさんは成分選びで何を一番重視していますか？",✅🧪,high,implicit,
2026-09-05,19:00,beauty,threads,美容,"私は「攻める美容医療級ケア」より「守る土台ケア」を先に固める派です。
季節の変化で肌がゆらぐという声は美容メディアでもよく指摘されています。
土台ケアの基準は3つ→①バリアを壊さない洗顔に一時切り替え②低刺激処方を選ぶ③肌が落ち着いてから攻めケアを再開。
今の時期、攻めと守りどちらを優先していますか？",🛡️🌿,high,implicit,
2026-09-05,21:00,beauty,threads,美容,"結論、乾燥小ジワ対策は「保湿の量」より「重ねるタイミング」だと思っている。
私がチェックしている基準は3つ。
①洗顔後1分以内に化粧水を1プッシュ
②乳液は手のひらで軽く温めてから伸ばす
③夜だけ保湿量を1.5倍にする
この3つのうち、1つでもやってないと乾燥が戻りやすい印象。
みなさんは重ねるタイミング、意識してますか？",🧴💧,high,implicit,
2026-09-05,07:00,bodymake,threads,筋トレ,私は「タイミングより合計量」派。筋トレ後30分以内にこだわるより、朝・昼・夜でタンパク質を1品ずつ足す方が結局続く。目安は卵1個・納豆1パック・ヨーグルト1個をそれぞれ別の食事に足すだけ。細かい計算より『足す習慣』を先に作る方が挫折しにくいと感じている。みんなはタイミング重視？合計量重視？,🍳⏱️,high,implicit,
2026-09-05,12:00,bodymake,threads,筋トレ,"結論、タンパク質は体重×1.2gで十分だと思っている。厳密に計算するより「今日どれだけ実行できたか」の方が重要。
続けやすさの基準は①朝に卵か納豆を1品追加②間食を加工食品からゆで卵やヨーグルトに変える③体重は2週間単位で見る、の3つだけ。
量より継続、どっちを優先してる？",🥚💪,high,implicit,
2026-09-05,19:00,bodymake,threads,筋トレ,"筋トレより睡眠を優先する、が私の結論。追い込んだ日ほど回復が遅れている人を見ていると、そう感じる。
チェックしたいのは①就寝1時間前はスマホを置く②筋トレは就寝3時間前までに終える③入浴で深部体温を上げすぎない、の3つだけ。
あなたは何時間睡眠を目標にしてる？",😴🛏️,high,implicit,
2026-09-05,21:00,bodymake,threads,筋トレ,"結論、筋トレの伸び悩みは「追い込み不足」より「寝不足」が原因なことが多いと感じている。
📝睡眠チェックリスト
□ 就寝1時間前はスマホを触らない
□ 就寝時刻を毎日そろえる
□ 起床後にタンパク質を摂る
□ 週2回は7時間以上眠る
ここで2つ以上×がついた人は、フォーム改善より先に睡眠を整える方が結果につながりやすい気がしている。
あなたは何個当てはまった？",😴📝💪,high,none,
2026-09-05,07:00,education,threads,教育,"夏休みの自由研究、テーマ決めから仕上げまで親がかなり伴走する家庭と、子どもにほぼ任せて見守るだけの家庭がある。完成度を重視するか、試行錯誤の過程を重視するかで自然と分かれるポイント。
あなたの家庭は伴走派？見守り派？",☀️,high,implicit,
2026-09-05,12:00,education,threads,教育,"子どもの「朝の準備」、声かけする派としない派で家庭の空気がだいぶ変わる。
毎朝リマインドして一緒に進める家庭もあれば、失敗も経験のうちと見守る家庭も。
どちらも『自分でできるようになってほしい』という気持ちは同じだけど、やり方は真逆になりがち。
あなたの家はどちら派ですか？",🕗,high,implicit,
2026-09-05,19:00,education,threads,教育,"小学生の「音読カード」、地味だけど見落としがちなポイント3つ。
①同じページを繰り返す日があっても問題なし、むしろ定着のサイン
②サインする欄は『聞いた時間帯』も一言添えると先生に伝わりやすい
③声の大きさより『区切って読めているか』の方がチェックポイントとして有効
保存しておくと役立つかもしれません。",📖,medium,implicit,
2026-09-05,21:00,education,threads,教育,"結論、宿題は低学年のうちは隣について見る派です。
理由はシンプルで、伴走ありのほうが「わからない」をその場で解消できるから。
うちで目安にしている切り替えラインはこの3つ。
①漢字の書き取りは3年生から一人でOK
②文章題は「式だけ一緒→計算は一人」に移行
③丸つけは学年関係なく一緒にやる
みなさんの家庭の切り替えラインはいつ頃でしたか？",📐📝,high,implicit,
2026-09-05,07:00,setsuyaku,threads,節約,"電気・ガス・水道の明細、先月分と見比べたことありますか？

同じ生活スタイルでも季節や使い方のクセで数百円〜千円単位の差が出ていることがあります。

私は「先月比」を見る習慣をつけてから、無駄遣いに気づきやすくなりました。

みなさんは光熱費、どのタイミングでチェックしていますか？",💡📊,medium,implicit,
2026-09-05,12:00,setsuyaku,threads,節約,サブスク、平均5個以上契約してる人が多いらしい。私は「年1回、全部書き出して先月の利用回数がゼロなら即解約」をルール化するのが一番効くと思う派。①契約中サービスを紙に書き出す②先月使った回数を書く③ゼロなら解約、これだけで固定費は減らせる。今月見直した人、何個解約できた？,📝,high,implicit,
2026-09-05,19:00,setsuyaku,threads,節約,節約って我慢することだと思われがちだけど、私は逆だと思う派。通信・保険・サブスクみたいな固定費を一度整えれば、あとは我慢ゼロで自動的に浮き続ける。逆に食費や外食を削る方法は継続コストが高くて挫折しやすい。あなたが最初に見直すなら、通信費・保険・サブスクのどれから手をつける？,💡,medium,implicit,
2026-09-05,21:00,setsuyaku,threads,節約,"結論、ふるさと納税は9月中に済ませておくべき派です。

2026年10月から返礼品の地場産品基準が厳格化され、家電や域外加工の食品などが対象から外れる可能性があるとされています。欲しい返礼品が決まっている人ほど先延ばしは損になりやすいです。

寄付前にチェックしたい3点↓
✅ 欲しい返礼品が『地場産品基準厳格化』の対象カテゴリか確認
✅ 上限額シミュレーターで控除枠を再確認
✅ 決済方法（クレカ・キャッシュレス）でポイント上乗せがあるか比較

制度が変わるたびに『前のルールのまま』損している人、意外と多い印象です。
みなさんは今年、もう寄付済みですか？",🍤✅,high,implicit,
2026-09-05,07:00,tenshoku,threads,転職,"採用側の視点として、書類選考で見られやすいポイントは「年齢」だけでなく「マネジメント経験の有無」や「新しく学んでいること」だとよく言われます。

特に最近はAIなど、業務外での学習をアピールする人が増えている印象です。

保存しておくと、職務経歴書を見直すときに役立つかもしれません📝",📝,high,implicit,
2026-09-05,12:00,tenshoku,threads,転職,"「石の上にも3年」って、まだ信じてますか？
最初の会社は我慢の場所だと思っていた人ほど、体調に変化が出てから初めて気づくことが多いようです。
続けることが正解とは限らない環境、意外と多いのかもしれません。
あなたの周りにも、そんな話ありますか？",🤔💭,high,implicit,
2026-09-05,19:00,tenshoku,threads,転職,"2026年、育児・介護休業法の改正で「小学校3年生まで時短勤務が可能」になった会社、実はまだ知られていません。
求人票だけでは分からない“制度の運用実態”こそ、会社選びで見落とされがちなポイントかもしれません。
面接で聞いてよかった質問、ある人は教えてください🙏",📋✨,high,implicit,
2026-09-05,21:00,tenshoku,threads,転職,"面接で落ちる人の多くは「逆質問」で損してると思う。
私はこれまで採用側・支援側の両方を見てきたけど、ここを軽視してる人が本当に多い。

チェックしてほしいのはこの3つ：
・給与や休暇の確認だけで終わっていないか
・入社後にどう貢献したいかを語れているか
・面接官の反応を見て一段深掘りできているか

どれか1つでも欠けると、印象は一気に薄くなる。

あなたは逆質問、何を準備してる？",📝✅,high,implicit,
2026-09-05,07:00,pet,threads,ペット,"結論、犬の留守番対策は""環境""より""合図の習慣化""で決まると考えている。
チェックリスト
・出る前と帰宅後の声かけを毎回同じ言葉にする
・退屈対策グッズは3日おきに入れ替える
・室温と換気は数値で管理し感覚に頼らない
この3点を意識するだけで留守番中の様子が変わったという報告は多い。あなたの家ではどれを優先している？",🐕📝,high,none,
2026-09-05,12:00,pet,threads,ペット,"猫の1日の飲水量は体重1kgあたり50mlが目安とされている。私はこの数字を下回った日は要注意ラインだと考える派。
判断基準
・器の水は最低1日1回入れ替える
・複数の器を離れた場所に置く
・冬場は基準値を下回りやすいので温度も確認する
数字で管理すると変化に気づきやすいという声が多い。普段、水分量はどう確認してる？",🐈💧,high,none,
2026-09-05,19:00,pet,threads,ペット,犬が『ご褒美用おやつ』の匂いを嗅いだ瞬間に真顔になる瞬間、あれは表情筋より『間』で感情を伝えている証拠だと思う。結論、指示を出す前に3秒待つだけで反応がはっきり変わることが多い。急かすより『待たせる』方が実は伝わりやすいという観察、共感する飼い主さん多い印象。みなさんの子は何秒くらい待てますか？,🐶⏱️,medium,implicit,
2026-09-05,21:00,pet,threads,ペット,35℃の日、アスファルト表面温度は60℃近くまで上がることがある。結論、日中の散歩は避けて『朝5時台』か『夜9時以降』の二択でいいと思う。チェックすべきは3つだけ。①手の甲を5秒地面につけて熱くないか②肉球の色や歩き方に違和感がないか③水分補給用のボトルを常に携帯しているか。この3つを守るだけで熱中症リスクはかなり下げられる印象。みなさんは散歩の時間、いつにずらしてますか？,🌡️🐾,high,implicit,
2026-09-05,07:00,sleep,threads,睡眠,"結論、夜中に何度も目が覚めるなら“質問”より先に“室温”を疑ったほうがいいと思う。
チェックリスト
・寝室が27℃以下か
・除湿は40〜60%目安になっているか
・扇風機の風が体に直接当たっていないか
一つでも当てはまらないなら、まずそこから見直すのが近道。今の時期、何度目が覚める？",🌙💦,high,implicit,
2026-09-05,12:00,sleep,threads,睡眠,"結論、お盆休みで夜型になった人は、今が一番戻しにくい時期だと思う。
観察していると崩れがちなのはこの2パターン
・起床時間だけ元に戻して就寝時間はそのまま
・寝る前のスマホ時間だけ伸びたまま
休み明け、みんなはどう立て直してる？",🌅📱,medium,implicit,
2026-09-05,19:00,sleep,threads,睡眠,入眠までの目安は10〜20分。30分以上かかる日が続くなら、寝具より先に環境を疑ったほうがいいというのが私の考え。チェックすべきは3つだけ。①寝る1時間前のスマホ②寝室の温度③寝る直前の入浴タイミング。今の暑い時期は①②の影響が特に大きいと感じている。あなたはこの3つのうち、どれが一番崩れやすい？,🌙💤,high,implicit,
2026-09-05,21:00,sleep,threads,睡眠,結論、寝苦しい夜に安眠グッズを増やすより先にやることがある。それは『室温を下げる』の一択だと思っている。手順はシンプル。①就寝1時間前にエアコンを26〜27℃設定②寝る直前の熱いシャワーはNG、ぬるめの湯船かシャワーのみ③掛け布団は接触冷感素材に変える。この3つを順番通りにやるだけで体感はかなり変わるという声をよく見かける。今夜、この中でどれから試せそう？,🌡️😴,high,implicit,
2026-09-06,07:00,konkatsu,threads,婚活,"結論、同棲の話し合いは「言葉が同じでも意味が違う」ことが多いと思う。

先日、地下鉄で隣になった20代後半くらいの2人の会話がふと耳に入った。「一緒に住もう」という同じ一言に対して、片方は現状維持のつもりで、もう片方は結婚への準備のつもりで話しているように聞こえた。

■同棲前にすり合わせておきたい3つ
・同棲のゴール（結婚時期）をいつまでに話すか
・生活費・家事の分担ルール
・将来の話題が出たときの反応を観察する

私は「同棲の意味は、言葉より態度で確認するべき」派。

あなたは同棲、通過点派？それとも結婚への準備派？",🏠💬,high,implicit,
2026-09-06,12:00,konkatsu,threads,婚活,"結論、婚活で停滞する人の多くは「審査モード」に入りすぎていると感じる。
最初は『どんな人だろう』だったのに、気づけば年収・学歴・実家の話ばかり聞いていないだろうか。
私は、条件確認より先に『素の自分が出せる相手かどうか』を見る派。
■審査モードに入っているサイン
・沈黙が怖くて質問攻めになる
・LINEが用件だけのやり取りに変わる
・会うたびに品定めされている感覚が強くなる
一つでも当てはまったら、条件リストより会話の中身を見直した方がいいと思っている。
あなたは今、どちらのモードだと思う？",💍📝,high,implicit,
2026-09-06,19:00,konkatsu,threads,婚活,"初対面から3回目のデートまでずっと敬語のまま、というのは珍しいことではないと観察している。
私は『3回目で下の名前を呼べているか』を進展の分かれ目として見ている派。
■距離感が縮まっているかのチェック
・沈黙になっても気まずくならない
・LINEの文末に絵文字や砕けた言い回しが増える
・次の予定を相手から提案してくるようになる
逆にこれが3回目を過ぎても変わらない場合、関係は仮交際のまま止まりやすいと感じている。
あなたの婚活で、距離感が変わった瞬間はどんなタイミングだった？",📏💬,medium,implicit,
2026-09-06,21:00,konkatsu,threads,婚活,"結論、婚活で本気度を見るべきは「学歴」より「質問の数」だと思う。
先週、婚活パーティー会場のロビーで順番待ちをしていた2人の会話が耳に入った。
一方はプロフィールの年収や勤務先ばかり確認し、もう一方は相手の休日の過ごし方を3つも質問していた。
■本気度が高い人に共通する質問の傾向
・相手の「好きなもの」を聞いているか
・条件確認より過去のエピソードを聞いているか
・沈黙の後も会話を続けようとしているか
条件を聞く人より、好きなものを聞く人の方が、関係が進みやすいと感じている。
直近のデートで「質問攻めだったな」と感じた瞬間、ありましたか？",🤔📝,high,implicit,
2026-09-06,07:00,sidejob,threads,副業,"住民税の『20万円以下なら申告しなくていい』は、所得税だけの話。私は副業収入の金額に関わらず、住民税の申告はする派です。
確定申告のときにチェックしておきたいのはこの3点。
・確定申告書 第二表の『住民税に関する事項』欄
・徴収方法が『普通徴収』になっているか
・提出前に控えを1部残しておく
これだけで会社に知られる不安はかなり減らせます。
みなさんは毎年、どちらを選んでいますか？",🧾✅,high,none,
2026-09-06,12:00,sidejob,threads,副業,"副業アカウントが伸び悩む一番の原因は、発信テーマがブレていることだと思っています。私は『1テーマ1切り口』を徹底する派です。
見直すべきチェックはこの3つ。
・プロフィールで発信テーマが一言で伝わるか
・投稿ごとにテーマが変わっていないか
・手順や基準など保存したくなる実用情報が入っているか
これだけで反応の土台が変わることが多いです。
みなさんは発信テーマ、何で絞っていますか？",📌,medium,implicit,
2026-09-06,19:00,sidejob,threads,副業,"結論、副業は「単価の高さ」より「再現性」で選んでいい。
単価だけで案件を選ぶと、続かないケースが多い印象。
私が案件を判断する基準は次の5つ。
✅ 週5時間以内で完結するか
✅ マニュアル化できる作業か
✅ 単発でなく継続案件があるか
✅ クライアントとの連絡頻度が多すぎないか
✅ 身につくスキルが翌月以降も使い回せるか
この基準に当てはまらない案件は、単価が高くても長続きしにくいと感じています。
今やってる副業、この5つに何個当てはまりますか？",✅📝,high,implicit,
2026-09-06,21:00,sidejob,threads,副業,"体感で言うと、副業が続かない人の共通点は「毎日更新」をノルマにしていること。
逆に半年以上続けられている人ほど、最初から「週3日でいい」とハードルを下げている印象がある。
理由はシンプルで、一度更新が止まると再開のハードルが一気に上がるから。
私は投稿頻度より「破綻しない仕組み」を優先する派です。
毎日更新、まだ続けられていますか？",🗓️💭,medium,implicit,
2026-09-06,07:00,beauty,threads,美容,"肌がゆらいでいるサイン、私は3つだけ見れば十分だと思っている。
①いつもより赤みが出やすい
②化粧水がしみる
③皮膚科で「肌が薄い」と言われたことがある
どれか1つでも当てはまる人は、攻めのケア（レチノール・酸系）を毎日から週2〜3回に落として、保湿を厚めにするだけで印象が変わることが多いらしい。
攻めと守り、今どっちを優先してますか？",🌿✨,high,implicit,
2026-09-06,12:00,beauty,threads,美容,肌がゆらいでいるサインは、実は3つだけ覚えておけば十分だと思っている。①化粧水がしみる②いつもより赤みが出やすい③皮膚科で「乾燥・バリア機能が低下」と言われた。結論、1つでも当てはまったら攻めケア（レチノールや酸系）は週1〜2回まで落として、保湿を厚めにするだけで扱いやすくなる、という印象がある。今の時期、当てはまる人ってどのくらいいるんだろう？,🧴✋,high,implicit,
2026-09-06,19:00,beauty,threads,美容,"結論、スキンケアは「順番」より「温度」で変える方が肌に合うと思っている。
夏は化粧水を体温に近づけてから重ね付け、冬は乳液を早めに足して蒸発を防ぐイメージ。
チェックしたいのは①肌がつっぱる時間帯②メイクがヨレる場所③週末の肌荒れ頻度、の3つ。
1つでも当てはまったら、季節ごとに順番を見直すサインだと思う。
みんなは季節で使う順番、変えてる？",🧴☀️❄️,high,implicit,
2026-09-06,21:00,beauty,threads,美容,"レチノールは毎日より、週3〜4回+保湿多めの方が続けやすいと思っている。
肌がゆらいでいるサインは次の3つ。
①いつもより赤みが出やすい
②化粧水がしみる
③皮膚科で「乾燥・薄い」と言われたことがある
1つでも当てはまるなら、頻度を落として保湿を厚くするのも選択肢だと思う。
毎日派？休み休み派？コメントで教えて",🌙✨,high,implicit,
2026-09-06,07:00,bodymake,threads,筋トレ,"私はタイミングより「1日の合計摂取量」を優先する派です。
体重×1.6g前後を目安に朝昼晩で分けて摂る方が、30分以内のゴールデンタイムを狙うより現実的に続けられると感じている。
📋今日から試せる分け方
・朝：卵or納豆
・昼：鶏むねor魚
・夜：プロテインor豆腐
厳密さより『今日も合計は届いた』の積み重ねが継続の鍵な気がしている。
あなたはタイミング派？合計量派？",🍳📋⏱️,high,none,
2026-09-06,12:00,bodymake,threads,筋トレ,"私は「準備の手間を先に減らす」派。
・前夜にジムバッグを玄関に置く
・着替えを枕元に用意する
・補給用のドリンクを冷蔵庫に常備する
この3つだけで、朝の重い腰がかなり軽くなったという声をよく見かける。
次の朝トレ、あなたは前夜に何を準備しておく？",🎒⏰,medium,implicit,
2026-09-06,19:00,bodymake,threads,筋トレ,結論、筋トレは週3〜4回に抑える派でいる。毎日追い込むより、部位ごとに48〜72時間の回復時間を空けたほうが、扱う重量が結果的に伸びやすいと感じている。曜日固定より「前回の筋肉痛が抜けたか」で次のトレ日を決める人が周りには多い印象。あなたは頻度、何回で回してる？,💪📅,high,implicit,
2026-09-06,21:00,bodymake,threads,筋トレ,結論、筋トレの継続力は「準備の手間を何分削れるか」で9割決まると思っている。続けられている人に共通して見えるのは①ウェアを前夜に出す②ジムバッグを玄関に置く③行った日だけカレンダーに丸をつける、の3つだけ。根性で乗り切るより仕組みを変える方が再現性が高い気がしている。あなたが取り入れてる『続く仕組み』、ひとつだけ教えて？,🗓️✅,medium,implicit,
2026-09-06,07:00,education,threads,教育,"結論、テストの点数は見せてもらう派です。
点数そのものより「どこで間違えたか」を一緒に確認する材料になると考えています。
我が家で決めているチェックポイントは3つ。
①70点以下は原因を一緒に探す
②90点以上は結果より過程を一言褒める
③点数の良し悪しでその日の機嫌を変えない
見せなくていい派のご家庭は、どんな基準でやる気を守っていますか？",📊✏️,high,implicit,
2026-09-06,12:00,education,threads,教育,"結論、家庭のご褒美設計は「プロセス評価8割・結果評価2割」がちょうどいいと感じている。
テストの点数だけを見ていると、点数が伸びない時期にやる気の土台まで崩れやすい。
・机に向かった時間
・声に出して読んだ回数
・分からない問題に粘った時間
このあたりを記録して、月末にまとめて結果と紐づけるくらいが現実的だと思う。
みなさんの家庭では、どちらの比重が大きいですか？",🎯📝,high,implicit,
2026-09-06,19:00,education,threads,教育,"結論、子どもの「できない」は「まだ」に言い換えるだけで行動が変わりやすいと感じている。
言い換えの基準はシンプルに3つ。
①結果ではなく直前の行動を言葉にする
②比較は「昨日の自分」に限定する
③できたことは具体的な数字で伝える（例：10分早く着席できた）
抽象的な励ましより、この方が次の一歩につながりやすい気がする。
他に効果を感じた言い換え、あれば教えてください。",📌✨,high,implicit,
2026-09-06,21:00,education,threads,教育,"結論、プログラミングはもう『習い事の選択肢』ではなく『受験科目の準備』だと私は見ています。
情報Ⅰが共通テストに入ってから、周囲の相談内容は「楽しく触れさせたい」から「間に合わせたい」に変わってきました。
判断基準はシンプルに2段階、
・中学までに触れて型に慣れる
・高校からは演習量を増やす
この順番で考えると迷いにくいです。
みなさんはいつから対策を意識し始めましたか？",📝,high,implicit,
2026-09-06,07:00,setsuyaku,threads,節約,"結論、固定費の見直しは『通信費→保険→サブスク』の順でやるのが効率いい派です。

理由はシンプルで、通信費は一度見直せば手間なく効果が数年続くから。保険やサブスクは見直しに時間がかかる割にリターンが小さいことが多いです。

見直し前のミニチェックリスト↓
✅ 直近3ヶ月の携帯代の平均額を出す
✅ 使っていないサブスクを1つでも洗い出す
✅ 保険は『同じ保障で安いプランがないか』だけ確認

完璧を目指すと疲れて続かないので、まず1項目だけでいいと思っています。
みなさんが最初に手をつけるならどれですか？",📱💡,medium,implicit,
2026-09-06,12:00,setsuyaku,threads,節約,"結論、固定費は「通信→保険→サブスク」の順で見直すのが一番効率がいいと思っている。

理由は単純で、この3つは一度見直せば毎月ずっと効果が続くから。

見直す時に自分がチェックしてる基準はこの3つだけ。
①使ってる機能を実際に使っているか
②同条件でもっと安いプランがあるか
③解約・変更の手間が数千円以上の価値に見合うか

節約系の発信をしてると「頑張って我慢する」系のアドバイスが多いけど、個人的には我慢より仕組みを変える方がラクだし続くと感じてる。

みんなは固定費、どこから手をつけた？",💡📱,high,implicit,
2026-09-06,19:00,setsuyaku,threads,節約,"ふるさと納税、毎年12月に慌てて申し込む人が多いけど、私は「夏〜秋のうちに上限額だけ計算しておく派」。

理由は、年末は返礼品の人気商品が売り切れやすいから。

上限額を計算する時に見てる項目はこれだけ。
・今年の給与収入（見込みでOK）
・扶養家族の人数
・他の控除（iDeCoやふるさと納税以外の寄付）の有無

この3つが分かれば、シミュレーターでだいたいの上限は出せる。

毎年ギリギリで焦る人、意外と多くない？",🍅📝,medium,implicit,
2026-09-06,21:00,setsuyaku,threads,節約,ふるさと納税、いまだに『返礼品ランキング』から選んでる人が多い気がする。私は先に控除上限額を計算してから探す派。手順はシンプルで、①年収から上限額を出す②米や洗剤など普段使いのカテゴリで探す③届く時期を分散させる、この3ステップだけ。年末に慌てて選ぶより今の時期に動いた方が選択肢が多い。今年もう申し込んだ人いる？,🍚📦,high,implicit,
2026-09-06,07:00,tenshoku,threads,転職,"「今の会社が嫌」だけで転職活動を始めると、正直うまくいかないケースが多いと感じている。

私が見てきた中で、うまくいっている人には共通点があった。
・辞めたい理由より「叶えたい条件」を先に言語化している
・年収だけでなく働き方の優先順位が決まっている
・応募前の自己分析にちゃんと時間をかけている

逆に勢いだけで書類を出す人ほど、入社後にミスマッチを感じやすい印象がある。

今の転職理由、「逃げ」より「叶えたいこと」で言えてる？",💭🔍,high,implicit,
2026-09-06,12:00,tenshoku,threads,転職,"面接で給与交渉をしない人がまだ8割くらいいる気がする。
私は「交渉しない方がリスク」派。

交渉するタイミングの基準はこの3つだけ見てる。
①内定通知後、入社日確定前
②他社オファーがある場合は先に開示
③希望額は根拠（前職給与・市場相場）とセットで出す

これだけでも印象は悪くならないし、下がることはほぼない。

みんなは給与交渉、したことある派？しない派？",💬📈,high,implicit,
2026-09-06,19:00,tenshoku,threads,転職,"求人サイトの倍率が高くても、現場の実感は「買い手市場」という人が6割超えてるらしい。
私はこのギャップこそが転職活動の落とし穴だと思ってる。

『本当に人が足りてる会社』を見極める基準はこの3つ。
・面接官が2回以上変わる＝選考が慎重＝実は余裕がある可能性
・スカウトの文面が定型文か個別かで温度感が分かる
・求人票の「即日入社歓迎」は逆に警戒したほうがいい

数字だけで判断すると痛い目を見る。

このギャップ、実際に感じたことある人いる？",🔍📊,high,implicit,
2026-09-06,21:00,tenshoku,threads,転職,"私は「転職エージェント3社登録」派です。理由は単純で、求人の出方が会社によって全然違うから。
1社だけだと紹介される求人の数も業界の偏りも大きい、という声はよく聞きます。

登録前に見るべきチェックリストはこの3つ。
・得意業界（IT/メーカーなど）が自分と合っているか
・担当者の初回提案までのスピード
・面談の日程調整のしやすさ

これだけで「合わないエージェント」に時間を溶かすリスクはかなり減らせます。

みなさんは何社登録していますか？",📋,high,none,
2026-09-06,07:00,pet,threads,ペット,"うちの猫、掃除機をかけた日は決まって半日ふてくされてる。もう3年目だけど毎回同じ反応。

私は正直、掃除機のタイミングは猫の機嫌優先派。多少部屋が汚くても、猫が隠れて出てこない時間を作らない方が結果的にストレス少ないと思ってる。

音に敏感な子への対策、うちでやってるのは
・掃除機前におやつで別室に誘導
・掃除の直前に一声かける
・終わったらすぐ横に座って様子を見る

これくらいで様子見の時間は結構減った。

みんなの子は掃除機、平気なタイプ？それとも即逃走タイプ？",🐱🧹,high,implicit,
2026-09-06,12:00,pet,threads,ペット,"月の餌代、犬猫1匹あたり5,000〜8,000円が「普通」だと思ってる。これより極端に安い場合は原材料を一度見直した方がいいと感じる。

私はコスパより「原材料の最初の3つが何か」を優先派。安さだけで選んで体調を崩された経験があるので、そこは譲れないラインにしてる。

選ぶときにチェックしてる基準はこの3つ。
① 主原料が穀物メインじゃないか
② 添加物表記がシンプルか
③ 年齢・体重に合った粒サイズか

この基準にしてから、うちの子は毛艶と便の状態が安定した。

餌選び、みんなは価格重視？成分重視？",🐾🍖,medium,implicit,
2026-09-06,19:00,pet,threads,ペット,"結論、フード選びで一番見るべきは「原材料表示の順番」だと思っている。

最初の3つに肉・魚由来のタンパク源が入っているかで、だいたいの品質は判断できる。

保存版チェックリスト↓
□ 原材料の1〜3番目にタンパク源があるか
□ 添加物の種類が多すぎないか
□ 便の状態（硬さ・匂い）が切り替え後2週間で安定したか
□ 粒の大きさが顎の力に合っているか

毎回パッケージ裏を見返すのが面倒な人向けの基準です。

みなさんはフード選びで一番重視してる項目、何ですか？",🐾📋,high,implicit,
2026-09-06,21:00,pet,threads,ペット,"猫が急に飼い主の膝から降りて、少し離れた場所で丸くなるのは「嫌い」じゃなくて「安心してる証拠」だと思っている。

ベタベタ甘えるだけが愛情表現じゃなくて、視界に入る距離で寛いでいること自体が信頼のサインというのが私の見方。

同じ空間にいるのに触れ合わない時間、うちのコだけかと思ってたけど意外とあるあるらしい。

猫飼いのみなさん、この「つかず離れず」感じたことあります？",🐈,medium,none,
2026-09-06,07:00,sleep,threads,睡眠,"結論、入浴は寝る90分前が一番効果を感じやすいと思っています。私は「90分前入浴派」。理由は体温が下がり始めるタイミングと、入眠に向かう体内リズムが噛み合うから。
今日からできる3ステップ↓
①38〜40度で10〜15分浸かる
②上がったらすぐ靴下を脱ぐ
③照明を落として画面を見ない
これだけで寝つきが変わったという声、よく見かけます。あなたは何分前派ですか？",🛁🌙,high,implicit,
2026-09-06,12:00,sleep,threads,睡眠,"室温は18〜20度が睡眠の質に一番影響すると感じています。私は「寒め設定＋厚手ブランケット派」。エアコンをタイマーで切って朝方に室温が上がり、中途覚醒するという相談が地味に多いです。
チェックリスト↓
・就寝時は18〜20度に設定
・タイマーではなく朝までつけっぱなしが安定
・掛け布団は薄手を2枚で微調整
今の寝室、何度に設定してますか？",🌡️😴,high,implicit,
2026-09-06,19:00,sleep,threads,睡眠,"結論、夜中に何度も目が覚めるのは「気にしすぎ」より先に室温と光を疑ったほうがいい派です。
目安にしているチェックはこの3つ↓
①寝る1時間前は暖色照明に切り替えているか
②布団の中の温度が高すぎないか
③起床時刻を平日休日で大きくズラしていないか
どれか当てはまる人、地味に多いはず。あなたはどれが一番怪しいと思う？",🌙💤,high,implicit,
2026-09-06,21:00,sleep,threads,睡眠,"最近「夜中に3回以上目が覚める」という声をよく見かける。私はこれ、スマホより『布団の中で考え事をする時間』の影響のほうが大きいと思っている派です。
試している人が多い対策はシンプルで、
・寝る前に『明日やること』を紙に書き出す
・布団に入ったら考え事を一旦保留にする
これだけで中途覚醒が減ったという話をよく聞きます。同じタイプの人いる？",🛌📝,medium,implicit,
2026-09-07,07:00,konkatsu,threads,婚活,"私は、婚活が停滞する一番の原因は「年収」より「審査モードが抜けないこと」だと思う。
最初はときめきで会っていたはずなのに、3回目あたりから急に条件確認モードに切り替わる人を何人も見てきた。
■審査モードに入っているサイン
・会話の8割が確認作業になっている
・相手の弱みより強みばかり探している
・楽しかった記憶より条件の一致率で判断している
審査を忘れられた瞬間からしか、関係は前に進まないと考えている。
最近のデートで、つい確認モードになってしまった瞬間はありましたか？",💭✅,high,implicit,
2026-09-07,12:00,konkatsu,threads,婚活,"婚活中の人の話を聞いていると、プロフ写真で一番差が出るのは加工より表情だと感じる。
結論、自己紹介文の雰囲気と写真の表情が一致していないと不成立になりやすい気がする。
■見直しポイント
・自然光で撮っているか
・口角より目が笑っているか
・年齢に見合った雰囲気か
プロフ迷子、意外と多い印象。みんなは写真何枚使ってる？",👀,medium,implicit,
2026-09-07,19:00,konkatsu,threads,婚活,"婚活で一番もったいないのは、最初の「楽しみ」が数ヶ月で「条件確認」に変わることだと思う。私は、会話の中心が年収や実家の話ばかりになったら一度立ち止まる派。

■審査モードに入っているサイン3つ
・話題の中心が「年収・職種・実家・将来設計」に偏っている
・LINEの文面が事務連絡っぽくなっている
・会う前から次の候補を探し始めている

この3つに当てはまったら、条件より「一緒にいて楽か」を見直すタイミングかもしれない。
あなたはどんな瞬間に審査モードに気づく？",💍🔍,high,implicit,
2026-09-07,21:00,konkatsu,threads,婚活,"先週、電車で隣に座った2人の会話が最後まで敬語のままだったのを見かけた。私は、3回目のデート以降も敬語や距離感が変わらない相手とは、進展が鈍いことが多いと感じている。

■距離感が縮まっているかの判断基準
・下の名前や愛称で呼べているか
・沈黙があっても気まずくないか
・LINEの返信が短文でも成立しているか

条件よりも先にこの「距離感」を見たほうが、後の失敗が減る気がしている。
あなたは何回目のデートで距離感の変化を感じる？",🚃💬,medium,implicit,
2026-09-07,07:00,sidejob,threads,副業,"結論、副業を選ぶ基準は「単価」より「再現性」だと思う。

高単価でも自分にしか売れないスキルは長続きしにくい。逆に単価が低くても、毎回同じ手順で数字が読める仕組みの方が結果的に続けやすいと感じる。

副業を選ぶ前に見るチェックリスト
・作業時間が毎回大きくブレないか
・自分が休んでも仕組みが回るか
・成果が数字で見える仕組みか

これに当てはまらない副業は、始める前に一度立ち止まった方がいいと思う。

みんなは副業選びで何を一番重視してる？",📝✅,high,implicit,
2026-09-07,12:00,sidejob,threads,副業,"丁寧に書きすぎた投稿ほど伸びない、というのは副業アカウントを見ていてよく感じること。

長文で背景から説明するより、3行で言い切る投稿の方が反応が良い印象がある。通勤時間にサッと読める分量に収まっているかどうかは、地味だけど大きな差になっている気がする。

短く言い切る投稿の型
・1行目で結論を言う
・2行目で理由をひとつだけ添える
・3行目で行動か問いで締める

丁寧に書きすぎて逆に反応が伸びなかった経験、心当たりある人いる？",✂️💭,medium,implicit,
2026-09-07,19:00,sidejob,threads,副業,"結論、初心者が最初に手を出すべき副業は「在庫を持たない系」だと考えています。
判断基準はシンプルに3つ。①初期費用1万円以下②即日撤退できる③スキマ時間で完結する。
この3条件を満たさない副業話は、契約前に一度立ち止まる価値があると思います。
あなたが今検討している副業、この基準に当てはまりますか？",📝✅,high,implicit,
2026-09-07,21:00,sidejob,threads,副業,"副業を始めて早期にやめる人に共通するのは、「完璧な準備」を先にやろうとする傾向だと感じています。
私は「まず小さく1件動いてから改善する」派です。
準備期間が長くなるほど、実行に踏み出す心理的ハードルが上がっていく現象、周りで見かけませんか？",💭🔍,medium,implicit,
2026-09-07,07:00,beauty,threads,美容,"結論、秋の乾燥対策は「化粧水の量」より「重ねる回数」がカギだと思う。
チェックしてほしいポイントは3つ。
①肌がつっぱる時間帯が朝か夜かで違うか
②メイクのヨレが増えたか
③使うアイテムを季節で変えているか
1つでも当てはまるなら、量を増やす前に重ねづけの回数を見直すのがおすすめ。
秋の乾燥、対策変えた人います？",🍂✨,high,implicit,
2026-09-07,12:00,beauty,threads,美容,"私は「毛穴パック」より「保湿の均一化」を優先する派。
乾燥した部分ほど皮脂が過剰に出て毛穴が目立ちやすくなると考えているから。
見直すポイントは2つだけ。
①Tゾーンと頬で化粧水の量を変えていないか
②夜だけ保湿して朝は省略していないか
この2つを直すだけで印象が変わったという声もよく見かける。
毛穴対策、今どうしてますか？",🔍✨,medium,implicit,
2026-09-07,19:00,beauty,threads,美容,"結論、毛穴とくすみは「隠す」より「土台から整える」ほうが長期的には楽だと思っている。
私の基準はシンプルで、①下地前に毛穴用の下地を一枚挟む②くすみは色ムラよりまず乾燥ケアを先にする③厚塗りで誤魔化す日は週1以下にする、の3つだけ。
特別な日だけ気合いを入れるより、日常の延長で整えるほうが結局続く気がしている。
あなたは「隠す派」「土台から整える派」どっち？",🧴✨,medium,implicit,
2026-09-07,21:00,beauty,threads,美容,"はっきり言うと、肌だけ頑張っても髪がパサついていると顔全体の印象がくすんで見えると思っている。
私が意識しているのは、①乾かす前にオイルを一滴つける②アイロン前も同じ工程を挟む③ディープトリートメントは週1回だけ、の3ステップだけ。
肌の透明感を仕込む前に髪のツヤを仕込んだほうが、写真の伸びが早い気がしている。
今、肌ケアと髪ケア、時間をかけているのはどっち？",💇‍♀️✨,medium,implicit,
2026-09-07,07:00,bodymake,threads,筋トレ,"結論、筋トレが続くかどうかは「最初の2週間の頻度設計」でほぼ決まると思っている。理由はシンプルで、習慣が固まる前に高頻度・高強度にすると、心身の負荷でやめやすくなるから。
続けやすい人に共通する初期設計はこの3つ。
・週2〜3回からスタートする
・同じ部位を連続で追い込まない
・「休む日」を先にカレンダーへ入れておく
この3つを外している人ほど、3週間以内に離脱しやすい印象がある。あなたは最初の2週間、どんな頻度で始めた（始める予定）？",📅💪,high,implicit,
2026-09-07,12:00,bodymake,threads,筋トレ,"「筋肉痛が出ないと効いていない」というのは半分間違いだと思っている。筋肉痛はダメージの指標であって、成長そのものの指標ではないからだ。
実際、扱う重量や回数の推移が右肩上がりなら、筋肉痛がなくても筋力・筋量は伸びているケースがある。
成長判断に使えるチェックポイントはこの3つ。
・同じ種目の重量が3週間前より伸びているか
・同じ重量でのフォームが安定してきたか
・翌日の「動ける感覚」を疲労感より重視できているか
この3つを記録し始めると、筋肉痛の有無に一喜一憂しなくなる気がしている。あなたは何を基準に伸びを判断してる？",📊🔥,high,implicit,
2026-09-07,19:00,bodymake,threads,筋トレ,"停滞期に入ったとき、種目を増やす前に見直されがちなポイントをメモ。
① 睡眠時間が最近削れていないか
② 同じ重量・回数が何週も続いていないか
③ 体重の変化に対して食事量が合っているか
この3つから確認する、という考え方があるらしい。
みんなは停滞期、まず何から見直す？
📝",📝,high,implicit,
2026-09-07,21:00,bodymake,threads,筋トレ,体重×1.5gのタンパク質量、いきなり計算しなくていい。私が続けているのは「卵1個＋納豆1パック」を毎日の食事に固定で足すだけのルール。数字を追うより“いつもの食事に1品足す”方式の方が続く気がしている。今日の食事、あと何を足せそう？,🥚,medium,implicit,
2026-09-07,07:00,education,threads,教育,"結論、子どもの『できない』への返しは、否定せず現在地を示す一言に変えるだけで反応が変わると感じています。
私が意識しているのは3段階の言い換えです。
・否定しない→「まだ途中だね」
・現在地を示す→「ここまではできてるね」
・次に繋げる→「次はここをやってみようか」
この順番を守るだけで表情が変わることがあります。
みなさんが使っている言い換え、コメントで教えてください。",📌,high,implicit,
2026-09-07,12:00,education,threads,教育,"結論、子どもの「できない」への返しは具体性一択だと思っています。
・「まだできてないだけ」→現在地の言い換え
・「ここまでできてるね」→進捗の可視化
・「一緒に考えてみようか」→伴走宣言
保存版チェックリストとして使ってみてください。他に使っている言い換え、あれば教えてください。",📌✏️,high,implicit,
2026-09-07,19:00,education,threads,教育,"結論、子どもの「できない」への返しは、行動を主語にすると変わると思う。
私は「あなたはできない」ではなく「このやり方がまだ合ってないだけ」と伝える派です。
・成果より途中経過を認める
・他の子と比較しない基準を先に決めておく
・次の一歩だけを具体的に提案する
保存版のつもりで書きました。皆さんが実際に使ってる言い換え、どんなのがありますか？",📝,high,implicit,
2026-09-07,21:00,education,threads,教育,"結論、ロボット教室とプログラミング教室は「入り口」で選べば失敗しにくいと思う。
私は、手を動かすのが好きな子にはロボット、画面の中で完結させたい子にはプログラミングを勧める派です。
判断の目安：
・工作や分解が好き→ロボット系
・ゲームや動画を作りたい→プログラミング系
・両方好きそう→まずは両方の体験だけ受けてみる
どちらのタイプか、迷ってる人はお子さんの普段の遊び方どっちに近いですか？",🤖,high,implicit,
2026-09-07,07:00,setsuyaku,threads,節約,先月のスーパー、去年と同じ買い物カゴなのに800円くらい高くなってた気がする。値上げの実感って数字にすると結構でかい。私は毎回レシートを前月分と見比べる派で、家計簿アプリより肌感覚が掴みやすいと思ってる。細かい値上げ、みんなはどの商品で一番感じてる？,🧾📈,high,implicit,
2026-09-07,12:00,setsuyaku,threads,節約,"月額3000円以上のスマホ代を払ってる人、結論そのままだと損してます。

私は「基本料＋事務手数料＋通話料」の総額でしか比較しない派です。

見るべきポイントは3つだけ。
① 直近3ヶ月の平均データ使用量（設定画面で確認）
② 通話は月何分か（かけ放題が必要か）
③ 契約時の事務手数料込みの実質月額

表面の月額だけ見て選ぶと、結局高くつくケースをよく見かけます。

みんなは乗り換えるとき、月額以外にどこ見て決めてます？",📱,high,implicit,
2026-09-07,19:00,setsuyaku,threads,節約,"ふるさと納税、12月にまとめてやる人が多いですが、私は「夏のうちに上限額だけ確認しておく」派です。

理由はシンプルで、年末は返礼品が品切れ・発送遅延になりやすいから。

やることは2つだけ。
① 今年の想定年収からざっくり上限額を計算
② 上限の8割くらいまでで一度申し込んでおく

『年末にまとめて選ぶ楽しさ』もわかるけど、選択肢が減ってから焦るより早めの方が結局お得だと感じます。

みなさんは毎年いつ頃やってますか？",🍅,medium,implicit,
2026-09-07,21:00,setsuyaku,threads,節約,"月の固定費が3万円台に収まるかどうかで、貯金体質は9割決まると思っている。私は結論、食費を削るより先に固定費を見直すべき派です。
見直す優先順位は①通信費②サブスク③保険④電気ガスの順が効率的。
チェックリスト
・スマホ代が月5000円を超えていないか
・使っていないサブスクが3つ以上ないか
・保険に『なんとなく』で入っていないか
固定費、最後に見直したのいつですか？",💰📝,high,implicit,
2026-09-07,07:00,tenshoku,threads,転職,"結論、面接での退職理由は「ポジティブ変換一択」だと思っている。
「人間関係が嫌だった」ではなく「よりチームで成果を出せる環境を求めた」に言い換えるだけで、面接官の受け取り方は変わる、という声は多い。

言い換えの基準はシンプル。
・ネガティブワードを削る
・未来志向の言葉に変える
・具体的な行動やスキルにつなげる

これを意識するだけで、同じ経歴でも印象は大きく変わるはず。

みんなはどう言い換えてる？",💬,medium,implicit,
2026-09-07,12:00,tenshoku,threads,転職,"転職エージェントは1社より3社使う方が良いと思う。理由は求人の偏りと担当者の当たり外れをなくすため。
比較するときに見てるポイントはこの4つ。
・提案してくる求人の幅
・年収交渉の実績
・担当者の業界理解度
・面接後のフィードバックの速さ
1社だけだと『その担当者の得意分野』しか見えてこない。みなさんは何社くらい使ってますか？",📝✅,high,none,
2026-09-07,19:00,tenshoku,threads,転職,"転職理由を『人間関係』とそのまま面接で言う人は少ないと感じる。結論、本音と建前は最初から分けて整理しておいた方がいい。
・本音（自己分析用）：人間関係、給与、将来不安
・建前（面接用）：キャリアアップ、スキル活用
本音を隠すのではなく、面接用に翻訳しておくイメージ。みなさんは本音と建前、どう線引きしてますか？",🗣️🔍,high,implicit,
2026-09-07,21:00,tenshoku,threads,転職,"有効求人倍率1.18倍でも、書類選考の通過率は体感で下がっている。私は「応募数より一社ごとの準備の質」派。
最低限これだけは揃えてから出すべきだと思っている項目↓
・職務経歴書は求人票の文言に合わせて言い換える
・志望動機は「なぜこの会社か」まで踏み込む
・退職理由はネガティブ→前向きに変換して1行で言えるようにする
ここまでやって落ちるなら、応募先の相性の問題だと切り替えていい。
今の転職活動、数で勝負派？質で勝負派？",📝,high,implicit,
2026-09-07,07:00,pet,threads,ペット,"結論、初心者ほど多頭飼いより先に「通院費の備え」を整えるべきだと思う。保険の有無で、通院するかどうかの判断が変わる場面をよく見かける。

【通院前チェック】
・年1回の健康診断予定はあるか
・通院費の上限額を決めているか
・持病の有無を把握しているか

これだけで「まさかの通院」への心構えがかなり変わる、というのが個人的な結論。みなさんは通院費の目安、決めていますか？",🐾🏥,medium,none,
2026-09-07,12:00,pet,threads,ペット,"うちの子が季節の変わり目にフードを残す——これ、あるあるだと思う。結論、フードを変える前にまず「量」を見直すのが先。

【原因を絞る3チェック】
1) 体重の増減
2) おやつの量
3) 運動量の変化

これで大体の原因は絞れる、というのが観察してきた実感。みなさんの子は食欲の波、どう対策してますか？",🐶🍚,medium,none,
2026-09-07,19:00,pet,threads,ペット,"ドッグフードのパッケージ、私は上位3つの原材料しか見ていません。それで十分と思う派です。
選ぶときに確認しているポイントはこの3つです。
・主原料が肉や魚など動物性たんぱくか
・添加物表記が少ないか
・年齢や体重に合わせたカロリー設計になっているか
細かい成分表より、この3点で十分な差が出ると感じています。
みなさんはフード選びで最初にどこを見ますか？",🍖🐾,high,implicit,
2026-09-07,21:00,pet,threads,ペット,"保護犬を勧めるかどうか、私は「飼い主の経験値次第」で分ける派です。
初めて犬を迎える人には、まず性格や病歴が把握しやすいブリーダーや里親会経由の子をすすめることが多いです。反対に、一度でも犬と暮らした経験がある人には、保護犬の相性の良さを伝えることが多いです。
どちらが正しいという話ではなく、経験値によって向き不向きがあると感じています。
みなさんは保護犬派・ブリーダー派、どちらですか？その理由も聞いてみたいです。",🐕💭,high,implicit,
2026-09-07,07:00,sleep,threads,睡眠,"結論、寝る前90分のスマホ断ちが一番コスパの良い睡眠改善策だと思う。

私は『デジタル門限』と呼んで人に勧めている。

やることはシンプル：
・22:30以降は通知オフ
・照明は暖色系に切り替え
・ベッドでは本かストレッチのみ

これだけで『布団に入ってからのスマホ時間』が減り、入眠までの体感時間が短くなったという声が多い。

みんなは寝る前、何時にスマホを手放してる？",📱🌙,high,implicit,
2026-09-07,12:00,sleep,threads,睡眠,"夜中に『明日ちゃんと起きられるかな』と不安になって、逆に目が冴えた経験がある人は多いはず。

私はこの手の不安は『予定への責任感の裏返し』だと思っている。だから無理に寝ようとせず、一度アラームを2つ確認するだけで安心して眠れることが多い。

完璧に寝ようとするより、『最低限起きられる保険』を作る方が結果的に眠りやすい派です。

みんなは寝る前、そういう不安どう対処してる？",⏰😌,high,none,
2026-09-07,19:00,sleep,threads,睡眠,"結論、寝る1時間前のスマホは「明るさ」より「情報量」が問題だと思ってる。
脳が“処理待ちの情報”を抱えたまま横になると、光を落としても入眠が長引く。
私が試して良かった基準は3つだけ。
①通知は音もバイブも切る
②SNSは開いても「見る専用」にしてコメントしない
③ベッドに入ったらスマホは手の届かない場所に置く
これだけで「あれこれ考えて寝れない」時間が減った人、他にもいる？",🌙📵,high,implicit,
2026-09-07,21:00,sleep,threads,睡眠,"深部体温は入浴後90分でストンと下がる。私はこの90分ルールを知ってから、入浴時間を「寝る直前」から「寝る1.5時間前」に変えた派。
体感で変わったのはここ。
・布団に入ってからの寝つきまでの体感時間が短くなった
・夜中に一度目が覚める回数が減った気がする
入浴のタイミングを変えるだけで体感が変わった経験、ある人いる？どのくらい前に入ってる？",🛁⏰,high,implicit,
2026-09-08,07:00,konkatsu,threads,婚活,"結論、婚活が長引く人の多くは「審査モード」に入り込んでいると感じる。条件確認から入るほど、相手も身構えて距離が縮まらない。

■審査モードに入っているサイン3つ
・初対面でいきなり年収/実家/将来設計を聞く
・沈黙が怖くて質問攻めになる
・LINEが「今度会いましょう」で止まり日程を詰めない

私は「面接官をやめた瞬間に、婚活は前に進む」派。条件を通過した先に好意があるのではなく、条件を忘れた瞬間に好意が生まれるものだと思う。

あなたは直近のデート、趣味の話に何分使えた？",💍🤔,high,implicit,
2026-09-08,12:00,konkatsu,threads,婚活,"結論、同棲の話し合いは「言葉が同じでも意味が違う」ことが多いと思う。

先日、地下鉄で隣になった20代後半くらいの2人の会話がふと耳に入った。「一緒に住もう」という同じ一言に対して、片方は現状維持のつもりで、もう片方は結婚への準備のつもりで話しているように聞こえた。

■同棲前にすり合わせておきたい3つ
・同棲のゴール（結婚時期）をいつまでに話すか
・生活費・家事の分担ルール
・将来の話題が出たときの反応を観察する

私は「同棲の意味は、言葉より態度で確認するべき」派。

あなたは同棲、通過点派？それとも結婚への準備派？",🏠💬,high,implicit,
2026-09-08,19:00,konkatsu,threads,婚活,"結論、婚活で停滞する人の多くは「審査モード」に入りすぎていると感じる。
最初は『どんな人だろう』だったのに、気づけば年収・学歴・実家の話ばかり聞いていないだろうか。
私は、条件確認より先に『素の自分が出せる相手かどうか』を見る派。
■審査モードに入っているサイン
・沈黙が怖くて質問攻めになる
・LINEが用件だけのやり取りに変わる
・会うたびに品定めされている感覚が強くなる
一つでも当てはまったら、条件リストより会話の中身を見直した方がいいと思っている。
あなたは今、どちらのモードだと思う？",💍📝,high,implicit,
2026-09-08,21:00,konkatsu,threads,婚活,"初対面から3回目のデートまでずっと敬語のまま、というのは珍しいことではないと観察している。
私は『3回目で下の名前を呼べているか』を進展の分かれ目として見ている派。
■距離感が縮まっているかのチェック
・沈黙になっても気まずくならない
・LINEの文末に絵文字や砕けた言い回しが増える
・次の予定を相手から提案してくるようになる
逆にこれが3回目を過ぎても変わらない場合、関係は仮交際のまま止まりやすいと感じている。
あなたの婚活で、距離感が変わった瞬間はどんなタイミングだった？",📏💬,medium,implicit,
2026-09-08,07:00,sidejob,threads,副業,副業アプリを3つ以上掛け持ちしてる人、正直成果が分散して伸びにくいと感じる。私は「1つに集中→一定期間で反応が出なければ乗り換え」派です。乗り換えるかどうかの判断基準は3つ。①初月に実際に手を動かした時間 ②得られた反応・問い合わせ数 ③自分の得意分野との相性。増やす前に一度この3つで立ち止まってみてほしい。あなたは掛け持ち派？集中派？,📝✅,high,implicit,
2026-09-08,12:00,sidejob,threads,副業,在宅ワークの求人、応募者の多くが単価だけを見て選んでいる印象がある。私は「継続して依頼が来るかどうか」で選ぶべき派。単価が高くても更新されない案件は結局稼働ゼロになりやすい。見るべきポイントは①募集期間の長さ ②依頼主のレビュー数 ③初回対応の速さ、の3つ。単価と継続率、どちらを優先して選んでる？,🔍,medium,none,
2026-09-08,19:00,sidejob,threads,副業,"結論、副業初心者はまず「在庫を持たない」ジャンルから始めるべきだと思っています。
挑戦してすぐ挫折する人の共通点は、初期費用を先に使いすぎることです。
私が見てきた中で続きやすかった順番はこちら👇
①スキル販売（時間さえあれば元手0円）
②アフィリエイト（在庫ゼロ・発送ゼロ）
③物販（在庫リスクあり・最後に検討）
あなたが最初に選んだのはどのタイプでしたか？",👇,high,implicit,
2026-09-08,21:00,sidejob,threads,副業,"体感、副業が続かない人の8割は「毎日投稿」を目標にしすぎていると思っています。
私は質より先に「継続できる頻度」を決める派です。
挫折しやすい人によく見られる特徴はこちら👇
・初日から気合を入れすぎる
・反応がないとすぐやめる
・比較対象がいきなり月収100万円の人
まずは週2投稿を3ヶ月続けるほうが、結果的に早く積み上がります。
今の投稿頻度、少し無理していませんか？",👇,high,implicit,
2026-09-08,07:00,beauty,threads,美容,"「盛れるコスメ」より「自分に合う色」を選んだ方が結局盛れる、と最近よく思う。
私はパーツを強調するメイクより、肌なじみ優先の似合わせ盛り派。
セルフチェックは、①ファンデを頬と顎で色比べする②チークは骨格の一番高い位置に薄く③リップは唇の血色に近い色を選ぶ、の3つだけ。
パーツ盛りで浮いていた頃より、似合わせを意識してからの方が『変わったね』と言われる気がしている。
最近メイクで意識してること、ある？",💄🪞,medium,implicit,
2026-09-08,12:00,beauty,threads,美容,"結論、今話題の「再生系成分」は成分名で選ぶより、悩み別に使い分けるほうが失敗しにくいと感じています。
見ている基準は3つ→①乾燥か赤みかで系統を選ぶ②新成分は少量から試す③3週間は変化を様子見してから判断。
情報が多い時期ほど「基準を先に決める」ほうが近道だと思うのですが、みなさんは成分選びで何を一番重視していますか？",✅🧪,high,implicit,
2026-09-08,19:00,beauty,threads,美容,"私は「攻める美容医療級ケア」より「守る土台ケア」を先に固める派です。
季節の変化で肌がゆらぐという声は美容メディアでもよく指摘されています。
土台ケアの基準は3つ→①バリアを壊さない洗顔に一時切り替え②低刺激処方を選ぶ③肌が落ち着いてから攻めケアを再開。
今の時期、攻めと守りどちらを優先していますか？",🛡️🌿,high,implicit,
2026-09-08,21:00,beauty,threads,美容,"結論、乾燥小ジワ対策は「保湿の量」より「重ねるタイミング」だと思っている。
私がチェックしている基準は3つ。
①洗顔後1分以内に化粧水を1プッシュ
②乳液は手のひらで軽く温めてから伸ばす
③夜だけ保湿量を1.5倍にする
この3つのうち、1つでもやってないと乾燥が戻りやすい印象。
みなさんは重ねるタイミング、意識してますか？",🧴💧,high,implicit,
2026-09-08,07:00,bodymake,threads,筋トレ,結論、忙しい日ほど「10分メニュー」でいいと思っている。私が実践しているのはスクワット10回・腕立て10回・プランク30秒の3つだけ。完璧な60分より、ゼロの日を作らないことの方が半年後の差になる気がしている。あなたが忙しい日に削るなら、種目？時間？それとも回数？,💪🏠,high,implicit,
2026-09-08,12:00,bodymake,threads,筋トレ,私は「タイミングより合計量」派。筋トレ後30分以内にこだわるより、朝・昼・夜でタンパク質を1品ずつ足す方が結局続く。目安は卵1個・納豆1パック・ヨーグルト1個をそれぞれ別の食事に足すだけ。細かい計算より『足す習慣』を先に作る方が挫折しにくいと感じている。みんなはタイミング重視？合計量重視？,🍳⏱️,high,implicit,
2026-09-08,19:00,bodymake,threads,筋トレ,"結論、タンパク質は体重×1.2gで十分だと思っている。厳密に計算するより「今日どれだけ実行できたか」の方が重要。
続けやすさの基準は①朝に卵か納豆を1品追加②間食を加工食品からゆで卵やヨーグルトに変える③体重は2週間単位で見る、の3つだけ。
量より継続、どっちを優先してる？",🥚💪,high,implicit,
2026-09-08,21:00,bodymake,threads,筋トレ,"筋トレより睡眠を優先する、が私の結論。追い込んだ日ほど回復が遅れている人を見ていると、そう感じる。
チェックしたいのは①就寝1時間前はスマホを置く②筋トレは就寝3時間前までに終える③入浴で深部体温を上げすぎない、の3つだけ。
あなたは何時間睡眠を目標にしてる？",😴🛏️,high,implicit,
2026-09-08,07:00,education,threads,教育,"結論、宿題タイムは「机に向かう時間の長さ」より「始めるまでのハードルの低さ」を優先した方がうまくいくと感じている。
声かけで意識しているのは次の3つ。
①「10分だけやろう」と時間を区切る
②最初の1問だけ一緒に解く
③終わったら丸つけより先に「お疲れさま」を言う
完璧な計画より、始めやすさを優先する家庭の方が続いている印象がある。
あなたの家庭は、始める工夫と終わる工夫、どちらを重視していますか？",📝✏️,high,implicit,
2026-09-08,12:00,education,threads,教育,"私は「通知表の点数」より先に「本人が一番頑張ったと思う教科」を聞く派です。
点数だけを見ると、努力が結果に出なかった教科がどうしても目に入りにくい。
先に本人の実感を聞いてから点数を見ると、声のかけ方が変わってくる。
点数の話は、そのあとでいい。
みなさんは、点数と本人の実感、どちらを先に聞きますか？",🗣️📖,high,implicit,
2026-09-08,19:00,education,threads,教育,"通信制高校を調べると、オンラインと通学を両方持つところがあるらしい。

資料請求前に見ていた点は3つ。
・授業の受け方
・相談窓口の有無
・費用の内訳が資料で分かるか

進路の候補に、通信制は入っていますか？",📚,medium,implicit,
2026-09-08,21:00,education,threads,教育,"幼児教室と小学校受験の教室をいくつか調べると、「無料体験の予約」が入口のものがあるらしい。

体験の前に見ていた点は3つ。
・対象年齢が公開ページに書いてあるか
・体験が無料か
・受験対策の範囲がどこまでか

習い事の候補に、教室型は入っていますか？",📚,medium,implicit,
2026-09-08,07:00,setsuyaku,threads,節約,"食費を切り詰めるより、惰性で払っている固定費を削る方が続けやすいと思う。私はここ数年、食費より先に契約系の見直しから手をつける派です。
節約が続かない人に共通するのは、我慢を積み重ねて疲れてしまうこと。一度手続きすれば自動的に減る仕組みの方が挫折しにくい。
変動費と固定費、みなさんはどっちから見直しましたか？",🧾💡,medium,implicit,
2026-09-08,12:00,setsuyaku,threads,節約,"結論、節約はまず固定費から。食費を削るのは一番最後でいい。
通信費・サブスク・保険の3つは、一度見直せば効果がずっと続くのが強み。
手順はシンプル↓
1) 契約中のサブスクを全部書き出す
2) 直近1ヶ月使っていないものを解約
3) 保険の保障内容が重複していないか確認
食費や外食を我慢するより、心理的なストレスが少ないのが固定費見直しの良いところ。
みんなは固定費、最後に見直したのいつ？",🏠📝,high,implicit,
2026-09-08,19:00,setsuyaku,threads,節約,"結論、節約で家庭がギスギスするのは『我慢の分担』がズレてるだけだと思う。
サブスクは放置なのに子どものおやつだけ削られる、みたいな家庭は意外と多い。
削る前にやっておきたいこと↓
・家族それぞれの『削れそうなもの』を出し合う
・一人にだけ我慢を集中させない
・小さな楽しみは最後まで残す
節約は根性より仕組みで続ける方が長持ちする気がしている。
うちはこうしてる、という工夫があれば教えてほしい。",👨‍👩‍👧🍰,medium,implicit,
2026-09-08,21:00,setsuyaku,threads,節約,"電気・ガス・水道の明細、先月分と見比べたことありますか？

同じ生活スタイルでも季節や使い方のクセで数百円〜千円単位の差が出ていることがあります。

私は「先月比」を見る習慣をつけてから、無駄遣いに気づきやすくなりました。

みなさんは光熱費、どのタイミングでチェックしていますか？",💡📊,medium,implicit,
2026-09-08,07:00,tenshoku,threads,転職,"求職者の6割が「買い手市場」だと感じているのに、実際の有効求人倍率は高止まりしている。このギャップ、放置すると自己評価を下げすぎる原因になると思っている。
結論、求人数の多さと「自分に合う求人があるか」は別問題。
見るべきは求人票の数ではなく、応募先の中で自分の経験がそのまま活きる求人が何件あるかどうか。
数字に振り回されて動けなくなってる人、意外と多い気がする。",📊,medium,none,
2026-09-08,12:00,tenshoku,threads,転職,"年収600万円以上の人の約6割がSNS経由でスカウトを受けた経験があるらしい。
私はこの数字、思ったより低くないなと感じている。

プロフィールを整えるだけで声がかかる可能性があるなら、やらない理由がない。
最低限チェックしたいのはこの3つ。
☑ 職種・スキルが一目でわかる自己紹介文になっているか
☑ 実績は数字ベースで書けているか
☑ 発信内容に一貫性があるか

整っていない人ほど「見られている」意識が抜けている印象。

あなたのプロフィール、この3つ埋まってますか？",📈🧾,high,implicit,
2026-09-08,19:00,tenshoku,threads,転職,"転職活動で後悔するのは「情報収集を怠ったこと」より「決断を先延ばしにしたこと」だと私は思う。
情報はいくら集めても、決める基準がないと堂々巡りになる。

私が決断前に確認している基準はこの4つ。
① 給与は現状維持以上か
② 裁量権は増えるか減るか
③ 通勤・働き方の負荷は許容範囲か
④ 1年後にスキルとして残るものがあるか

全部満たさなくてもいいけど、2つ以下ならまだ動くタイミングじゃない気がしている。

この基準、あなたなら何を足しますか？",🧭✅,high,none,
2026-09-08,21:00,tenshoku,threads,転職,"第二新卒・既卒向けの転職支援をいくつか調べて、入口が「無料カウンセリング」のものと「登録だけ」のものに分かれる印象があった。

比較するときに見ていたのは3つ。
・初回が面談か、登録完了か
・条件の棚卸しが先か、求人提示が先か
・入社後の記述があるか

今の自分は、情報収集と応募のどちらが先だと思いますか？",🗂️,medium,implicit,
2026-09-08,07:00,pet,threads,ペット,結論、ペットフード選びで見るべき基準は3つだけでいいと考えています。①原材料の1番目が肉・魚であること②着色料・香料が無添加であること③粒の大きさが顎の力に合っていること。それ以外の細かい成分表はあまり気にしなくていいというのが私の立場です。保存しておいて買い物のときに見返せる基準にしてもらえたら。あなたが一番重視しているポイントは①〜③のどれですか？,🐾📝,high,none,
2026-09-08,12:00,pet,threads,ペット,朝5時に起こしにくる猫は珍しくないと思っています。個人的には、これは甘えではなく「生活リズムの主張」だと捉えるのが一番しっくりきます。無理に直そうとするより、前日の夜ご飯の時間を30分後ろにずらすだけで改善したという声もよく聞きます。しつけの失敗ではなく、リズムの調整で解決できるケースが多い印象です。同じように早朝に起こされている人、どう対処してますか？,🐱⏰,medium,implicit,
2026-09-08,19:00,pet,threads,ペット,"結論、犬の留守番対策は""環境""より""合図の習慣化""で決まると考えている。
チェックリスト
・出る前と帰宅後の声かけを毎回同じ言葉にする
・退屈対策グッズは3日おきに入れ替える
・室温と換気は数値で管理し感覚に頼らない
この3点を意識するだけで留守番中の様子が変わったという報告は多い。あなたの家ではどれを優先している？",🐕📝,high,none,
2026-09-08,21:00,pet,threads,ペット,"猫の1日の飲水量は体重1kgあたり50mlが目安とされている。私はこの数字を下回った日は要注意ラインだと考える派。
判断基準
・器の水は最低1日1回入れ替える
・複数の器を離れた場所に置く
・冬場は基準値を下回りやすいので温度も確認する
数字で管理すると変化に気づきやすいという声が多い。普段、水分量はどう確認してる？",🐈💧,high,none,
2026-09-08,07:00,sleep,threads,睡眠,"結論、寝る90分前の入浴が一番コスパがいいと思う。
深部体温が下がるタイミングで入眠すると寝つきが変わる、というのを試してから朝の目覚めが軽くなった気がする。
チェックすべきは3つだけ。
①湯温38〜40度
②浸かる時間10〜15分
③入浴後は照明を落として画面を見ない
これだけで「寝つくまでの時間」が変わる人は多いはず。
みんなは入浴と寝つきの関係、意識してる？",🛁🌙,high,implicit,
2026-09-08,12:00,sleep,threads,睡眠,"私は「起床時間固定」派。就寝時間より起きる時間を揺らさない方が睡眠の質は安定すると感じている。
休日に寝坊すると月曜がしんどくなるのは、体内時計がズレるから。
目安にしてるのはこの3つ。
・平日と休日の起床差は1時間以内
・起きたらすぐ日光を浴びる
・二度寝は15分以内で切る
シンプルだけど効果を感じやすい基準だと思う。
起床時間、みんなはどのくらいブレてる？",⏰☀️,medium,implicit,
2026-09-08,19:00,sleep,threads,睡眠,"結論、夜中に何度も目が覚めるなら“質問”より先に“室温”を疑ったほうがいいと思う。
チェックリスト
・寝室が27℃以下か
・除湿は40〜60%目安になっているか
・扇風機の風が体に直接当たっていないか
一つでも当てはまらないなら、まずそこから見直すのが近道。今の時期、何度目が覚める？",🌙💦,high,implicit,
2026-09-08,21:00,sleep,threads,睡眠,"結論、お盆休みで夜型になった人は、今が一番戻しにくい時期だと思う。
観察していると崩れがちなのはこの2パターン
・起床時間だけ元に戻して就寝時間はそのまま
・寝る前のスマホ時間だけ伸びたまま
休み明け、みんなはどう立て直してる？",🌅📱,medium,implicit,
2026-09-09,07:00,konkatsu,threads,婚活,"結論、婚活で本気度を見るべきは「学歴」より「質問の数」だと思う。
先週、婚活パーティー会場のロビーで順番待ちをしていた2人の会話が耳に入った。
一方はプロフィールの年収や勤務先ばかり確認し、もう一方は相手の休日の過ごし方を3つも質問していた。
■本気度が高い人に共通する質問の傾向
・相手の「好きなもの」を聞いているか
・条件確認より過去のエピソードを聞いているか
・沈黙の後も会話を続けようとしているか
条件を聞く人より、好きなものを聞く人の方が、関係が進みやすいと感じている。
直近のデートで「質問攻めだったな」と感じた瞬間、ありましたか？",🤔📝,high,implicit,
2026-09-09,12:00,konkatsu,threads,婚活,"私は、婚活が停滞する一番の原因は「年収」より「審査モードが抜けないこと」だと思う。
最初はときめきで会っていたはずなのに、3回目あたりから急に条件確認モードに切り替わる人を何人も見てきた。
■審査モードに入っているサイン
・会話の8割が確認作業になっている
・相手の弱みより強みばかり探している
・楽しかった記憶より条件の一致率で判断している
審査を忘れられた瞬間からしか、関係は前に進まないと考えている。
最近のデートで、つい確認モードになってしまった瞬間はありましたか？",💭✅,high,implicit,
2026-09-09,19:00,konkatsu,threads,婚活,"婚活中の人の話を聞いていると、プロフ写真で一番差が出るのは加工より表情だと感じる。
結論、自己紹介文の雰囲気と写真の表情が一致していないと不成立になりやすい気がする。
■見直しポイント
・自然光で撮っているか
・口角より目が笑っているか
・年齢に見合った雰囲気か
プロフ迷子、意外と多い印象。みんなは写真何枚使ってる？",👀,medium,implicit,
2026-09-09,21:00,konkatsu,threads,婚活,"婚活で一番もったいないのは、最初の「楽しみ」が数ヶ月で「条件確認」に変わることだと思う。私は、会話の中心が年収や実家の話ばかりになったら一度立ち止まる派。

■審査モードに入っているサイン3つ
・話題の中心が「年収・職種・実家・将来設計」に偏っている
・LINEの文面が事務連絡っぽくなっている
・会う前から次の候補を探し始めている

この3つに当てはまったら、条件より「一緒にいて楽か」を見直すタイミングかもしれない。
あなたはどんな瞬間に審査モードに気づく？",💍🔍,high,implicit,
2026-09-09,07:00,sidejob,threads,副業,"住民税の『20万円以下なら申告しなくていい』は、所得税だけの話。私は副業収入の金額に関わらず、住民税の申告はする派です。
確定申告のときにチェックしておきたいのはこの3点。
・確定申告書 第二表の『住民税に関する事項』欄
・徴収方法が『普通徴収』になっているか
・提出前に控えを1部残しておく
これだけで会社に知られる不安はかなり減らせます。
みなさんは毎年、どちらを選んでいますか？",🧾✅,high,none,
2026-09-09,12:00,sidejob,threads,副業,"副業アカウントが伸び悩む一番の原因は、発信テーマがブレていることだと思っています。私は『1テーマ1切り口』を徹底する派です。
見直すべきチェックはこの3つ。
・プロフィールで発信テーマが一言で伝わるか
・投稿ごとにテーマが変わっていないか
・手順や基準など保存したくなる実用情報が入っているか
これだけで反応の土台が変わることが多いです。
みなさんは発信テーマ、何で絞っていますか？",📌,medium,implicit,
2026-09-09,19:00,sidejob,threads,副業,"結論、副業は「単価の高さ」より「再現性」で選んでいい。
単価だけで案件を選ぶと、続かないケースが多い印象。
私が案件を判断する基準は次の5つ。
✅ 週5時間以内で完結するか
✅ マニュアル化できる作業か
✅ 単発でなく継続案件があるか
✅ クライアントとの連絡頻度が多すぎないか
✅ 身につくスキルが翌月以降も使い回せるか
この基準に当てはまらない案件は、単価が高くても長続きしにくいと感じています。
今やってる副業、この5つに何個当てはまりますか？",✅📝,high,implicit,
2026-09-09,21:00,sidejob,threads,副業,"体感で言うと、副業が続かない人の共通点は「毎日更新」をノルマにしていること。
逆に半年以上続けられている人ほど、最初から「週3日でいい」とハードルを下げている印象がある。
理由はシンプルで、一度更新が止まると再開のハードルが一気に上がるから。
私は投稿頻度より「破綻しない仕組み」を優先する派です。
毎日更新、まだ続けられていますか？",🗓️💭,medium,implicit,
2026-09-09,07:00,beauty,threads,美容,"肌がゆらいでいるサイン、私は3つだけ見れば十分だと思っている。
①いつもより赤みが出やすい
②化粧水がしみる
③皮膚科で「肌が薄い」と言われたことがある
どれか1つでも当てはまる人は、攻めのケア（レチノール・酸系）を毎日から週2〜3回に落として、保湿を厚めにするだけで印象が変わることが多いらしい。
攻めと守り、今どっちを優先してますか？",🌿✨,high,implicit,
2026-09-09,12:00,beauty,threads,美容,肌がゆらいでいるサインは、実は3つだけ覚えておけば十分だと思っている。①化粧水がしみる②いつもより赤みが出やすい③皮膚科で「乾燥・バリア機能が低下」と言われた。結論、1つでも当てはまったら攻めケア（レチノールや酸系）は週1〜2回まで落として、保湿を厚めにするだけで扱いやすくなる、という印象がある。今の時期、当てはまる人ってどのくらいいるんだろう？,🧴✋,high,implicit,
2026-09-09,19:00,beauty,threads,美容,"結論、スキンケアは「順番」より「温度」で変える方が肌に合うと思っている。
夏は化粧水を体温に近づけてから重ね付け、冬は乳液を早めに足して蒸発を防ぐイメージ。
チェックしたいのは①肌がつっぱる時間帯②メイクがヨレる場所③週末の肌荒れ頻度、の3つ。
1つでも当てはまったら、季節ごとに順番を見直すサインだと思う。
みんなは季節で使う順番、変えてる？",🧴☀️❄️,high,implicit,
2026-09-09,21:00,beauty,threads,美容,"レチノールは毎日より、週3〜4回+保湿多めの方が続けやすいと思っている。
肌がゆらいでいるサインは次の3つ。
①いつもより赤みが出やすい
②化粧水がしみる
③皮膚科で「乾燥・薄い」と言われたことがある
1つでも当てはまるなら、頻度を落として保湿を厚くするのも選択肢だと思う。
毎日派？休み休み派？コメントで教えて",🌙✨,high,implicit,
2026-09-09,07:00,bodymake,threads,筋トレ,"結論、筋トレの伸び悩みは「追い込み不足」より「寝不足」が原因なことが多いと感じている。
📝睡眠チェックリスト
□ 就寝1時間前はスマホを触らない
□ 就寝時刻を毎日そろえる
□ 起床後にタンパク質を摂る
□ 週2回は7時間以上眠る
ここで2つ以上×がついた人は、フォーム改善より先に睡眠を整える方が結果につながりやすい気がしている。
あなたは何個当てはまった？",😴📝💪,high,none,
2026-09-09,12:00,bodymake,threads,筋トレ,"私はタイミングより「1日の合計摂取量」を優先する派です。
体重×1.6g前後を目安に朝昼晩で分けて摂る方が、30分以内のゴールデンタイムを狙うより現実的に続けられると感じている。
📋今日から試せる分け方
・朝：卵or納豆
・昼：鶏むねor魚
・夜：プロテインor豆腐
厳密さより『今日も合計は届いた』の積み重ねが継続の鍵な気がしている。
あなたはタイミング派？合計量派？",🍳📋⏱️,high,none,
2026-09-09,19:00,bodymake,threads,筋トレ,"私は「準備の手間を先に減らす」派。
・前夜にジムバッグを玄関に置く
・着替えを枕元に用意する
・補給用のドリンクを冷蔵庫に常備する
この3つだけで、朝の重い腰がかなり軽くなったという声をよく見かける。
次の朝トレ、あなたは前夜に何を準備しておく？",🎒⏰,medium,implicit,
2026-09-09,21:00,bodymake,threads,筋トレ,結論、筋トレは週3〜4回に抑える派でいる。毎日追い込むより、部位ごとに48〜72時間の回復時間を空けたほうが、扱う重量が結果的に伸びやすいと感じている。曜日固定より「前回の筋肉痛が抜けたか」で次のトレ日を決める人が周りには多い印象。あなたは頻度、何回で回してる？,💪📅,high,implicit,
2026-09-09,07:00,education,threads,教育,"夏休みの自由研究、テーマ決めから仕上げまで親がかなり伴走する家庭と、子どもにほぼ任せて見守るだけの家庭がある。完成度を重視するか、試行錯誤の過程を重視するかで自然と分かれるポイント。
あなたの家庭は伴走派？見守り派？",☀️,high,implicit,
2026-09-09,12:00,education,threads,教育,"子どもの「朝の準備」、声かけする派としない派で家庭の空気がだいぶ変わる。
毎朝リマインドして一緒に進める家庭もあれば、失敗も経験のうちと見守る家庭も。
どちらも『自分でできるようになってほしい』という気持ちは同じだけど、やり方は真逆になりがち。
あなたの家はどちら派ですか？",🕗,high,implicit,
2026-09-09,19:00,education,threads,教育,"小学生の「音読カード」、地味だけど見落としがちなポイント3つ。
①同じページを繰り返す日があっても問題なし、むしろ定着のサイン
②サインする欄は『聞いた時間帯』も一言添えると先生に伝わりやすい
③声の大きさより『区切って読めているか』の方がチェックポイントとして有効
保存しておくと役立つかもしれません。",📖,medium,implicit,
2026-09-09,21:00,education,threads,教育,"結論、宿題は低学年のうちは隣について見る派です。
理由はシンプルで、伴走ありのほうが「わからない」をその場で解消できるから。
うちで目安にしている切り替えラインはこの3つ。
①漢字の書き取りは3年生から一人でOK
②文章題は「式だけ一緒→計算は一人」に移行
③丸つけは学年関係なく一緒にやる
みなさんの家庭の切り替えラインはいつ頃でしたか？",📐📝,high,implicit,
2026-09-09,07:00,setsuyaku,threads,節約,サブスク、平均5個以上契約してる人が多いらしい。私は「年1回、全部書き出して先月の利用回数がゼロなら即解約」をルール化するのが一番効くと思う派。①契約中サービスを紙に書き出す②先月使った回数を書く③ゼロなら解約、これだけで固定費は減らせる。今月見直した人、何個解約できた？,📝,high,implicit,
2026-09-09,12:00,setsuyaku,threads,節約,節約って我慢することだと思われがちだけど、私は逆だと思う派。通信・保険・サブスクみたいな固定費を一度整えれば、あとは我慢ゼロで自動的に浮き続ける。逆に食費や外食を削る方法は継続コストが高くて挫折しやすい。あなたが最初に見直すなら、通信費・保険・サブスクのどれから手をつける？,💡,medium,implicit,
2026-09-09,19:00,setsuyaku,threads,節約,"結論、ふるさと納税は9月中に済ませておくべき派です。

2026年10月から返礼品の地場産品基準が厳格化され、家電や域外加工の食品などが対象から外れる可能性があるとされています。欲しい返礼品が決まっている人ほど先延ばしは損になりやすいです。

寄付前にチェックしたい3点↓
✅ 欲しい返礼品が『地場産品基準厳格化』の対象カテゴリか確認
✅ 上限額シミュレーターで控除枠を再確認
✅ 決済方法（クレカ・キャッシュレス）でポイント上乗せがあるか比較

制度が変わるたびに『前のルールのまま』損している人、意外と多い印象です。
みなさんは今年、もう寄付済みですか？",🍤✅,high,implicit,
2026-09-09,21:00,setsuyaku,threads,節約,"結論、固定費の見直しは『通信費→保険→サブスク』の順でやるのが効率いい派です。

理由はシンプルで、通信費は一度見直せば手間なく効果が数年続くから。保険やサブスクは見直しに時間がかかる割にリターンが小さいことが多いです。

見直し前のミニチェックリスト↓
✅ 直近3ヶ月の携帯代の平均額を出す
✅ 使っていないサブスクを1つでも洗い出す
✅ 保険は『同じ保障で安いプランがないか』だけ確認

完璧を目指すと疲れて続かないので、まず1項目だけでいいと思っています。
みなさんが最初に手をつけるならどれですか？",📱💡,medium,implicit,
2026-09-09,07:00,tenshoku,threads,転職,"20代の転職記事を読んでいると、「職務経歴書の添削」や「模擬面接」まで書く支援と、求人紹介が中心の支援が混在している。

整理した観点:
1. 支援の範囲が公開ページに書いてあるか
2. 対象（第二新卒／既卒／フリーター）が自分と重なるか
3. 無料の範囲がどこまでか

あなたが先に確認したいのは、支援の中身と対象、どちらですか？",📝,medium,implicit,
2026-09-09,12:00,tenshoku,threads,転職,"20〜30代向けの転職エージェントをいくつか調べると、「成長企業」と書くところと「求人数」と書くところに分かれる印象があった。

比較するときに見ていたのは3つ。
・対象年齢が公開ページに書いてあるか
・入口が登録か、面談か
・無料の範囲がどこまでか

今の自分は、情報収集と応募のどちらが先だと思いますか？",🗂️,medium,implicit,
2026-09-09,19:00,tenshoku,threads,転職,"採用側の視点として、書類選考で見られやすいポイントは「年齢」だけでなく「マネジメント経験の有無」や「新しく学んでいること」だとよく言われます。

特に最近はAIなど、業務外での学習をアピールする人が増えている印象です。

保存しておくと、職務経歴書を見直すときに役立つかもしれません📝",📝,high,implicit,
2026-09-09,21:00,tenshoku,threads,転職,"「石の上にも3年」って、まだ信じてますか？
最初の会社は我慢の場所だと思っていた人ほど、体調に変化が出てから初めて気づくことが多いようです。
続けることが正解とは限らない環境、意外と多いのかもしれません。
あなたの周りにも、そんな話ありますか？",🤔💭,high,implicit,
2026-09-09,07:00,pet,threads,ペット,犬が『ご褒美用おやつ』の匂いを嗅いだ瞬間に真顔になる瞬間、あれは表情筋より『間』で感情を伝えている証拠だと思う。結論、指示を出す前に3秒待つだけで反応がはっきり変わることが多い。急かすより『待たせる』方が実は伝わりやすいという観察、共感する飼い主さん多い印象。みなさんの子は何秒くらい待てますか？,🐶⏱️,medium,implicit,
2026-09-09,12:00,pet,threads,ペット,35℃の日、アスファルト表面温度は60℃近くまで上がることがある。結論、日中の散歩は避けて『朝5時台』か『夜9時以降』の二択でいいと思う。チェックすべきは3つだけ。①手の甲を5秒地面につけて熱くないか②肉球の色や歩き方に違和感がないか③水分補給用のボトルを常に携帯しているか。この3つを守るだけで熱中症リスクはかなり下げられる印象。みなさんは散歩の時間、いつにずらしてますか？,🌡️🐾,high,implicit,
2026-09-09,19:00,pet,threads,ペット,"うちの猫、掃除機をかけた日は決まって半日ふてくされてる。もう3年目だけど毎回同じ反応。

私は正直、掃除機のタイミングは猫の機嫌優先派。多少部屋が汚くても、猫が隠れて出てこない時間を作らない方が結果的にストレス少ないと思ってる。

音に敏感な子への対策、うちでやってるのは
・掃除機前におやつで別室に誘導
・掃除の直前に一声かける
・終わったらすぐ横に座って様子を見る

これくらいで様子見の時間は結構減った。

みんなの子は掃除機、平気なタイプ？それとも即逃走タイプ？",🐱🧹,high,implicit,
2026-09-09,21:00,pet,threads,ペット,"月の餌代、犬猫1匹あたり5,000〜8,000円が「普通」だと思ってる。これより極端に安い場合は原材料を一度見直した方がいいと感じる。

私はコスパより「原材料の最初の3つが何か」を優先派。安さだけで選んで体調を崩された経験があるので、そこは譲れないラインにしてる。

選ぶときにチェックしてる基準はこの3つ。
① 主原料が穀物メインじゃないか
② 添加物表記がシンプルか
③ 年齢・体重に合った粒サイズか

この基準にしてから、うちの子は毛艶と便の状態が安定した。

餌選び、みんなは価格重視？成分重視？",🐾🍖,medium,implicit,
2026-09-09,07:00,sleep,threads,睡眠,入眠までの目安は10〜20分。30分以上かかる日が続くなら、寝具より先に環境を疑ったほうがいいというのが私の考え。チェックすべきは3つだけ。①寝る1時間前のスマホ②寝室の温度③寝る直前の入浴タイミング。今の暑い時期は①②の影響が特に大きいと感じている。あなたはこの3つのうち、どれが一番崩れやすい？,🌙💤,high,implicit,
2026-09-09,12:00,sleep,threads,睡眠,結論、寝苦しい夜に安眠グッズを増やすより先にやることがある。それは『室温を下げる』の一択だと思っている。手順はシンプル。①就寝1時間前にエアコンを26〜27℃設定②寝る直前の熱いシャワーはNG、ぬるめの湯船かシャワーのみ③掛け布団は接触冷感素材に変える。この3つを順番通りにやるだけで体感はかなり変わるという声をよく見かける。今夜、この中でどれから試せそう？,🌡️😴,high,implicit,
2026-09-09,19:00,sleep,threads,睡眠,"結論、入浴は寝る90分前が一番効果を感じやすいと思っています。私は「90分前入浴派」。理由は体温が下がり始めるタイミングと、入眠に向かう体内リズムが噛み合うから。
今日からできる3ステップ↓
①38〜40度で10〜15分浸かる
②上がったらすぐ靴下を脱ぐ
③照明を落として画面を見ない
これだけで寝つきが変わったという声、よく見かけます。あなたは何分前派ですか？",🛁🌙,high,implicit,
2026-09-09,21:00,sleep,threads,睡眠,"室温は18〜20度が睡眠の質に一番影響すると感じています。私は「寒め設定＋厚手ブランケット派」。エアコンをタイマーで切って朝方に室温が上がり、中途覚醒するという相談が地味に多いです。
チェックリスト↓
・就寝時は18〜20度に設定
・タイマーではなく朝までつけっぱなしが安定
・掛け布団は薄手を2枚で微調整
今の寝室、何度に設定してますか？",🌡️😴,high,implicit,
2026-09-10,07:00,konkatsu,threads,婚活,"先週、電車で隣に座った2人の会話が最後まで敬語のままだったのを見かけた。私は、3回目のデート以降も敬語や距離感が変わらない相手とは、進展が鈍いことが多いと感じている。

■距離感が縮まっているかの判断基準
・下の名前や愛称で呼べているか
・沈黙があっても気まずくないか
・LINEの返信が短文でも成立しているか

条件よりも先にこの「距離感」を見たほうが、後の失敗が減る気がしている。
あなたは何回目のデートで距離感の変化を感じる？",🚃💬,medium,implicit,
2026-09-10,12:00,konkatsu,threads,婚活,"結論、婚活が長引く人の多くは「審査モード」に入り込んでいると感じる。条件確認から入るほど、相手も身構えて距離が縮まらない。

■審査モードに入っているサイン3つ
・初対面でいきなり年収/実家/将来設計を聞く
・沈黙が怖くて質問攻めになる
・LINEが「今度会いましょう」で止まり日程を詰めない

私は「面接官をやめた瞬間に、婚活は前に進む」派。条件を通過した先に好意があるのではなく、条件を忘れた瞬間に好意が生まれるものだと思う。

あなたは直近のデート、趣味の話に何分使えた？",💍🤔,high,implicit,
2026-09-10,19:00,konkatsu,threads,婚活,"結論、同棲の話し合いは「言葉が同じでも意味が違う」ことが多いと思う。

先日、地下鉄で隣になった20代後半くらいの2人の会話がふと耳に入った。「一緒に住もう」という同じ一言に対して、片方は現状維持のつもりで、もう片方は結婚への準備のつもりで話しているように聞こえた。

■同棲前にすり合わせておきたい3つ
・同棲のゴール（結婚時期）をいつまでに話すか
・生活費・家事の分担ルール
・将来の話題が出たときの反応を観察する

私は「同棲の意味は、言葉より態度で確認するべき」派。

あなたは同棲、通過点派？それとも結婚への準備派？",🏠💬,high,implicit,
2026-09-10,21:00,konkatsu,threads,婚活,"結論、婚活で停滞する人の多くは「審査モード」に入りすぎていると感じる。
最初は『どんな人だろう』だったのに、気づけば年収・学歴・実家の話ばかり聞いていないだろうか。
私は、条件確認より先に『素の自分が出せる相手かどうか』を見る派。
■審査モードに入っているサイン
・沈黙が怖くて質問攻めになる
・LINEが用件だけのやり取りに変わる
・会うたびに品定めされている感覚が強くなる
一つでも当てはまったら、条件リストより会話の中身を見直した方がいいと思っている。
あなたは今、どちらのモードだと思う？",💍📝,high,implicit,
2026-09-10,07:00,sidejob,threads,副業,"結論、副業を選ぶ基準は「単価」より「再現性」だと思う。

高単価でも自分にしか売れないスキルは長続きしにくい。逆に単価が低くても、毎回同じ手順で数字が読める仕組みの方が結果的に続けやすいと感じる。

副業を選ぶ前に見るチェックリスト
・作業時間が毎回大きくブレないか
・自分が休んでも仕組みが回るか
・成果が数字で見える仕組みか

これに当てはまらない副業は、始める前に一度立ち止まった方がいいと思う。

みんなは副業選びで何を一番重視してる？",📝✅,high,implicit,
2026-09-10,12:00,sidejob,threads,副業,"丁寧に書きすぎた投稿ほど伸びない、というのは副業アカウントを見ていてよく感じること。

長文で背景から説明するより、3行で言い切る投稿の方が反応が良い印象がある。通勤時間にサッと読める分量に収まっているかどうかは、地味だけど大きな差になっている気がする。

短く言い切る投稿の型
・1行目で結論を言う
・2行目で理由をひとつだけ添える
・3行目で行動か問いで締める

丁寧に書きすぎて逆に反応が伸びなかった経験、心当たりある人いる？",✂️💭,medium,implicit,
2026-09-10,19:00,sidejob,threads,副業,"結論、初心者が最初に手を出すべき副業は「在庫を持たない系」だと考えています。
判断基準はシンプルに3つ。①初期費用1万円以下②即日撤退できる③スキマ時間で完結する。
この3条件を満たさない副業話は、契約前に一度立ち止まる価値があると思います。
あなたが今検討している副業、この基準に当てはまりますか？",📝✅,high,implicit,
2026-09-10,21:00,sidejob,threads,副業,"副業を始めて早期にやめる人に共通するのは、「完璧な準備」を先にやろうとする傾向だと感じています。
私は「まず小さく1件動いてから改善する」派です。
準備期間が長くなるほど、実行に踏み出す心理的ハードルが上がっていく現象、周りで見かけませんか？",💭🔍,medium,implicit,
2026-09-10,07:00,beauty,threads,美容,"結論、秋の乾燥対策は「化粧水の量」より「重ねる回数」がカギだと思う。
チェックしてほしいポイントは3つ。
①肌がつっぱる時間帯が朝か夜かで違うか
②メイクのヨレが増えたか
③使うアイテムを季節で変えているか
1つでも当てはまるなら、量を増やす前に重ねづけの回数を見直すのがおすすめ。
秋の乾燥、対策変えた人います？",🍂✨,high,implicit,
2026-09-10,12:00,beauty,threads,美容,"私は「毛穴パック」より「保湿の均一化」を優先する派。
乾燥した部分ほど皮脂が過剰に出て毛穴が目立ちやすくなると考えているから。
見直すポイントは2つだけ。
①Tゾーンと頬で化粧水の量を変えていないか
②夜だけ保湿して朝は省略していないか
この2つを直すだけで印象が変わったという声もよく見かける。
毛穴対策、今どうしてますか？",🔍✨,medium,implicit,
2026-09-10,19:00,beauty,threads,美容,"結論、毛穴とくすみは「隠す」より「土台から整える」ほうが長期的には楽だと思っている。
私の基準はシンプルで、①下地前に毛穴用の下地を一枚挟む②くすみは色ムラよりまず乾燥ケアを先にする③厚塗りで誤魔化す日は週1以下にする、の3つだけ。
特別な日だけ気合いを入れるより、日常の延長で整えるほうが結局続く気がしている。
あなたは「隠す派」「土台から整える派」どっち？",🧴✨,medium,implicit,
2026-09-10,21:00,beauty,threads,美容,"はっきり言うと、肌だけ頑張っても髪がパサついていると顔全体の印象がくすんで見えると思っている。
私が意識しているのは、①乾かす前にオイルを一滴つける②アイロン前も同じ工程を挟む③ディープトリートメントは週1回だけ、の3ステップだけ。
肌の透明感を仕込む前に髪のツヤを仕込んだほうが、写真の伸びが早い気がしている。
今、肌ケアと髪ケア、時間をかけているのはどっち？",💇‍♀️✨,medium,implicit,
2026-09-10,07:00,bodymake,threads,筋トレ,結論、筋トレの継続力は「準備の手間を何分削れるか」で9割決まると思っている。続けられている人に共通して見えるのは①ウェアを前夜に出す②ジムバッグを玄関に置く③行った日だけカレンダーに丸をつける、の3つだけ。根性で乗り切るより仕組みを変える方が再現性が高い気がしている。あなたが取り入れてる『続く仕組み』、ひとつだけ教えて？,🗓️✅,medium,implicit,
2026-09-10,12:00,bodymake,threads,筋トレ,"結論、筋トレが続くかどうかは「最初の2週間の頻度設計」でほぼ決まると思っている。理由はシンプルで、習慣が固まる前に高頻度・高強度にすると、心身の負荷でやめやすくなるから。
続けやすい人に共通する初期設計はこの3つ。
・週2〜3回からスタートする
・同じ部位を連続で追い込まない
・「休む日」を先にカレンダーへ入れておく
この3つを外している人ほど、3週間以内に離脱しやすい印象がある。あなたは最初の2週間、どんな頻度で始めた（始める予定）？",📅💪,high,implicit,
2026-09-10,19:00,bodymake,threads,筋トレ,"「筋肉痛が出ないと効いていない」というのは半分間違いだと思っている。筋肉痛はダメージの指標であって、成長そのものの指標ではないからだ。
実際、扱う重量や回数の推移が右肩上がりなら、筋肉痛がなくても筋力・筋量は伸びているケースがある。
成長判断に使えるチェックポイントはこの3つ。
・同じ種目の重量が3週間前より伸びているか
・同じ重量でのフォームが安定してきたか
・翌日の「動ける感覚」を疲労感より重視できているか
この3つを記録し始めると、筋肉痛の有無に一喜一憂しなくなる気がしている。あなたは何を基準に伸びを判断してる？",📊🔥,high,implicit,
2026-09-10,21:00,bodymake,threads,筋トレ,"停滞期に入ったとき、種目を増やす前に見直されがちなポイントをメモ。
① 睡眠時間が最近削れていないか
② 同じ重量・回数が何週も続いていないか
③ 体重の変化に対して食事量が合っているか
この3つから確認する、という考え方があるらしい。
みんなは停滞期、まず何から見直す？
📝",📝,high,implicit,
2026-09-10,07:00,education,threads,教育,"結論、テストの点数は見せてもらう派です。
点数そのものより「どこで間違えたか」を一緒に確認する材料になると考えています。
我が家で決めているチェックポイントは3つ。
①70点以下は原因を一緒に探す
②90点以上は結果より過程を一言褒める
③点数の良し悪しでその日の機嫌を変えない
見せなくていい派のご家庭は、どんな基準でやる気を守っていますか？",📊✏️,high,implicit,
2026-09-10,12:00,education,threads,教育,"結論、家庭のご褒美設計は「プロセス評価8割・結果評価2割」がちょうどいいと感じている。
テストの点数だけを見ていると、点数が伸びない時期にやる気の土台まで崩れやすい。
・机に向かった時間
・声に出して読んだ回数
・分からない問題に粘った時間
このあたりを記録して、月末にまとめて結果と紐づけるくらいが現実的だと思う。
みなさんの家庭では、どちらの比重が大きいですか？",🎯📝,high,implicit,
2026-09-10,19:00,education,threads,教育,"結論、子どもの「できない」は「まだ」に言い換えるだけで行動が変わりやすいと感じている。
言い換えの基準はシンプルに3つ。
①結果ではなく直前の行動を言葉にする
②比較は「昨日の自分」に限定する
③できたことは具体的な数字で伝える（例：10分早く着席できた）
抽象的な励ましより、この方が次の一歩につながりやすい気がする。
他に効果を感じた言い換え、あれば教えてください。",📌✨,high,implicit,
2026-09-10,21:00,education,threads,教育,"結論、プログラミングはもう『習い事の選択肢』ではなく『受験科目の準備』だと私は見ています。
情報Ⅰが共通テストに入ってから、周囲の相談内容は「楽しく触れさせたい」から「間に合わせたい」に変わってきました。
判断基準はシンプルに2段階、
・中学までに触れて型に慣れる
・高校からは演習量を増やす
この順番で考えると迷いにくいです。
みなさんはいつから対策を意識し始めましたか？",📝,high,implicit,
2026-09-10,07:00,setsuyaku,threads,節約,"結論、固定費は「通信→保険→サブスク」の順で見直すのが一番効率がいいと思っている。

理由は単純で、この3つは一度見直せば毎月ずっと効果が続くから。

見直す時に自分がチェックしてる基準はこの3つだけ。
①使ってる機能を実際に使っているか
②同条件でもっと安いプランがあるか
③解約・変更の手間が数千円以上の価値に見合うか

節約系の発信をしてると「頑張って我慢する」系のアドバイスが多いけど、個人的には我慢より仕組みを変える方がラクだし続くと感じてる。

みんなは固定費、どこから手をつけた？",💡📱,high,implicit,
2026-09-10,12:00,setsuyaku,threads,節約,"ふるさと納税、毎年12月に慌てて申し込む人が多いけど、私は「夏〜秋のうちに上限額だけ計算しておく派」。

理由は、年末は返礼品の人気商品が売り切れやすいから。

上限額を計算する時に見てる項目はこれだけ。
・今年の給与収入（見込みでOK）
・扶養家族の人数
・他の控除（iDeCoやふるさと納税以外の寄付）の有無

この3つが分かれば、シミュレーターでだいたいの上限は出せる。

毎年ギリギリで焦る人、意外と多くない？",🍅📝,medium,implicit,
2026-09-10,19:00,setsuyaku,threads,節約,ふるさと納税、いまだに『返礼品ランキング』から選んでる人が多い気がする。私は先に控除上限額を計算してから探す派。手順はシンプルで、①年収から上限額を出す②米や洗剤など普段使いのカテゴリで探す③届く時期を分散させる、この3ステップだけ。年末に慌てて選ぶより今の時期に動いた方が選択肢が多い。今年もう申し込んだ人いる？,🍚📦,high,implicit,
2026-09-10,21:00,setsuyaku,threads,節約,先月のスーパー、去年と同じ買い物カゴなのに800円くらい高くなってた気がする。値上げの実感って数字にすると結構でかい。私は毎回レシートを前月分と見比べる派で、家計簿アプリより肌感覚が掴みやすいと思ってる。細かい値上げ、みんなはどの商品で一番感じてる？,🧾📈,high,implicit,
2026-09-10,07:00,tenshoku,threads,転職,"2026年、育児・介護休業法の改正で「小学校3年生まで時短勤務が可能」になった会社、実はまだ知られていません。
求人票だけでは分からない“制度の運用実態”こそ、会社選びで見落とされがちなポイントかもしれません。
面接で聞いてよかった質問、ある人は教えてください🙏",📋✨,high,implicit,
2026-09-10,12:00,tenshoku,threads,転職,"面接で落ちる人の多くは「逆質問」で損してると思う。
私はこれまで採用側・支援側の両方を見てきたけど、ここを軽視してる人が本当に多い。

チェックしてほしいのはこの3つ：
・給与や休暇の確認だけで終わっていないか
・入社後にどう貢献したいかを語れているか
・面接官の反応を見て一段深掘りできているか

どれか1つでも欠けると、印象は一気に薄くなる。

あなたは逆質問、何を準備してる？",📝✅,high,implicit,
2026-09-10,19:00,tenshoku,threads,転職,"「今の会社が嫌」だけで転職活動を始めると、正直うまくいかないケースが多いと感じている。

私が見てきた中で、うまくいっている人には共通点があった。
・辞めたい理由より「叶えたい条件」を先に言語化している
・年収だけでなく働き方の優先順位が決まっている
・応募前の自己分析にちゃんと時間をかけている

逆に勢いだけで書類を出す人ほど、入社後にミスマッチを感じやすい印象がある。

今の転職理由、「逃げ」より「叶えたいこと」で言えてる？",💭🔍,high,implicit,
2026-09-10,21:00,tenshoku,threads,転職,"面接で給与交渉をしない人がまだ8割くらいいる気がする。
私は「交渉しない方がリスク」派。

交渉するタイミングの基準はこの3つだけ見てる。
①内定通知後、入社日確定前
②他社オファーがある場合は先に開示
③希望額は根拠（前職給与・市場相場）とセットで出す

これだけでも印象は悪くならないし、下がることはほぼない。

みんなは給与交渉、したことある派？しない派？",💬📈,high,implicit,
2026-09-10,07:00,pet,threads,ペット,"結論、フード選びで一番見るべきは「原材料表示の順番」だと思っている。

最初の3つに肉・魚由来のタンパク源が入っているかで、だいたいの品質は判断できる。

保存版チェックリスト↓
□ 原材料の1〜3番目にタンパク源があるか
□ 添加物の種類が多すぎないか
□ 便の状態（硬さ・匂い）が切り替え後2週間で安定したか
□ 粒の大きさが顎の力に合っているか

毎回パッケージ裏を見返すのが面倒な人向けの基準です。

みなさんはフード選びで一番重視してる項目、何ですか？",🐾📋,high,implicit,
2026-09-10,12:00,pet,threads,ペット,"猫が急に飼い主の膝から降りて、少し離れた場所で丸くなるのは「嫌い」じゃなくて「安心してる証拠」だと思っている。

ベタベタ甘えるだけが愛情表現じゃなくて、視界に入る距離で寛いでいること自体が信頼のサインというのが私の見方。

同じ空間にいるのに触れ合わない時間、うちのコだけかと思ってたけど意外とあるあるらしい。

猫飼いのみなさん、この「つかず離れず」感じたことあります？",🐈,medium,none,
2026-09-10,19:00,pet,threads,ペット,"結論、初心者ほど多頭飼いより先に「通院費の備え」を整えるべきだと思う。保険の有無で、通院するかどうかの判断が変わる場面をよく見かける。

【通院前チェック】
・年1回の健康診断予定はあるか
・通院費の上限額を決めているか
・持病の有無を把握しているか

これだけで「まさかの通院」への心構えがかなり変わる、というのが個人的な結論。みなさんは通院費の目安、決めていますか？",🐾🏥,medium,none,
2026-09-10,21:00,pet,threads,ペット,"うちの子が季節の変わり目にフードを残す——これ、あるあるだと思う。結論、フードを変える前にまず「量」を見直すのが先。

【原因を絞る3チェック】
1) 体重の増減
2) おやつの量
3) 運動量の変化

これで大体の原因は絞れる、というのが観察してきた実感。みなさんの子は食欲の波、どう対策してますか？",🐶🍚,medium,none,
2026-09-10,07:00,sleep,threads,睡眠,"結論、夜中に何度も目が覚めるのは「気にしすぎ」より先に室温と光を疑ったほうがいい派です。
目安にしているチェックはこの3つ↓
①寝る1時間前は暖色照明に切り替えているか
②布団の中の温度が高すぎないか
③起床時刻を平日休日で大きくズラしていないか
どれか当てはまる人、地味に多いはず。あなたはどれが一番怪しいと思う？",🌙💤,high,implicit,
2026-09-10,12:00,sleep,threads,睡眠,"最近「夜中に3回以上目が覚める」という声をよく見かける。私はこれ、スマホより『布団の中で考え事をする時間』の影響のほうが大きいと思っている派です。
試している人が多い対策はシンプルで、
・寝る前に『明日やること』を紙に書き出す
・布団に入ったら考え事を一旦保留にする
これだけで中途覚醒が減ったという話をよく聞きます。同じタイプの人いる？",🛌📝,medium,implicit,
2026-09-10,19:00,sleep,threads,睡眠,"結論、寝る前90分のスマホ断ちが一番コスパの良い睡眠改善策だと思う。

私は『デジタル門限』と呼んで人に勧めている。

やることはシンプル：
・22:30以降は通知オフ
・照明は暖色系に切り替え
・ベッドでは本かストレッチのみ

これだけで『布団に入ってからのスマホ時間』が減り、入眠までの体感時間が短くなったという声が多い。

みんなは寝る前、何時にスマホを手放してる？",📱🌙,high,implicit,
2026-09-10,21:00,sleep,threads,睡眠,"夜中に『明日ちゃんと起きられるかな』と不安になって、逆に目が冴えた経験がある人は多いはず。

私はこの手の不安は『予定への責任感の裏返し』だと思っている。だから無理に寝ようとせず、一度アラームを2つ確認するだけで安心して眠れることが多い。

完璧に寝ようとするより、『最低限起きられる保険』を作る方が結果的に眠りやすい派です。

みんなは寝る前、そういう不安どう対処してる？",⏰😌,high,none,
2026-09-11,07:00,konkatsu,threads,婚活,"初対面から3回目のデートまでずっと敬語のまま、というのは珍しいことではないと観察している。
私は『3回目で下の名前を呼べているか』を進展の分かれ目として見ている派。
■距離感が縮まっているかのチェック
・沈黙になっても気まずくならない
・LINEの文末に絵文字や砕けた言い回しが増える
・次の予定を相手から提案してくるようになる
逆にこれが3回目を過ぎても変わらない場合、関係は仮交際のまま止まりやすいと感じている。
あなたの婚活で、距離感が変わった瞬間はどんなタイミングだった？",📏💬,medium,implicit,
2026-09-11,12:00,konkatsu,threads,婚活,"結論、婚活で本気度を見るべきは「学歴」より「質問の数」だと思う。
先週、婚活パーティー会場のロビーで順番待ちをしていた2人の会話が耳に入った。
一方はプロフィールの年収や勤務先ばかり確認し、もう一方は相手の休日の過ごし方を3つも質問していた。
■本気度が高い人に共通する質問の傾向
・相手の「好きなもの」を聞いているか
・条件確認より過去のエピソードを聞いているか
・沈黙の後も会話を続けようとしているか
条件を聞く人より、好きなものを聞く人の方が、関係が進みやすいと感じている。
直近のデートで「質問攻めだったな」と感じた瞬間、ありましたか？",🤔📝,high,implicit,
2026-09-11,19:00,konkatsu,threads,婚活,"私は、婚活が停滞する一番の原因は「年収」より「審査モードが抜けないこと」だと思う。
最初はときめきで会っていたはずなのに、3回目あたりから急に条件確認モードに切り替わる人を何人も見てきた。
■審査モードに入っているサイン
・会話の8割が確認作業になっている
・相手の弱みより強みばかり探している
・楽しかった記憶より条件の一致率で判断している
審査を忘れられた瞬間からしか、関係は前に進まないと考えている。
最近のデートで、つい確認モードになってしまった瞬間はありましたか？",💭✅,high,implicit,
2026-09-11,21:00,konkatsu,threads,婚活,"婚活中の人の話を聞いていると、プロフ写真で一番差が出るのは加工より表情だと感じる。
結論、自己紹介文の雰囲気と写真の表情が一致していないと不成立になりやすい気がする。
■見直しポイント
・自然光で撮っているか
・口角より目が笑っているか
・年齢に見合った雰囲気か
プロフ迷子、意外と多い印象。みんなは写真何枚使ってる？",👀,medium,implicit,
2026-09-11,07:00,sidejob,threads,副業,副業アプリを3つ以上掛け持ちしてる人、正直成果が分散して伸びにくいと感じる。私は「1つに集中→一定期間で反応が出なければ乗り換え」派です。乗り換えるかどうかの判断基準は3つ。①初月に実際に手を動かした時間 ②得られた反応・問い合わせ数 ③自分の得意分野との相性。増やす前に一度この3つで立ち止まってみてほしい。あなたは掛け持ち派？集中派？,📝✅,high,implicit,
2026-09-11,12:00,sidejob,threads,副業,在宅ワークの求人、応募者の多くが単価だけを見て選んでいる印象がある。私は「継続して依頼が来るかどうか」で選ぶべき派。単価が高くても更新されない案件は結局稼働ゼロになりやすい。見るべきポイントは①募集期間の長さ ②依頼主のレビュー数 ③初回対応の速さ、の3つ。単価と継続率、どちらを優先して選んでる？,🔍,medium,none,
2026-09-11,19:00,sidejob,threads,副業,"結論、副業初心者はまず「在庫を持たない」ジャンルから始めるべきだと思っています。
挑戦してすぐ挫折する人の共通点は、初期費用を先に使いすぎることです。
私が見てきた中で続きやすかった順番はこちら👇
①スキル販売（時間さえあれば元手0円）
②アフィリエイト（在庫ゼロ・発送ゼロ）
③物販（在庫リスクあり・最後に検討）
あなたが最初に選んだのはどのタイプでしたか？",👇,high,implicit,
2026-09-11,21:00,sidejob,threads,副業,"体感、副業が続かない人の8割は「毎日投稿」を目標にしすぎていると思っています。
私は質より先に「継続できる頻度」を決める派です。
挫折しやすい人によく見られる特徴はこちら👇
・初日から気合を入れすぎる
・反応がないとすぐやめる
・比較対象がいきなり月収100万円の人
まずは週2投稿を3ヶ月続けるほうが、結果的に早く積み上がります。
今の投稿頻度、少し無理していませんか？",👇,high,implicit,
2026-09-11,07:00,beauty,threads,美容,"「盛れるコスメ」より「自分に合う色」を選んだ方が結局盛れる、と最近よく思う。
私はパーツを強調するメイクより、肌なじみ優先の似合わせ盛り派。
セルフチェックは、①ファンデを頬と顎で色比べする②チークは骨格の一番高い位置に薄く③リップは唇の血色に近い色を選ぶ、の3つだけ。
パーツ盛りで浮いていた頃より、似合わせを意識してからの方が『変わったね』と言われる気がしている。
最近メイクで意識してること、ある？",💄🪞,medium,implicit,
2026-09-11,12:00,beauty,threads,美容,"結論、今話題の「再生系成分」は成分名で選ぶより、悩み別に使い分けるほうが失敗しにくいと感じています。
見ている基準は3つ→①乾燥か赤みかで系統を選ぶ②新成分は少量から試す③3週間は変化を様子見してから判断。
情報が多い時期ほど「基準を先に決める」ほうが近道だと思うのですが、みなさんは成分選びで何を一番重視していますか？",✅🧪,high,implicit,
2026-09-11,19:00,beauty,threads,美容,"私は「攻める美容医療級ケア」より「守る土台ケア」を先に固める派です。
季節の変化で肌がゆらぐという声は美容メディアでもよく指摘されています。
土台ケアの基準は3つ→①バリアを壊さない洗顔に一時切り替え②低刺激処方を選ぶ③肌が落ち着いてから攻めケアを再開。
今の時期、攻めと守りどちらを優先していますか？",🛡️🌿,high,implicit,
2026-09-11,21:00,beauty,threads,美容,"結論、乾燥小ジワ対策は「保湿の量」より「重ねるタイミング」だと思っている。
私がチェックしている基準は3つ。
①洗顔後1分以内に化粧水を1プッシュ
②乳液は手のひらで軽く温めてから伸ばす
③夜だけ保湿量を1.5倍にする
この3つのうち、1つでもやってないと乾燥が戻りやすい印象。
みなさんは重ねるタイミング、意識してますか？",🧴💧,high,implicit,
2026-09-11,07:00,bodymake,threads,筋トレ,体重×1.5gのタンパク質量、いきなり計算しなくていい。私が続けているのは「卵1個＋納豆1パック」を毎日の食事に固定で足すだけのルール。数字を追うより“いつもの食事に1品足す”方式の方が続く気がしている。今日の食事、あと何を足せそう？,🥚,medium,implicit,
2026-09-11,12:00,bodymake,threads,筋トレ,結論、忙しい日ほど「10分メニュー」でいいと思っている。私が実践しているのはスクワット10回・腕立て10回・プランク30秒の3つだけ。完璧な60分より、ゼロの日を作らないことの方が半年後の差になる気がしている。あなたが忙しい日に削るなら、種目？時間？それとも回数？,💪🏠,high,implicit,
2026-09-11,19:00,bodymake,threads,筋トレ,私は「タイミングより合計量」派。筋トレ後30分以内にこだわるより、朝・昼・夜でタンパク質を1品ずつ足す方が結局続く。目安は卵1個・納豆1パック・ヨーグルト1個をそれぞれ別の食事に足すだけ。細かい計算より『足す習慣』を先に作る方が挫折しにくいと感じている。みんなはタイミング重視？合計量重視？,🍳⏱️,high,implicit,
2026-09-11,21:00,bodymake,threads,筋トレ,"結論、タンパク質は体重×1.2gで十分だと思っている。厳密に計算するより「今日どれだけ実行できたか」の方が重要。
続けやすさの基準は①朝に卵か納豆を1品追加②間食を加工食品からゆで卵やヨーグルトに変える③体重は2週間単位で見る、の3つだけ。
量より継続、どっちを優先してる？",🥚💪,high,implicit,
2026-09-11,07:00,education,threads,教育,"結論、子どもの『できない』への返しは、否定せず現在地を示す一言に変えるだけで反応が変わると感じています。
私が意識しているのは3段階の言い換えです。
・否定しない→「まだ途中だね」
・現在地を示す→「ここまではできてるね」
・次に繋げる→「次はここをやってみようか」
この順番を守るだけで表情が変わることがあります。
みなさんが使っている言い換え、コメントで教えてください。",📌,high,implicit,
2026-09-11,12:00,education,threads,教育,"結論、子どもの「できない」への返しは具体性一択だと思っています。
・「まだできてないだけ」→現在地の言い換え
・「ここまでできてるね」→進捗の可視化
・「一緒に考えてみようか」→伴走宣言
保存版チェックリストとして使ってみてください。他に使っている言い換え、あれば教えてください。",📌✏️,high,implicit,
2026-09-11,19:00,education,threads,教育,"結論、子どもの「できない」への返しは、行動を主語にすると変わると思う。
私は「あなたはできない」ではなく「このやり方がまだ合ってないだけ」と伝える派です。
・成果より途中経過を認める
・他の子と比較しない基準を先に決めておく
・次の一歩だけを具体的に提案する
保存版のつもりで書きました。皆さんが実際に使ってる言い換え、どんなのがありますか？",📝,high,implicit,
2026-09-11,21:00,education,threads,教育,"結論、ロボット教室とプログラミング教室は「入り口」で選べば失敗しにくいと思う。
私は、手を動かすのが好きな子にはロボット、画面の中で完結させたい子にはプログラミングを勧める派です。
判断の目安：
・工作や分解が好き→ロボット系
・ゲームや動画を作りたい→プログラミング系
・両方好きそう→まずは両方の体験だけ受けてみる
どちらのタイプか、迷ってる人はお子さんの普段の遊び方どっちに近いですか？",🤖,high,implicit,
2026-09-11,07:00,setsuyaku,threads,節約,"月額3000円以上のスマホ代を払ってる人、結論そのままだと損してます。

私は「基本料＋事務手数料＋通話料」の総額でしか比較しない派です。

見るべきポイントは3つだけ。
① 直近3ヶ月の平均データ使用量（設定画面で確認）
② 通話は月何分か（かけ放題が必要か）
③ 契約時の事務手数料込みの実質月額

表面の月額だけ見て選ぶと、結局高くつくケースをよく見かけます。

みんなは乗り換えるとき、月額以外にどこ見て決めてます？",📱,high,implicit,
2026-09-11,12:00,setsuyaku,threads,節約,"ふるさと納税、12月にまとめてやる人が多いですが、私は「夏のうちに上限額だけ確認しておく」派です。

理由はシンプルで、年末は返礼品が品切れ・発送遅延になりやすいから。

やることは2つだけ。
① 今年の想定年収からざっくり上限額を計算
② 上限の8割くらいまでで一度申し込んでおく

『年末にまとめて選ぶ楽しさ』もわかるけど、選択肢が減ってから焦るより早めの方が結局お得だと感じます。

みなさんは毎年いつ頃やってますか？",🍅,medium,implicit,
2026-09-11,19:00,setsuyaku,threads,節約,"月の固定費が3万円台に収まるかどうかで、貯金体質は9割決まると思っている。私は結論、食費を削るより先に固定費を見直すべき派です。
見直す優先順位は①通信費②サブスク③保険④電気ガスの順が効率的。
チェックリスト
・スマホ代が月5000円を超えていないか
・使っていないサブスクが3つ以上ないか
・保険に『なんとなく』で入っていないか
固定費、最後に見直したのいつですか？",💰📝,high,implicit,
2026-09-11,21:00,setsuyaku,threads,節約,"食費を切り詰めるより、惰性で払っている固定費を削る方が続けやすいと思う。私はここ数年、食費より先に契約系の見直しから手をつける派です。
節約が続かない人に共通するのは、我慢を積み重ねて疲れてしまうこと。一度手続きすれば自動的に減る仕組みの方が挫折しにくい。
変動費と固定費、みなさんはどっちから見直しましたか？",🧾💡,medium,implicit,
2026-09-11,07:00,tenshoku,threads,転職,"求人サイトの倍率が高くても、現場の実感は「買い手市場」という人が6割超えてるらしい。
私はこのギャップこそが転職活動の落とし穴だと思ってる。

『本当に人が足りてる会社』を見極める基準はこの3つ。
・面接官が2回以上変わる＝選考が慎重＝実は余裕がある可能性
・スカウトの文面が定型文か個別かで温度感が分かる
・求人票の「即日入社歓迎」は逆に警戒したほうがいい

数字だけで判断すると痛い目を見る。

このギャップ、実際に感じたことある人いる？",🔍📊,high,implicit,
2026-09-11,12:00,tenshoku,threads,転職,"私は「転職エージェント3社登録」派です。理由は単純で、求人の出方が会社によって全然違うから。
1社だけだと紹介される求人の数も業界の偏りも大きい、という声はよく聞きます。

登録前に見るべきチェックリストはこの3つ。
・得意業界（IT/メーカーなど）が自分と合っているか
・担当者の初回提案までのスピード
・面談の日程調整のしやすさ

これだけで「合わないエージェント」に時間を溶かすリスクはかなり減らせます。

みなさんは何社登録していますか？",📋,high,none,
2026-09-11,19:00,tenshoku,threads,転職,"結論、面接での退職理由は「ポジティブ変換一択」だと思っている。
「人間関係が嫌だった」ではなく「よりチームで成果を出せる環境を求めた」に言い換えるだけで、面接官の受け取り方は変わる、という声は多い。

言い換えの基準はシンプル。
・ネガティブワードを削る
・未来志向の言葉に変える
・具体的な行動やスキルにつなげる

これを意識するだけで、同じ経歴でも印象は大きく変わるはず。

みんなはどう言い換えてる？",💬,medium,implicit,
2026-09-11,21:00,tenshoku,threads,転職,"転職エージェントは1社より3社使う方が良いと思う。理由は求人の偏りと担当者の当たり外れをなくすため。
比較するときに見てるポイントはこの4つ。
・提案してくる求人の幅
・年収交渉の実績
・担当者の業界理解度
・面接後のフィードバックの速さ
1社だけだと『その担当者の得意分野』しか見えてこない。みなさんは何社くらい使ってますか？",📝✅,high,none,
2026-09-11,07:00,pet,threads,ペット,"ドッグフードのパッケージ、私は上位3つの原材料しか見ていません。それで十分と思う派です。
選ぶときに確認しているポイントはこの3つです。
・主原料が肉や魚など動物性たんぱくか
・添加物表記が少ないか
・年齢や体重に合わせたカロリー設計になっているか
細かい成分表より、この3点で十分な差が出ると感じています。
みなさんはフード選びで最初にどこを見ますか？",🍖🐾,high,implicit,
2026-09-11,12:00,pet,threads,ペット,"保護犬を勧めるかどうか、私は「飼い主の経験値次第」で分ける派です。
初めて犬を迎える人には、まず性格や病歴が把握しやすいブリーダーや里親会経由の子をすすめることが多いです。反対に、一度でも犬と暮らした経験がある人には、保護犬の相性の良さを伝えることが多いです。
どちらが正しいという話ではなく、経験値によって向き不向きがあると感じています。
みなさんは保護犬派・ブリーダー派、どちらですか？その理由も聞いてみたいです。",🐕💭,high,implicit,
2026-09-11,19:00,pet,threads,ペット,結論、ペットフード選びで見るべき基準は3つだけでいいと考えています。①原材料の1番目が肉・魚であること②着色料・香料が無添加であること③粒の大きさが顎の力に合っていること。それ以外の細かい成分表はあまり気にしなくていいというのが私の立場です。保存しておいて買い物のときに見返せる基準にしてもらえたら。あなたが一番重視しているポイントは①〜③のどれですか？,🐾📝,high,none,
2026-09-11,21:00,pet,threads,ペット,朝5時に起こしにくる猫は珍しくないと思っています。個人的には、これは甘えではなく「生活リズムの主張」だと捉えるのが一番しっくりきます。無理に直そうとするより、前日の夜ご飯の時間を30分後ろにずらすだけで改善したという声もよく聞きます。しつけの失敗ではなく、リズムの調整で解決できるケースが多い印象です。同じように早朝に起こされている人、どう対処してますか？,🐱⏰,medium,implicit,
2026-09-11,07:00,sleep,threads,睡眠,"結論、寝る1時間前のスマホは「明るさ」より「情報量」が問題だと思ってる。
脳が“処理待ちの情報”を抱えたまま横になると、光を落としても入眠が長引く。
私が試して良かった基準は3つだけ。
①通知は音もバイブも切る
②SNSは開いても「見る専用」にしてコメントしない
③ベッドに入ったらスマホは手の届かない場所に置く
これだけで「あれこれ考えて寝れない」時間が減った人、他にもいる？",🌙📵,high,implicit,
2026-09-11,12:00,sleep,threads,睡眠,"深部体温は入浴後90分でストンと下がる。私はこの90分ルールを知ってから、入浴時間を「寝る直前」から「寝る1.5時間前」に変えた派。
体感で変わったのはここ。
・布団に入ってからの寝つきまでの体感時間が短くなった
・夜中に一度目が覚める回数が減った気がする
入浴のタイミングを変えるだけで体感が変わった経験、ある人いる？どのくらい前に入ってる？",🛁⏰,high,implicit,
2026-09-11,19:00,sleep,threads,睡眠,"結論、寝る90分前の入浴が一番コスパがいいと思う。
深部体温が下がるタイミングで入眠すると寝つきが変わる、というのを試してから朝の目覚めが軽くなった気がする。
チェックすべきは3つだけ。
①湯温38〜40度
②浸かる時間10〜15分
③入浴後は照明を落として画面を見ない
これだけで「寝つくまでの時間」が変わる人は多いはず。
みんなは入浴と寝つきの関係、意識してる？",🛁🌙,high,implicit,
2026-09-11,21:00,sleep,threads,睡眠,"私は「起床時間固定」派。就寝時間より起きる時間を揺らさない方が睡眠の質は安定すると感じている。
休日に寝坊すると月曜がしんどくなるのは、体内時計がズレるから。
目安にしてるのはこの3つ。
・平日と休日の起床差は1時間以内
・起きたらすぐ日光を浴びる
・二度寝は15分以内で切る
シンプルだけど効果を感じやすい基準だと思う。
起床時間、みんなはどのくらいブレてる？",⏰☀️,medium,implicit,
2026-09-12,07:00,konkatsu,threads,婚活,"婚活で一番もったいないのは、最初の「楽しみ」が数ヶ月で「条件確認」に変わることだと思う。私は、会話の中心が年収や実家の話ばかりになったら一度立ち止まる派。

■審査モードに入っているサイン3つ
・話題の中心が「年収・職種・実家・将来設計」に偏っている
・LINEの文面が事務連絡っぽくなっている
・会う前から次の候補を探し始めている

この3つに当てはまったら、条件より「一緒にいて楽か」を見直すタイミングかもしれない。
あなたはどんな瞬間に審査モードに気づく？",💍🔍,high,implicit,
2026-09-12,12:00,konkatsu,threads,婚活,"先週、電車で隣に座った2人の会話が最後まで敬語のままだったのを見かけた。私は、3回目のデート以降も敬語や距離感が変わらない相手とは、進展が鈍いことが多いと感じている。

■距離感が縮まっているかの判断基準
・下の名前や愛称で呼べているか
・沈黙があっても気まずくないか
・LINEの返信が短文でも成立しているか

条件よりも先にこの「距離感」を見たほうが、後の失敗が減る気がしている。
あなたは何回目のデートで距離感の変化を感じる？",🚃💬,medium,implicit,
2026-09-12,19:00,konkatsu,threads,婚活,"結論、婚活が長引く人の多くは「審査モード」に入り込んでいると感じる。条件確認から入るほど、相手も身構えて距離が縮まらない。

■審査モードに入っているサイン3つ
・初対面でいきなり年収/実家/将来設計を聞く
・沈黙が怖くて質問攻めになる
・LINEが「今度会いましょう」で止まり日程を詰めない

私は「面接官をやめた瞬間に、婚活は前に進む」派。条件を通過した先に好意があるのではなく、条件を忘れた瞬間に好意が生まれるものだと思う。

あなたは直近のデート、趣味の話に何分使えた？",💍🤔,high,implicit,
2026-09-12,21:00,konkatsu,threads,婚活,"結論、同棲の話し合いは「言葉が同じでも意味が違う」ことが多いと思う。

先日、地下鉄で隣になった20代後半くらいの2人の会話がふと耳に入った。「一緒に住もう」という同じ一言に対して、片方は現状維持のつもりで、もう片方は結婚への準備のつもりで話しているように聞こえた。

■同棲前にすり合わせておきたい3つ
・同棲のゴール（結婚時期）をいつまでに話すか
・生活費・家事の分担ルール
・将来の話題が出たときの反応を観察する

私は「同棲の意味は、言葉より態度で確認するべき」派。

あなたは同棲、通過点派？それとも結婚への準備派？",🏠💬,high,implicit,
2026-09-12,07:00,sidejob,threads,副業,"住民税の『20万円以下なら申告しなくていい』は、所得税だけの話。私は副業収入の金額に関わらず、住民税の申告はする派です。
確定申告のときにチェックしておきたいのはこの3点。
・確定申告書 第二表の『住民税に関する事項』欄
・徴収方法が『普通徴収』になっているか
・提出前に控えを1部残しておく
これだけで会社に知られる不安はかなり減らせます。
みなさんは毎年、どちらを選んでいますか？",🧾✅,high,none,
2026-09-12,12:00,sidejob,threads,副業,"副業アカウントが伸び悩む一番の原因は、発信テーマがブレていることだと思っています。私は『1テーマ1切り口』を徹底する派です。
見直すべきチェックはこの3つ。
・プロフィールで発信テーマが一言で伝わるか
・投稿ごとにテーマが変わっていないか
・手順や基準など保存したくなる実用情報が入っているか
これだけで反応の土台が変わることが多いです。
みなさんは発信テーマ、何で絞っていますか？",📌,medium,implicit,
2026-09-12,19:00,sidejob,threads,副業,"結論、副業は「単価の高さ」より「再現性」で選んでいい。
単価だけで案件を選ぶと、続かないケースが多い印象。
私が案件を判断する基準は次の5つ。
✅ 週5時間以内で完結するか
✅ マニュアル化できる作業か
✅ 単発でなく継続案件があるか
✅ クライアントとの連絡頻度が多すぎないか
✅ 身につくスキルが翌月以降も使い回せるか
この基準に当てはまらない案件は、単価が高くても長続きしにくいと感じています。
今やってる副業、この5つに何個当てはまりますか？",✅📝,high,implicit,
2026-09-12,21:00,sidejob,threads,副業,"体感で言うと、副業が続かない人の共通点は「毎日更新」をノルマにしていること。
逆に半年以上続けられている人ほど、最初から「週3日でいい」とハードルを下げている印象がある。
理由はシンプルで、一度更新が止まると再開のハードルが一気に上がるから。
私は投稿頻度より「破綻しない仕組み」を優先する派です。
毎日更新、まだ続けられていますか？",🗓️💭,medium,implicit,
2026-09-12,07:00,beauty,threads,美容,"肌がゆらいでいるサイン、私は3つだけ見れば十分だと思っている。
①いつもより赤みが出やすい
②化粧水がしみる
③皮膚科で「肌が薄い」と言われたことがある
どれか1つでも当てはまる人は、攻めのケア（レチノール・酸系）を毎日から週2〜3回に落として、保湿を厚めにするだけで印象が変わることが多いらしい。
攻めと守り、今どっちを優先してますか？",🌿✨,high,implicit,
2026-09-12,12:00,beauty,threads,美容,肌がゆらいでいるサインは、実は3つだけ覚えておけば十分だと思っている。①化粧水がしみる②いつもより赤みが出やすい③皮膚科で「乾燥・バリア機能が低下」と言われた。結論、1つでも当てはまったら攻めケア（レチノールや酸系）は週1〜2回まで落として、保湿を厚めにするだけで扱いやすくなる、という印象がある。今の時期、当てはまる人ってどのくらいいるんだろう？,🧴✋,high,implicit,
2026-09-12,19:00,beauty,threads,美容,"結論、スキンケアは「順番」より「温度」で変える方が肌に合うと思っている。
夏は化粧水を体温に近づけてから重ね付け、冬は乳液を早めに足して蒸発を防ぐイメージ。
チェックしたいのは①肌がつっぱる時間帯②メイクがヨレる場所③週末の肌荒れ頻度、の3つ。
1つでも当てはまったら、季節ごとに順番を見直すサインだと思う。
みんなは季節で使う順番、変えてる？",🧴☀️❄️,high,implicit,
2026-09-12,21:00,beauty,threads,美容,"レチノールは毎日より、週3〜4回+保湿多めの方が続けやすいと思っている。
肌がゆらいでいるサインは次の3つ。
①いつもより赤みが出やすい
②化粧水がしみる
③皮膚科で「乾燥・薄い」と言われたことがある
1つでも当てはまるなら、頻度を落として保湿を厚くするのも選択肢だと思う。
毎日派？休み休み派？コメントで教えて",🌙✨,high,implicit,
2026-09-12,07:00,bodymake,threads,筋トレ,"筋トレより睡眠を優先する、が私の結論。追い込んだ日ほど回復が遅れている人を見ていると、そう感じる。
チェックしたいのは①就寝1時間前はスマホを置く②筋トレは就寝3時間前までに終える③入浴で深部体温を上げすぎない、の3つだけ。
あなたは何時間睡眠を目標にしてる？",😴🛏️,high,implicit,
2026-09-12,12:00,bodymake,threads,筋トレ,"結論、筋トレの伸び悩みは「追い込み不足」より「寝不足」が原因なことが多いと感じている。
📝睡眠チェックリスト
□ 就寝1時間前はスマホを触らない
□ 就寝時刻を毎日そろえる
□ 起床後にタンパク質を摂る
□ 週2回は7時間以上眠る
ここで2つ以上×がついた人は、フォーム改善より先に睡眠を整える方が結果につながりやすい気がしている。
あなたは何個当てはまった？",😴📝💪,high,none,
2026-09-12,19:00,bodymake,threads,筋トレ,"私はタイミングより「1日の合計摂取量」を優先する派です。
体重×1.6g前後を目安に朝昼晩で分けて摂る方が、30分以内のゴールデンタイムを狙うより現実的に続けられると感じている。
📋今日から試せる分け方
・朝：卵or納豆
・昼：鶏むねor魚
・夜：プロテインor豆腐
厳密さより『今日も合計は届いた』の積み重ねが継続の鍵な気がしている。
あなたはタイミング派？合計量派？",🍳📋⏱️,high,none,
2026-09-12,21:00,bodymake,threads,筋トレ,"私は「準備の手間を先に減らす」派。
・前夜にジムバッグを玄関に置く
・着替えを枕元に用意する
・補給用のドリンクを冷蔵庫に常備する
この3つだけで、朝の重い腰がかなり軽くなったという声をよく見かける。
次の朝トレ、あなたは前夜に何を準備しておく？",🎒⏰,medium,implicit,
2026-09-12,07:00,education,threads,教育,"結論、宿題タイムは「机に向かう時間の長さ」より「始めるまでのハードルの低さ」を優先した方がうまくいくと感じている。
声かけで意識しているのは次の3つ。
①「10分だけやろう」と時間を区切る
②最初の1問だけ一緒に解く
③終わったら丸つけより先に「お疲れさま」を言う
完璧な計画より、始めやすさを優先する家庭の方が続いている印象がある。
あなたの家庭は、始める工夫と終わる工夫、どちらを重視していますか？",📝✏️,high,implicit,
2026-09-12,12:00,education,threads,教育,"私は「通知表の点数」より先に「本人が一番頑張ったと思う教科」を聞く派です。
点数だけを見ると、努力が結果に出なかった教科がどうしても目に入りにくい。
先に本人の実感を聞いてから点数を見ると、声のかけ方が変わってくる。
点数の話は、そのあとでいい。
みなさんは、点数と本人の実感、どちらを先に聞きますか？",🗣️📖,high,implicit,
2026-09-12,19:00,education,threads,教育,"通信制高校を調べると、オンラインと通学を両方持つところがあるらしい。

資料請求前に見ていた点は3つ。
・授業の受け方
・相談窓口の有無
・費用の内訳が資料で分かるか

進路の候補に、通信制は入っていますか？",📚,medium,implicit,
2026-09-12,21:00,education,threads,教育,"幼児教室と小学校受験の教室をいくつか調べると、「無料体験の予約」が入口のものがあるらしい。

体験の前に見ていた点は3つ。
・対象年齢が公開ページに書いてあるか
・体験が無料か
・受験対策の範囲がどこまでか

習い事の候補に、教室型は入っていますか？",📚,medium,implicit,
2026-09-12,07:00,setsuyaku,threads,節約,"結論、節約はまず固定費から。食費を削るのは一番最後でいい。
通信費・サブスク・保険の3つは、一度見直せば効果がずっと続くのが強み。
手順はシンプル↓
1) 契約中のサブスクを全部書き出す
2) 直近1ヶ月使っていないものを解約
3) 保険の保障内容が重複していないか確認
食費や外食を我慢するより、心理的なストレスが少ないのが固定費見直しの良いところ。
みんなは固定費、最後に見直したのいつ？",🏠📝,high,implicit,
2026-09-12,12:00,setsuyaku,threads,節約,"結論、節約で家庭がギスギスするのは『我慢の分担』がズレてるだけだと思う。
サブスクは放置なのに子どものおやつだけ削られる、みたいな家庭は意外と多い。
削る前にやっておきたいこと↓
・家族それぞれの『削れそうなもの』を出し合う
・一人にだけ我慢を集中させない
・小さな楽しみは最後まで残す
節約は根性より仕組みで続ける方が長持ちする気がしている。
うちはこうしてる、という工夫があれば教えてほしい。",👨‍👩‍👧🍰,medium,implicit,
2026-09-12,19:00,setsuyaku,threads,節約,"電気・ガス・水道の明細、先月分と見比べたことありますか？

同じ生活スタイルでも季節や使い方のクセで数百円〜千円単位の差が出ていることがあります。

私は「先月比」を見る習慣をつけてから、無駄遣いに気づきやすくなりました。

みなさんは光熱費、どのタイミングでチェックしていますか？",💡📊,medium,implicit,
2026-09-12,21:00,setsuyaku,threads,節約,サブスク、平均5個以上契約してる人が多いらしい。私は「年1回、全部書き出して先月の利用回数がゼロなら即解約」をルール化するのが一番効くと思う派。①契約中サービスを紙に書き出す②先月使った回数を書く③ゼロなら解約、これだけで固定費は減らせる。今月見直した人、何個解約できた？,📝,high,implicit,
2026-09-12,07:00,tenshoku,threads,転職,"転職理由を『人間関係』とそのまま面接で言う人は少ないと感じる。結論、本音と建前は最初から分けて整理しておいた方がいい。
・本音（自己分析用）：人間関係、給与、将来不安
・建前（面接用）：キャリアアップ、スキル活用
本音を隠すのではなく、面接用に翻訳しておくイメージ。みなさんは本音と建前、どう線引きしてますか？",🗣️🔍,high,implicit,
2026-09-12,12:00,tenshoku,threads,転職,"有効求人倍率1.18倍でも、書類選考の通過率は体感で下がっている。私は「応募数より一社ごとの準備の質」派。
最低限これだけは揃えてから出すべきだと思っている項目↓
・職務経歴書は求人票の文言に合わせて言い換える
・志望動機は「なぜこの会社か」まで踏み込む
・退職理由はネガティブ→前向きに変換して1行で言えるようにする
ここまでやって落ちるなら、応募先の相性の問題だと切り替えていい。
今の転職活動、数で勝負派？質で勝負派？",📝,high,implicit,
2026-09-12,19:00,tenshoku,threads,転職,"求職者の6割が「買い手市場」だと感じているのに、実際の有効求人倍率は高止まりしている。このギャップ、放置すると自己評価を下げすぎる原因になると思っている。
結論、求人数の多さと「自分に合う求人があるか」は別問題。
見るべきは求人票の数ではなく、応募先の中で自分の経験がそのまま活きる求人が何件あるかどうか。
数字に振り回されて動けなくなってる人、意外と多い気がする。",📊,medium,none,
2026-09-12,21:00,tenshoku,threads,転職,"年収600万円以上の人の約6割がSNS経由でスカウトを受けた経験があるらしい。
私はこの数字、思ったより低くないなと感じている。

プロフィールを整えるだけで声がかかる可能性があるなら、やらない理由がない。
最低限チェックしたいのはこの3つ。
☑ 職種・スキルが一目でわかる自己紹介文になっているか
☑ 実績は数字ベースで書けているか
☑ 発信内容に一貫性があるか

整っていない人ほど「見られている」意識が抜けている印象。

あなたのプロフィール、この3つ埋まってますか？",📈🧾,high,implicit,
2026-09-12,07:00,pet,threads,ペット,"結論、犬の留守番対策は""環境""より""合図の習慣化""で決まると考えている。
チェックリスト
・出る前と帰宅後の声かけを毎回同じ言葉にする
・退屈対策グッズは3日おきに入れ替える
・室温と換気は数値で管理し感覚に頼らない
この3点を意識するだけで留守番中の様子が変わったという報告は多い。あなたの家ではどれを優先している？",🐕📝,high,none,
2026-09-12,12:00,pet,threads,ペット,"猫の1日の飲水量は体重1kgあたり50mlが目安とされている。私はこの数字を下回った日は要注意ラインだと考える派。
判断基準
・器の水は最低1日1回入れ替える
・複数の器を離れた場所に置く
・冬場は基準値を下回りやすいので温度も確認する
数字で管理すると変化に気づきやすいという声が多い。普段、水分量はどう確認してる？",🐈💧,high,none,
2026-09-12,19:00,pet,threads,ペット,犬が『ご褒美用おやつ』の匂いを嗅いだ瞬間に真顔になる瞬間、あれは表情筋より『間』で感情を伝えている証拠だと思う。結論、指示を出す前に3秒待つだけで反応がはっきり変わることが多い。急かすより『待たせる』方が実は伝わりやすいという観察、共感する飼い主さん多い印象。みなさんの子は何秒くらい待てますか？,🐶⏱️,medium,implicit,
2026-09-12,21:00,pet,threads,ペット,35℃の日、アスファルト表面温度は60℃近くまで上がることがある。結論、日中の散歩は避けて『朝5時台』か『夜9時以降』の二択でいいと思う。チェックすべきは3つだけ。①手の甲を5秒地面につけて熱くないか②肉球の色や歩き方に違和感がないか③水分補給用のボトルを常に携帯しているか。この3つを守るだけで熱中症リスクはかなり下げられる印象。みなさんは散歩の時間、いつにずらしてますか？,🌡️🐾,high,implicit,
2026-09-12,07:00,sleep,threads,睡眠,"結論、夜中に何度も目が覚めるなら“質問”より先に“室温”を疑ったほうがいいと思う。
チェックリスト
・寝室が27℃以下か
・除湿は40〜60%目安になっているか
・扇風機の風が体に直接当たっていないか
一つでも当てはまらないなら、まずそこから見直すのが近道。今の時期、何度目が覚める？",🌙💦,high,implicit,
2026-09-12,12:00,sleep,threads,睡眠,"結論、お盆休みで夜型になった人は、今が一番戻しにくい時期だと思う。
観察していると崩れがちなのはこの2パターン
・起床時間だけ元に戻して就寝時間はそのまま
・寝る前のスマホ時間だけ伸びたまま
休み明け、みんなはどう立て直してる？",🌅📱,medium,implicit,
2026-09-12,19:00,sleep,threads,睡眠,入眠までの目安は10〜20分。30分以上かかる日が続くなら、寝具より先に環境を疑ったほうがいいというのが私の考え。チェックすべきは3つだけ。①寝る1時間前のスマホ②寝室の温度③寝る直前の入浴タイミング。今の暑い時期は①②の影響が特に大きいと感じている。あなたはこの3つのうち、どれが一番崩れやすい？,🌙💤,high,implicit,
2026-09-12,21:00,sleep,threads,睡眠,結論、寝苦しい夜に安眠グッズを増やすより先にやることがある。それは『室温を下げる』の一択だと思っている。手順はシンプル。①就寝1時間前にエアコンを26〜27℃設定②寝る直前の熱いシャワーはNG、ぬるめの湯船かシャワーのみ③掛け布団は接触冷感素材に変える。この3つを順番通りにやるだけで体感はかなり変わるという声をよく見かける。今夜、この中でどれから試せそう？,🌡️😴,high,implicit,
2026-09-13,07:00,konkatsu,threads,婚活,"結論、婚活で停滞する人の多くは「審査モード」に入りすぎていると感じる。
最初は『どんな人だろう』だったのに、気づけば年収・学歴・実家の話ばかり聞いていないだろうか。
私は、条件確認より先に『素の自分が出せる相手かどうか』を見る派。
■審査モードに入っているサイン
・沈黙が怖くて質問攻めになる
・LINEが用件だけのやり取りに変わる
・会うたびに品定めされている感覚が強くなる
一つでも当てはまったら、条件リストより会話の中身を見直した方がいいと思っている。
あなたは今、どちらのモードだと思う？",💍📝,high,implicit,
2026-09-13,12:00,konkatsu,threads,婚活,"初対面から3回目のデートまでずっと敬語のまま、というのは珍しいことではないと観察している。
私は『3回目で下の名前を呼べているか』を進展の分かれ目として見ている派。
■距離感が縮まっているかのチェック
・沈黙になっても気まずくならない
・LINEの文末に絵文字や砕けた言い回しが増える
・次の予定を相手から提案してくるようになる
逆にこれが3回目を過ぎても変わらない場合、関係は仮交際のまま止まりやすいと感じている。
あなたの婚活で、距離感が変わった瞬間はどんなタイミングだった？",📏💬,medium,implicit,
2026-09-13,19:00,konkatsu,threads,婚活,"結論、婚活で本気度を見るべきは「学歴」より「質問の数」だと思う。
先週、婚活パーティー会場のロビーで順番待ちをしていた2人の会話が耳に入った。
一方はプロフィールの年収や勤務先ばかり確認し、もう一方は相手の休日の過ごし方を3つも質問していた。
■本気度が高い人に共通する質問の傾向
・相手の「好きなもの」を聞いているか
・条件確認より過去のエピソードを聞いているか
・沈黙の後も会話を続けようとしているか
条件を聞く人より、好きなものを聞く人の方が、関係が進みやすいと感じている。
直近のデートで「質問攻めだったな」と感じた瞬間、ありましたか？",🤔📝,high,implicit,
2026-09-13,21:00,konkatsu,threads,婚活,"私は、婚活が停滞する一番の原因は「年収」より「審査モードが抜けないこと」だと思う。
最初はときめきで会っていたはずなのに、3回目あたりから急に条件確認モードに切り替わる人を何人も見てきた。
■審査モードに入っているサイン
・会話の8割が確認作業になっている
・相手の弱みより強みばかり探している
・楽しかった記憶より条件の一致率で判断している
審査を忘れられた瞬間からしか、関係は前に進まないと考えている。
最近のデートで、つい確認モードになってしまった瞬間はありましたか？",💭✅,high,implicit,
2026-09-13,07:00,sidejob,threads,副業,"結論、副業を選ぶ基準は「単価」より「再現性」だと思う。

高単価でも自分にしか売れないスキルは長続きしにくい。逆に単価が低くても、毎回同じ手順で数字が読める仕組みの方が結果的に続けやすいと感じる。

副業を選ぶ前に見るチェックリスト
・作業時間が毎回大きくブレないか
・自分が休んでも仕組みが回るか
・成果が数字で見える仕組みか

これに当てはまらない副業は、始める前に一度立ち止まった方がいいと思う。

みんなは副業選びで何を一番重視してる？",📝✅,high,implicit,
2026-09-13,12:00,sidejob,threads,副業,"丁寧に書きすぎた投稿ほど伸びない、というのは副業アカウントを見ていてよく感じること。

長文で背景から説明するより、3行で言い切る投稿の方が反応が良い印象がある。通勤時間にサッと読める分量に収まっているかどうかは、地味だけど大きな差になっている気がする。

短く言い切る投稿の型
・1行目で結論を言う
・2行目で理由をひとつだけ添える
・3行目で行動か問いで締める

丁寧に書きすぎて逆に反応が伸びなかった経験、心当たりある人いる？",✂️💭,medium,implicit,
2026-09-13,19:00,sidejob,threads,副業,"結論、初心者が最初に手を出すべき副業は「在庫を持たない系」だと考えています。
判断基準はシンプルに3つ。①初期費用1万円以下②即日撤退できる③スキマ時間で完結する。
この3条件を満たさない副業話は、契約前に一度立ち止まる価値があると思います。
あなたが今検討している副業、この基準に当てはまりますか？",📝✅,high,implicit,
2026-09-13,21:00,sidejob,threads,副業,"副業を始めて早期にやめる人に共通するのは、「完璧な準備」を先にやろうとする傾向だと感じています。
私は「まず小さく1件動いてから改善する」派です。
準備期間が長くなるほど、実行に踏み出す心理的ハードルが上がっていく現象、周りで見かけませんか？",💭🔍,medium,implicit,
2026-09-13,07:00,beauty,threads,美容,"結論、秋の乾燥対策は「化粧水の量」より「重ねる回数」がカギだと思う。
チェックしてほしいポイントは3つ。
①肌がつっぱる時間帯が朝か夜かで違うか
②メイクのヨレが増えたか
③使うアイテムを季節で変えているか
1つでも当てはまるなら、量を増やす前に重ねづけの回数を見直すのがおすすめ。
秋の乾燥、対策変えた人います？",🍂✨,high,implicit,
2026-09-13,12:00,beauty,threads,美容,"私は「毛穴パック」より「保湿の均一化」を優先する派。
乾燥した部分ほど皮脂が過剰に出て毛穴が目立ちやすくなると考えているから。
見直すポイントは2つだけ。
①Tゾーンと頬で化粧水の量を変えていないか
②夜だけ保湿して朝は省略していないか
この2つを直すだけで印象が変わったという声もよく見かける。
毛穴対策、今どうしてますか？",🔍✨,medium,implicit,
2026-09-13,19:00,beauty,threads,美容,"結論、毛穴とくすみは「隠す」より「土台から整える」ほうが長期的には楽だと思っている。
私の基準はシンプルで、①下地前に毛穴用の下地を一枚挟む②くすみは色ムラよりまず乾燥ケアを先にする③厚塗りで誤魔化す日は週1以下にする、の3つだけ。
特別な日だけ気合いを入れるより、日常の延長で整えるほうが結局続く気がしている。
あなたは「隠す派」「土台から整える派」どっち？",🧴✨,medium,implicit,
2026-09-13,21:00,beauty,threads,美容,"はっきり言うと、肌だけ頑張っても髪がパサついていると顔全体の印象がくすんで見えると思っている。
私が意識しているのは、①乾かす前にオイルを一滴つける②アイロン前も同じ工程を挟む③ディープトリートメントは週1回だけ、の3ステップだけ。
肌の透明感を仕込む前に髪のツヤを仕込んだほうが、写真の伸びが早い気がしている。
今、肌ケアと髪ケア、時間をかけているのはどっち？",💇‍♀️✨,medium,implicit,
2026-09-13,07:00,bodymake,threads,筋トレ,結論、筋トレは週3〜4回に抑える派でいる。毎日追い込むより、部位ごとに48〜72時間の回復時間を空けたほうが、扱う重量が結果的に伸びやすいと感じている。曜日固定より「前回の筋肉痛が抜けたか」で次のトレ日を決める人が周りには多い印象。あなたは頻度、何回で回してる？,💪📅,high,implicit,
2026-09-13,12:00,bodymake,threads,筋トレ,結論、筋トレの継続力は「準備の手間を何分削れるか」で9割決まると思っている。続けられている人に共通して見えるのは①ウェアを前夜に出す②ジムバッグを玄関に置く③行った日だけカレンダーに丸をつける、の3つだけ。根性で乗り切るより仕組みを変える方が再現性が高い気がしている。あなたが取り入れてる『続く仕組み』、ひとつだけ教えて？,🗓️✅,medium,implicit,
2026-09-13,19:00,bodymake,threads,筋トレ,"結論、筋トレが続くかどうかは「最初の2週間の頻度設計」でほぼ決まると思っている。理由はシンプルで、習慣が固まる前に高頻度・高強度にすると、心身の負荷でやめやすくなるから。
続けやすい人に共通する初期設計はこの3つ。
・週2〜3回からスタートする
・同じ部位を連続で追い込まない
・「休む日」を先にカレンダーへ入れておく
この3つを外している人ほど、3週間以内に離脱しやすい印象がある。あなたは最初の2週間、どんな頻度で始めた（始める予定）？",📅💪,high,implicit,
2026-09-13,21:00,bodymake,threads,筋トレ,"「筋肉痛が出ないと効いていない」というのは半分間違いだと思っている。筋肉痛はダメージの指標であって、成長そのものの指標ではないからだ。
実際、扱う重量や回数の推移が右肩上がりなら、筋肉痛がなくても筋力・筋量は伸びているケースがある。
成長判断に使えるチェックポイントはこの3つ。
・同じ種目の重量が3週間前より伸びているか
・同じ重量でのフォームが安定してきたか
・翌日の「動ける感覚」を疲労感より重視できているか
この3つを記録し始めると、筋肉痛の有無に一喜一憂しなくなる気がしている。あなたは何を基準に伸びを判断してる？",📊🔥,high,implicit,
2026-09-13,07:00,education,threads,教育,"夏休みの自由研究、テーマ決めから仕上げまで親がかなり伴走する家庭と、子どもにほぼ任せて見守るだけの家庭がある。完成度を重視するか、試行錯誤の過程を重視するかで自然と分かれるポイント。
あなたの家庭は伴走派？見守り派？",☀️,high,implicit,
2026-09-13,12:00,education,threads,教育,"子どもの「朝の準備」、声かけする派としない派で家庭の空気がだいぶ変わる。
毎朝リマインドして一緒に進める家庭もあれば、失敗も経験のうちと見守る家庭も。
どちらも『自分でできるようになってほしい』という気持ちは同じだけど、やり方は真逆になりがち。
あなたの家はどちら派ですか？",🕗,high,implicit,
2026-09-13,19:00,education,threads,教育,"小学生の「音読カード」、地味だけど見落としがちなポイント3つ。
①同じページを繰り返す日があっても問題なし、むしろ定着のサイン
②サインする欄は『聞いた時間帯』も一言添えると先生に伝わりやすい
③声の大きさより『区切って読めているか』の方がチェックポイントとして有効
保存しておくと役立つかもしれません。",📖,medium,implicit,
2026-09-13,21:00,education,threads,教育,"結論、宿題は低学年のうちは隣について見る派です。
理由はシンプルで、伴走ありのほうが「わからない」をその場で解消できるから。
うちで目安にしている切り替えラインはこの3つ。
①漢字の書き取りは3年生から一人でOK
②文章題は「式だけ一緒→計算は一人」に移行
③丸つけは学年関係なく一緒にやる
みなさんの家庭の切り替えラインはいつ頃でしたか？",📐📝,high,implicit,
2026-09-13,07:00,setsuyaku,threads,節約,節約って我慢することだと思われがちだけど、私は逆だと思う派。通信・保険・サブスクみたいな固定費を一度整えれば、あとは我慢ゼロで自動的に浮き続ける。逆に食費や外食を削る方法は継続コストが高くて挫折しやすい。あなたが最初に見直すなら、通信費・保険・サブスクのどれから手をつける？,💡,medium,implicit,
2026-09-13,12:00,setsuyaku,threads,節約,"結論、ふるさと納税は9月中に済ませておくべき派です。

2026年10月から返礼品の地場産品基準が厳格化され、家電や域外加工の食品などが対象から外れる可能性があるとされています。欲しい返礼品が決まっている人ほど先延ばしは損になりやすいです。

寄付前にチェックしたい3点↓
✅ 欲しい返礼品が『地場産品基準厳格化』の対象カテゴリか確認
✅ 上限額シミュレーターで控除枠を再確認
✅ 決済方法（クレカ・キャッシュレス）でポイント上乗せがあるか比較

制度が変わるたびに『前のルールのまま』損している人、意外と多い印象です。
みなさんは今年、もう寄付済みですか？",🍤✅,high,implicit,
2026-09-13,19:00,setsuyaku,threads,節約,"結論、固定費の見直しは『通信費→保険→サブスク』の順でやるのが効率いい派です。

理由はシンプルで、通信費は一度見直せば手間なく効果が数年続くから。保険やサブスクは見直しに時間がかかる割にリターンが小さいことが多いです。

見直し前のミニチェックリスト↓
✅ 直近3ヶ月の携帯代の平均額を出す
✅ 使っていないサブスクを1つでも洗い出す
✅ 保険は『同じ保障で安いプランがないか』だけ確認

完璧を目指すと疲れて続かないので、まず1項目だけでいいと思っています。
みなさんが最初に手をつけるならどれですか？",📱💡,medium,implicit,
2026-09-13,21:00,setsuyaku,threads,節約,"結論、固定費は「通信→保険→サブスク」の順で見直すのが一番効率がいいと思っている。

理由は単純で、この3つは一度見直せば毎月ずっと効果が続くから。

見直す時に自分がチェックしてる基準はこの3つだけ。
①使ってる機能を実際に使っているか
②同条件でもっと安いプランがあるか
③解約・変更の手間が数千円以上の価値に見合うか

節約系の発信をしてると「頑張って我慢する」系のアドバイスが多いけど、個人的には我慢より仕組みを変える方がラクだし続くと感じてる。

みんなは固定費、どこから手をつけた？",💡📱,high,implicit,
2026-09-13,07:00,tenshoku,threads,転職,"転職活動で後悔するのは「情報収集を怠ったこと」より「決断を先延ばしにしたこと」だと私は思う。
情報はいくら集めても、決める基準がないと堂々巡りになる。

私が決断前に確認している基準はこの4つ。
① 給与は現状維持以上か
② 裁量権は増えるか減るか
③ 通勤・働き方の負荷は許容範囲か
④ 1年後にスキルとして残るものがあるか

全部満たさなくてもいいけど、2つ以下ならまだ動くタイミングじゃない気がしている。

この基準、あなたなら何を足しますか？",🧭✅,high,none,
2026-09-13,12:00,tenshoku,threads,転職,"第二新卒・既卒向けの転職支援をいくつか調べて、入口が「無料カウンセリング」のものと「登録だけ」のものに分かれる印象があった。

比較するときに見ていたのは3つ。
・初回が面談か、登録完了か
・条件の棚卸しが先か、求人提示が先か
・入社後の記述があるか

今の自分は、情報収集と応募のどちらが先だと思いますか？",🗂️,medium,implicit,
2026-09-13,19:00,tenshoku,threads,転職,"20代の転職記事を読んでいると、「職務経歴書の添削」や「模擬面接」まで書く支援と、求人紹介が中心の支援が混在している。

整理した観点:
1. 支援の範囲が公開ページに書いてあるか
2. 対象（第二新卒／既卒／フリーター）が自分と重なるか
3. 無料の範囲がどこまでか

あなたが先に確認したいのは、支援の中身と対象、どちらですか？",📝,medium,implicit,
2026-09-13,21:00,tenshoku,threads,転職,"20〜30代向けの転職エージェントをいくつか調べると、「成長企業」と書くところと「求人数」と書くところに分かれる印象があった。

比較するときに見ていたのは3つ。
・対象年齢が公開ページに書いてあるか
・入口が登録か、面談か
・無料の範囲がどこまでか

今の自分は、情報収集と応募のどちらが先だと思いますか？",🗂️,medium,implicit,
2026-09-13,07:00,pet,threads,ペット,"うちの猫、掃除機をかけた日は決まって半日ふてくされてる。もう3年目だけど毎回同じ反応。

私は正直、掃除機のタイミングは猫の機嫌優先派。多少部屋が汚くても、猫が隠れて出てこない時間を作らない方が結果的にストレス少ないと思ってる。

音に敏感な子への対策、うちでやってるのは
・掃除機前におやつで別室に誘導
・掃除の直前に一声かける
・終わったらすぐ横に座って様子を見る

これくらいで様子見の時間は結構減った。

みんなの子は掃除機、平気なタイプ？それとも即逃走タイプ？",🐱🧹,high,implicit,
2026-09-13,12:00,pet,threads,ペット,"月の餌代、犬猫1匹あたり5,000〜8,000円が「普通」だと思ってる。これより極端に安い場合は原材料を一度見直した方がいいと感じる。

私はコスパより「原材料の最初の3つが何か」を優先派。安さだけで選んで体調を崩された経験があるので、そこは譲れないラインにしてる。

選ぶときにチェックしてる基準はこの3つ。
① 主原料が穀物メインじゃないか
② 添加物表記がシンプルか
③ 年齢・体重に合った粒サイズか

この基準にしてから、うちの子は毛艶と便の状態が安定した。

餌選び、みんなは価格重視？成分重視？",🐾🍖,medium,implicit,
2026-09-13,19:00,pet,threads,ペット,"結論、フード選びで一番見るべきは「原材料表示の順番」だと思っている。

最初の3つに肉・魚由来のタンパク源が入っているかで、だいたいの品質は判断できる。

保存版チェックリスト↓
□ 原材料の1〜3番目にタンパク源があるか
□ 添加物の種類が多すぎないか
□ 便の状態（硬さ・匂い）が切り替え後2週間で安定したか
□ 粒の大きさが顎の力に合っているか

毎回パッケージ裏を見返すのが面倒な人向けの基準です。

みなさんはフード選びで一番重視してる項目、何ですか？",🐾📋,high,implicit,
2026-09-13,21:00,pet,threads,ペット,"猫が急に飼い主の膝から降りて、少し離れた場所で丸くなるのは「嫌い」じゃなくて「安心してる証拠」だと思っている。

ベタベタ甘えるだけが愛情表現じゃなくて、視界に入る距離で寛いでいること自体が信頼のサインというのが私の見方。

同じ空間にいるのに触れ合わない時間、うちのコだけかと思ってたけど意外とあるあるらしい。

猫飼いのみなさん、この「つかず離れず」感じたことあります？",🐈,medium,none,
2026-09-13,07:00,sleep,threads,睡眠,"結論、入浴は寝る90分前が一番効果を感じやすいと思っています。私は「90分前入浴派」。理由は体温が下がり始めるタイミングと、入眠に向かう体内リズムが噛み合うから。
今日からできる3ステップ↓
①38〜40度で10〜15分浸かる
②上がったらすぐ靴下を脱ぐ
③照明を落として画面を見ない
これだけで寝つきが変わったという声、よく見かけます。あなたは何分前派ですか？",🛁🌙,high,implicit,
2026-09-13,12:00,sleep,threads,睡眠,"室温は18〜20度が睡眠の質に一番影響すると感じています。私は「寒め設定＋厚手ブランケット派」。エアコンをタイマーで切って朝方に室温が上がり、中途覚醒するという相談が地味に多いです。
チェックリスト↓
・就寝時は18〜20度に設定
・タイマーではなく朝までつけっぱなしが安定
・掛け布団は薄手を2枚で微調整
今の寝室、何度に設定してますか？",🌡️😴,high,implicit,
2026-09-13,19:00,sleep,threads,睡眠,"結論、夜中に何度も目が覚めるのは「気にしすぎ」より先に室温と光を疑ったほうがいい派です。
目安にしているチェックはこの3つ↓
①寝る1時間前は暖色照明に切り替えているか
②布団の中の温度が高すぎないか
③起床時刻を平日休日で大きくズラしていないか
どれか当てはまる人、地味に多いはず。あなたはどれが一番怪しいと思う？",🌙💤,high,implicit,
2026-09-13,21:00,sleep,threads,睡眠,"最近「夜中に3回以上目が覚める」という声をよく見かける。私はこれ、スマホより『布団の中で考え事をする時間』の影響のほうが大きいと思っている派です。
試している人が多い対策はシンプルで、
・寝る前に『明日やること』を紙に書き出す
・布団に入ったら考え事を一旦保留にする
これだけで中途覚醒が減ったという話をよく聞きます。同じタイプの人いる？",🛌📝,medium,implicit,
2026-09-14,07:00,konkatsu,threads,婚活,"婚活中の人の話を聞いていると、プロフ写真で一番差が出るのは加工より表情だと感じる。
結論、自己紹介文の雰囲気と写真の表情が一致していないと不成立になりやすい気がする。
■見直しポイント
・自然光で撮っているか
・口角より目が笑っているか
・年齢に見合った雰囲気か
プロフ迷子、意外と多い印象。みんなは写真何枚使ってる？",👀,medium,implicit,
2026-09-14,12:00,konkatsu,threads,婚活,"婚活で一番もったいないのは、最初の「楽しみ」が数ヶ月で「条件確認」に変わることだと思う。私は、会話の中心が年収や実家の話ばかりになったら一度立ち止まる派。

■審査モードに入っているサイン3つ
・話題の中心が「年収・職種・実家・将来設計」に偏っている
・LINEの文面が事務連絡っぽくなっている
・会う前から次の候補を探し始めている

この3つに当てはまったら、条件より「一緒にいて楽か」を見直すタイミングかもしれない。
あなたはどんな瞬間に審査モードに気づく？",💍🔍,high,implicit,
2026-09-14,19:00,konkatsu,threads,婚活,"先週、電車で隣に座った2人の会話が最後まで敬語のままだったのを見かけた。私は、3回目のデート以降も敬語や距離感が変わらない相手とは、進展が鈍いことが多いと感じている。

■距離感が縮まっているかの判断基準
・下の名前や愛称で呼べているか
・沈黙があっても気まずくないか
・LINEの返信が短文でも成立しているか

条件よりも先にこの「距離感」を見たほうが、後の失敗が減る気がしている。
あなたは何回目のデートで距離感の変化を感じる？",🚃💬,medium,implicit,
2026-09-14,21:00,konkatsu,threads,婚活,"結論、婚活が長引く人の多くは「審査モード」に入り込んでいると感じる。条件確認から入るほど、相手も身構えて距離が縮まらない。

■審査モードに入っているサイン3つ
・初対面でいきなり年収/実家/将来設計を聞く
・沈黙が怖くて質問攻めになる
・LINEが「今度会いましょう」で止まり日程を詰めない

私は「面接官をやめた瞬間に、婚活は前に進む」派。条件を通過した先に好意があるのではなく、条件を忘れた瞬間に好意が生まれるものだと思う。

あなたは直近のデート、趣味の話に何分使えた？",💍🤔,high,implicit,
2026-09-14,07:00,sidejob,threads,副業,副業アプリを3つ以上掛け持ちしてる人、正直成果が分散して伸びにくいと感じる。私は「1つに集中→一定期間で反応が出なければ乗り換え」派です。乗り換えるかどうかの判断基準は3つ。①初月に実際に手を動かした時間 ②得られた反応・問い合わせ数 ③自分の得意分野との相性。増やす前に一度この3つで立ち止まってみてほしい。あなたは掛け持ち派？集中派？,📝✅,high,implicit,
2026-09-14,12:00,sidejob,threads,副業,在宅ワークの求人、応募者の多くが単価だけを見て選んでいる印象がある。私は「継続して依頼が来るかどうか」で選ぶべき派。単価が高くても更新されない案件は結局稼働ゼロになりやすい。見るべきポイントは①募集期間の長さ ②依頼主のレビュー数 ③初回対応の速さ、の3つ。単価と継続率、どちらを優先して選んでる？,🔍,medium,none,
2026-09-14,19:00,sidejob,threads,副業,"結論、副業初心者はまず「在庫を持たない」ジャンルから始めるべきだと思っています。
挑戦してすぐ挫折する人の共通点は、初期費用を先に使いすぎることです。
私が見てきた中で続きやすかった順番はこちら👇
①スキル販売（時間さえあれば元手0円）
②アフィリエイト（在庫ゼロ・発送ゼロ）
③物販（在庫リスクあり・最後に検討）
あなたが最初に選んだのはどのタイプでしたか？",👇,high,implicit,
2026-09-14,21:00,sidejob,threads,副業,"体感、副業が続かない人の8割は「毎日投稿」を目標にしすぎていると思っています。
私は質より先に「継続できる頻度」を決める派です。
挫折しやすい人によく見られる特徴はこちら👇
・初日から気合を入れすぎる
・反応がないとすぐやめる
・比較対象がいきなり月収100万円の人
まずは週2投稿を3ヶ月続けるほうが、結果的に早く積み上がります。
今の投稿頻度、少し無理していませんか？",👇,high,implicit,
2026-09-14,07:00,beauty,threads,美容,"「盛れるコスメ」より「自分に合う色」を選んだ方が結局盛れる、と最近よく思う。
私はパーツを強調するメイクより、肌なじみ優先の似合わせ盛り派。
セルフチェックは、①ファンデを頬と顎で色比べする②チークは骨格の一番高い位置に薄く③リップは唇の血色に近い色を選ぶ、の3つだけ。
パーツ盛りで浮いていた頃より、似合わせを意識してからの方が『変わったね』と言われる気がしている。
最近メイクで意識してること、ある？",💄🪞,medium,implicit,
2026-09-14,12:00,beauty,threads,美容,"結論、今話題の「再生系成分」は成分名で選ぶより、悩み別に使い分けるほうが失敗しにくいと感じています。
見ている基準は3つ→①乾燥か赤みかで系統を選ぶ②新成分は少量から試す③3週間は変化を様子見してから判断。
情報が多い時期ほど「基準を先に決める」ほうが近道だと思うのですが、みなさんは成分選びで何を一番重視していますか？",✅🧪,high,implicit,
2026-09-14,19:00,beauty,threads,美容,"私は「攻める美容医療級ケア」より「守る土台ケア」を先に固める派です。
季節の変化で肌がゆらぐという声は美容メディアでもよく指摘されています。
土台ケアの基準は3つ→①バリアを壊さない洗顔に一時切り替え②低刺激処方を選ぶ③肌が落ち着いてから攻めケアを再開。
今の時期、攻めと守りどちらを優先していますか？",🛡️🌿,high,implicit,
2026-09-14,21:00,beauty,threads,美容,"結論、乾燥小ジワ対策は「保湿の量」より「重ねるタイミング」だと思っている。
私がチェックしている基準は3つ。
①洗顔後1分以内に化粧水を1プッシュ
②乳液は手のひらで軽く温めてから伸ばす
③夜だけ保湿量を1.5倍にする
この3つのうち、1つでもやってないと乾燥が戻りやすい印象。
みなさんは重ねるタイミング、意識してますか？",🧴💧,high,implicit,
2026-09-14,07:00,bodymake,threads,筋トレ,"停滞期に入ったとき、種目を増やす前に見直されがちなポイントをメモ。
① 睡眠時間が最近削れていないか
② 同じ重量・回数が何週も続いていないか
③ 体重の変化に対して食事量が合っているか
この3つから確認する、という考え方があるらしい。
みんなは停滞期、まず何から見直す？
📝",📝,high,implicit,
2026-09-14,12:00,bodymake,threads,筋トレ,体重×1.5gのタンパク質量、いきなり計算しなくていい。私が続けているのは「卵1個＋納豆1パック」を毎日の食事に固定で足すだけのルール。数字を追うより“いつもの食事に1品足す”方式の方が続く気がしている。今日の食事、あと何を足せそう？,🥚,medium,implicit,
2026-09-14,19:00,bodymake,threads,筋トレ,結論、忙しい日ほど「10分メニュー」でいいと思っている。私が実践しているのはスクワット10回・腕立て10回・プランク30秒の3つだけ。完璧な60分より、ゼロの日を作らないことの方が半年後の差になる気がしている。あなたが忙しい日に削るなら、種目？時間？それとも回数？,💪🏠,high,implicit,
2026-09-14,21:00,bodymake,threads,筋トレ,私は「タイミングより合計量」派。筋トレ後30分以内にこだわるより、朝・昼・夜でタンパク質を1品ずつ足す方が結局続く。目安は卵1個・納豆1パック・ヨーグルト1個をそれぞれ別の食事に足すだけ。細かい計算より『足す習慣』を先に作る方が挫折しにくいと感じている。みんなはタイミング重視？合計量重視？,🍳⏱️,high,implicit,
2026-09-14,07:00,education,threads,教育,"結論、テストの点数は見せてもらう派です。
点数そのものより「どこで間違えたか」を一緒に確認する材料になると考えています。
我が家で決めているチェックポイントは3つ。
①70点以下は原因を一緒に探す
②90点以上は結果より過程を一言褒める
③点数の良し悪しでその日の機嫌を変えない
見せなくていい派のご家庭は、どんな基準でやる気を守っていますか？",📊✏️,high,implicit,
2026-09-14,12:00,education,threads,教育,"結論、家庭のご褒美設計は「プロセス評価8割・結果評価2割」がちょうどいいと感じている。
テストの点数だけを見ていると、点数が伸びない時期にやる気の土台まで崩れやすい。
・机に向かった時間
・声に出して読んだ回数
・分からない問題に粘った時間
このあたりを記録して、月末にまとめて結果と紐づけるくらいが現実的だと思う。
みなさんの家庭では、どちらの比重が大きいですか？",🎯📝,high,implicit,
2026-09-14,19:00,education,threads,教育,"結論、子どもの「できない」は「まだ」に言い換えるだけで行動が変わりやすいと感じている。
言い換えの基準はシンプルに3つ。
①結果ではなく直前の行動を言葉にする
②比較は「昨日の自分」に限定する
③できたことは具体的な数字で伝える（例：10分早く着席できた）
抽象的な励ましより、この方が次の一歩につながりやすい気がする。
他に効果を感じた言い換え、あれば教えてください。",📌✨,high,implicit,
2026-09-14,21:00,education,threads,教育,"結論、プログラミングはもう『習い事の選択肢』ではなく『受験科目の準備』だと私は見ています。
情報Ⅰが共通テストに入ってから、周囲の相談内容は「楽しく触れさせたい」から「間に合わせたい」に変わってきました。
判断基準はシンプルに2段階、
・中学までに触れて型に慣れる
・高校からは演習量を増やす
この順番で考えると迷いにくいです。
みなさんはいつから対策を意識し始めましたか？",📝,high,implicit,
2026-09-14,07:00,setsuyaku,threads,節約,"ふるさと納税、毎年12月に慌てて申し込む人が多いけど、私は「夏〜秋のうちに上限額だけ計算しておく派」。

理由は、年末は返礼品の人気商品が売り切れやすいから。

上限額を計算する時に見てる項目はこれだけ。
・今年の給与収入（見込みでOK）
・扶養家族の人数
・他の控除（iDeCoやふるさと納税以外の寄付）の有無

この3つが分かれば、シミュレーターでだいたいの上限は出せる。

毎年ギリギリで焦る人、意外と多くない？",🍅📝,medium,implicit,
2026-09-14,12:00,setsuyaku,threads,節約,ふるさと納税、いまだに『返礼品ランキング』から選んでる人が多い気がする。私は先に控除上限額を計算してから探す派。手順はシンプルで、①年収から上限額を出す②米や洗剤など普段使いのカテゴリで探す③届く時期を分散させる、この3ステップだけ。年末に慌てて選ぶより今の時期に動いた方が選択肢が多い。今年もう申し込んだ人いる？,🍚📦,high,implicit,
2026-09-14,19:00,setsuyaku,threads,節約,先月のスーパー、去年と同じ買い物カゴなのに800円くらい高くなってた気がする。値上げの実感って数字にすると結構でかい。私は毎回レシートを前月分と見比べる派で、家計簿アプリより肌感覚が掴みやすいと思ってる。細かい値上げ、みんなはどの商品で一番感じてる？,🧾📈,high,implicit,
2026-09-14,21:00,setsuyaku,threads,節約,"月額3000円以上のスマホ代を払ってる人、結論そのままだと損してます。

私は「基本料＋事務手数料＋通話料」の総額でしか比較しない派です。

見るべきポイントは3つだけ。
① 直近3ヶ月の平均データ使用量（設定画面で確認）
② 通話は月何分か（かけ放題が必要か）
③ 契約時の事務手数料込みの実質月額

表面の月額だけ見て選ぶと、結局高くつくケースをよく見かけます。

みんなは乗り換えるとき、月額以外にどこ見て決めてます？",📱,high,implicit,
2026-09-14,07:00,tenshoku,threads,転職,"採用側の視点として、書類選考で見られやすいポイントは「年齢」だけでなく「マネジメント経験の有無」や「新しく学んでいること」だとよく言われます。

特に最近はAIなど、業務外での学習をアピールする人が増えている印象です。

保存しておくと、職務経歴書を見直すときに役立つかもしれません📝",📝,high,implicit,
2026-09-14,12:00,tenshoku,threads,転職,"「石の上にも3年」って、まだ信じてますか？
最初の会社は我慢の場所だと思っていた人ほど、体調に変化が出てから初めて気づくことが多いようです。
続けることが正解とは限らない環境、意外と多いのかもしれません。
あなたの周りにも、そんな話ありますか？",🤔💭,high,implicit,
2026-09-14,19:00,tenshoku,threads,転職,"2026年、育児・介護休業法の改正で「小学校3年生まで時短勤務が可能」になった会社、実はまだ知られていません。
求人票だけでは分からない“制度の運用実態”こそ、会社選びで見落とされがちなポイントかもしれません。
面接で聞いてよかった質問、ある人は教えてください🙏",📋✨,high,implicit,
2026-09-14,21:00,tenshoku,threads,転職,"面接で落ちる人の多くは「逆質問」で損してると思う。
私はこれまで採用側・支援側の両方を見てきたけど、ここを軽視してる人が本当に多い。

チェックしてほしいのはこの3つ：
・給与や休暇の確認だけで終わっていないか
・入社後にどう貢献したいかを語れているか
・面接官の反応を見て一段深掘りできているか

どれか1つでも欠けると、印象は一気に薄くなる。

あなたは逆質問、何を準備してる？",📝✅,high,implicit,
2026-09-14,07:00,pet,threads,ペット,"結論、初心者ほど多頭飼いより先に「通院費の備え」を整えるべきだと思う。保険の有無で、通院するかどうかの判断が変わる場面をよく見かける。

【通院前チェック】
・年1回の健康診断予定はあるか
・通院費の上限額を決めているか
・持病の有無を把握しているか

これだけで「まさかの通院」への心構えがかなり変わる、というのが個人的な結論。みなさんは通院費の目安、決めていますか？",🐾🏥,medium,none,
2026-09-14,12:00,pet,threads,ペット,"うちの子が季節の変わり目にフードを残す——これ、あるあるだと思う。結論、フードを変える前にまず「量」を見直すのが先。

【原因を絞る3チェック】
1) 体重の増減
2) おやつの量
3) 運動量の変化

これで大体の原因は絞れる、というのが観察してきた実感。みなさんの子は食欲の波、どう対策してますか？",🐶🍚,medium,none,
2026-09-14,19:00,pet,threads,ペット,"ドッグフードのパッケージ、私は上位3つの原材料しか見ていません。それで十分と思う派です。
選ぶときに確認しているポイントはこの3つです。
・主原料が肉や魚など動物性たんぱくか
・添加物表記が少ないか
・年齢や体重に合わせたカロリー設計になっているか
細かい成分表より、この3点で十分な差が出ると感じています。
みなさんはフード選びで最初にどこを見ますか？",🍖🐾,high,implicit,
2026-09-14,21:00,pet,threads,ペット,"保護犬を勧めるかどうか、私は「飼い主の経験値次第」で分ける派です。
初めて犬を迎える人には、まず性格や病歴が把握しやすいブリーダーや里親会経由の子をすすめることが多いです。反対に、一度でも犬と暮らした経験がある人には、保護犬の相性の良さを伝えることが多いです。
どちらが正しいという話ではなく、経験値によって向き不向きがあると感じています。
みなさんは保護犬派・ブリーダー派、どちらですか？その理由も聞いてみたいです。",🐕💭,high,implicit,
2026-09-14,07:00,sleep,threads,睡眠,"結論、寝る前90分のスマホ断ちが一番コスパの良い睡眠改善策だと思う。

私は『デジタル門限』と呼んで人に勧めている。

やることはシンプル：
・22:30以降は通知オフ
・照明は暖色系に切り替え
・ベッドでは本かストレッチのみ

これだけで『布団に入ってからのスマホ時間』が減り、入眠までの体感時間が短くなったという声が多い。

みんなは寝る前、何時にスマホを手放してる？",📱🌙,high,implicit,
2026-09-14,12:00,sleep,threads,睡眠,"夜中に『明日ちゃんと起きられるかな』と不安になって、逆に目が冴えた経験がある人は多いはず。

私はこの手の不安は『予定への責任感の裏返し』だと思っている。だから無理に寝ようとせず、一度アラームを2つ確認するだけで安心して眠れることが多い。

完璧に寝ようとするより、『最低限起きられる保険』を作る方が結果的に眠りやすい派です。

みんなは寝る前、そういう不安どう対処してる？",⏰😌,high,none,
2026-09-14,19:00,sleep,threads,睡眠,"結論、寝る1時間前のスマホは「明るさ」より「情報量」が問題だと思ってる。
脳が“処理待ちの情報”を抱えたまま横になると、光を落としても入眠が長引く。
私が試して良かった基準は3つだけ。
①通知は音もバイブも切る
②SNSは開いても「見る専用」にしてコメントしない
③ベッドに入ったらスマホは手の届かない場所に置く
これだけで「あれこれ考えて寝れない」時間が減った人、他にもいる？",🌙📵,high,implicit,
2026-09-14,21:00,sleep,threads,睡眠,"深部体温は入浴後90分でストンと下がる。私はこの90分ルールを知ってから、入浴時間を「寝る直前」から「寝る1.5時間前」に変えた派。
体感で変わったのはここ。
・布団に入ってからの寝つきまでの体感時間が短くなった
・夜中に一度目が覚める回数が減った気がする
入浴のタイミングを変えるだけで体感が変わった経験、ある人いる？どのくらい前に入ってる？",🛁⏰,high,implicit,
2026-09-15,07:00,konkatsu,threads,婚活,"結論、同棲の話し合いは「言葉が同じでも意味が違う」ことが多いと思う。

先日、地下鉄で隣になった20代後半くらいの2人の会話がふと耳に入った。「一緒に住もう」という同じ一言に対して、片方は現状維持のつもりで、もう片方は結婚への準備のつもりで話しているように聞こえた。

■同棲前にすり合わせておきたい3つ
・同棲のゴール（結婚時期）をいつまでに話すか
・生活費・家事の分担ルール
・将来の話題が出たときの反応を観察する

私は「同棲の意味は、言葉より態度で確認するべき」派。

あなたは同棲、通過点派？それとも結婚への準備派？",🏠💬,high,implicit,
2026-09-15,12:00,konkatsu,threads,婚活,"結論、婚活で停滞する人の多くは「審査モード」に入りすぎていると感じる。
最初は『どんな人だろう』だったのに、気づけば年収・学歴・実家の話ばかり聞いていないだろうか。
私は、条件確認より先に『素の自分が出せる相手かどうか』を見る派。
■審査モードに入っているサイン
・沈黙が怖くて質問攻めになる
・LINEが用件だけのやり取りに変わる
・会うたびに品定めされている感覚が強くなる
一つでも当てはまったら、条件リストより会話の中身を見直した方がいいと思っている。
あなたは今、どちらのモードだと思う？",💍📝,high,implicit,
2026-09-15,19:00,konkatsu,threads,婚活,"初対面から3回目のデートまでずっと敬語のまま、というのは珍しいことではないと観察している。
私は『3回目で下の名前を呼べているか』を進展の分かれ目として見ている派。
■距離感が縮まっているかのチェック
・沈黙になっても気まずくならない
・LINEの文末に絵文字や砕けた言い回しが増える
・次の予定を相手から提案してくるようになる
逆にこれが3回目を過ぎても変わらない場合、関係は仮交際のまま止まりやすいと感じている。
あなたの婚活で、距離感が変わった瞬間はどんなタイミングだった？",📏💬,medium,implicit,
2026-09-15,21:00,konkatsu,threads,婚活,"結論、婚活で本気度を見るべきは「学歴」より「質問の数」だと思う。
先週、婚活パーティー会場のロビーで順番待ちをしていた2人の会話が耳に入った。
一方はプロフィールの年収や勤務先ばかり確認し、もう一方は相手の休日の過ごし方を3つも質問していた。
■本気度が高い人に共通する質問の傾向
・相手の「好きなもの」を聞いているか
・条件確認より過去のエピソードを聞いているか
・沈黙の後も会話を続けようとしているか
条件を聞く人より、好きなものを聞く人の方が、関係が進みやすいと感じている。
直近のデートで「質問攻めだったな」と感じた瞬間、ありましたか？",🤔📝,high,implicit,
2026-09-15,07:00,sidejob,threads,副業,"住民税の『20万円以下なら申告しなくていい』は、所得税だけの話。私は副業収入の金額に関わらず、住民税の申告はする派です。
確定申告のときにチェックしておきたいのはこの3点。
・確定申告書 第二表の『住民税に関する事項』欄
・徴収方法が『普通徴収』になっているか
・提出前に控えを1部残しておく
これだけで会社に知られる不安はかなり減らせます。
みなさんは毎年、どちらを選んでいますか？",🧾✅,high,none,
2026-09-15,12:00,sidejob,threads,副業,"副業アカウントが伸び悩む一番の原因は、発信テーマがブレていることだと思っています。私は『1テーマ1切り口』を徹底する派です。
見直すべきチェックはこの3つ。
・プロフィールで発信テーマが一言で伝わるか
・投稿ごとにテーマが変わっていないか
・手順や基準など保存したくなる実用情報が入っているか
これだけで反応の土台が変わることが多いです。
みなさんは発信テーマ、何で絞っていますか？",📌,medium,implicit,
2026-09-15,19:00,sidejob,threads,副業,"結論、副業は「単価の高さ」より「再現性」で選んでいい。
単価だけで案件を選ぶと、続かないケースが多い印象。
私が案件を判断する基準は次の5つ。
✅ 週5時間以内で完結するか
✅ マニュアル化できる作業か
✅ 単発でなく継続案件があるか
✅ クライアントとの連絡頻度が多すぎないか
✅ 身につくスキルが翌月以降も使い回せるか
この基準に当てはまらない案件は、単価が高くても長続きしにくいと感じています。
今やってる副業、この5つに何個当てはまりますか？",✅📝,high,implicit,
2026-09-15,21:00,sidejob,threads,副業,"体感で言うと、副業が続かない人の共通点は「毎日更新」をノルマにしていること。
逆に半年以上続けられている人ほど、最初から「週3日でいい」とハードルを下げている印象がある。
理由はシンプルで、一度更新が止まると再開のハードルが一気に上がるから。
私は投稿頻度より「破綻しない仕組み」を優先する派です。
毎日更新、まだ続けられていますか？",🗓️💭,medium,implicit,
2026-09-15,07:00,beauty,threads,美容,"肌がゆらいでいるサイン、私は3つだけ見れば十分だと思っている。
①いつもより赤みが出やすい
②化粧水がしみる
③皮膚科で「肌が薄い」と言われたことがある
どれか1つでも当てはまる人は、攻めのケア（レチノール・酸系）を毎日から週2〜3回に落として、保湿を厚めにするだけで印象が変わることが多いらしい。
攻めと守り、今どっちを優先してますか？",🌿✨,high,implicit,
2026-09-15,12:00,beauty,threads,美容,肌がゆらいでいるサインは、実は3つだけ覚えておけば十分だと思っている。①化粧水がしみる②いつもより赤みが出やすい③皮膚科で「乾燥・バリア機能が低下」と言われた。結論、1つでも当てはまったら攻めケア（レチノールや酸系）は週1〜2回まで落として、保湿を厚めにするだけで扱いやすくなる、という印象がある。今の時期、当てはまる人ってどのくらいいるんだろう？,🧴✋,high,implicit,
2026-09-15,19:00,beauty,threads,美容,"結論、スキンケアは「順番」より「温度」で変える方が肌に合うと思っている。
夏は化粧水を体温に近づけてから重ね付け、冬は乳液を早めに足して蒸発を防ぐイメージ。
チェックしたいのは①肌がつっぱる時間帯②メイクがヨレる場所③週末の肌荒れ頻度、の3つ。
1つでも当てはまったら、季節ごとに順番を見直すサインだと思う。
みんなは季節で使う順番、変えてる？",🧴☀️❄️,high,implicit,
2026-09-15,21:00,beauty,threads,美容,"レチノールは毎日より、週3〜4回+保湿多めの方が続けやすいと思っている。
肌がゆらいでいるサインは次の3つ。
①いつもより赤みが出やすい
②化粧水がしみる
③皮膚科で「乾燥・薄い」と言われたことがある
1つでも当てはまるなら、頻度を落として保湿を厚くするのも選択肢だと思う。
毎日派？休み休み派？コメントで教えて",🌙✨,high,implicit,
2026-09-15,07:00,bodymake,threads,筋トレ,"結論、タンパク質は体重×1.2gで十分だと思っている。厳密に計算するより「今日どれだけ実行できたか」の方が重要。
続けやすさの基準は①朝に卵か納豆を1品追加②間食を加工食品からゆで卵やヨーグルトに変える③体重は2週間単位で見る、の3つだけ。
量より継続、どっちを優先してる？",🥚💪,high,implicit,
2026-09-15,12:00,bodymake,threads,筋トレ,"筋トレより睡眠を優先する、が私の結論。追い込んだ日ほど回復が遅れている人を見ていると、そう感じる。
チェックしたいのは①就寝1時間前はスマホを置く②筋トレは就寝3時間前までに終える③入浴で深部体温を上げすぎない、の3つだけ。
あなたは何時間睡眠を目標にしてる？",😴🛏️,high,implicit,
2026-09-15,19:00,bodymake,threads,筋トレ,"結論、筋トレの伸び悩みは「追い込み不足」より「寝不足」が原因なことが多いと感じている。
📝睡眠チェックリスト
□ 就寝1時間前はスマホを触らない
□ 就寝時刻を毎日そろえる
□ 起床後にタンパク質を摂る
□ 週2回は7時間以上眠る
ここで2つ以上×がついた人は、フォーム改善より先に睡眠を整える方が結果につながりやすい気がしている。
あなたは何個当てはまった？",😴📝💪,high,none,
2026-09-15,21:00,bodymake,threads,筋トレ,"私はタイミングより「1日の合計摂取量」を優先する派です。
体重×1.6g前後を目安に朝昼晩で分けて摂る方が、30分以内のゴールデンタイムを狙うより現実的に続けられると感じている。
📋今日から試せる分け方
・朝：卵or納豆
・昼：鶏むねor魚
・夜：プロテインor豆腐
厳密さより『今日も合計は届いた』の積み重ねが継続の鍵な気がしている。
あなたはタイミング派？合計量派？",🍳📋⏱️,high,none,
2026-09-15,07:00,education,threads,教育,"結論、子どもの『できない』への返しは、否定せず現在地を示す一言に変えるだけで反応が変わると感じています。
私が意識しているのは3段階の言い換えです。
・否定しない→「まだ途中だね」
・現在地を示す→「ここまではできてるね」
・次に繋げる→「次はここをやってみようか」
この順番を守るだけで表情が変わることがあります。
みなさんが使っている言い換え、コメントで教えてください。",📌,high,implicit,
2026-09-15,12:00,education,threads,教育,"結論、子どもの「できない」への返しは具体性一択だと思っています。
・「まだできてないだけ」→現在地の言い換え
・「ここまでできてるね」→進捗の可視化
・「一緒に考えてみようか」→伴走宣言
保存版チェックリストとして使ってみてください。他に使っている言い換え、あれば教えてください。",📌✏️,high,implicit,
2026-09-15,19:00,education,threads,教育,"結論、子どもの「できない」への返しは、行動を主語にすると変わると思う。
私は「あなたはできない」ではなく「このやり方がまだ合ってないだけ」と伝える派です。
・成果より途中経過を認める
・他の子と比較しない基準を先に決めておく
・次の一歩だけを具体的に提案する
保存版のつもりで書きました。皆さんが実際に使ってる言い換え、どんなのがありますか？",📝,high,implicit,
2026-09-15,21:00,education,threads,教育,"結論、ロボット教室とプログラミング教室は「入り口」で選べば失敗しにくいと思う。
私は、手を動かすのが好きな子にはロボット、画面の中で完結させたい子にはプログラミングを勧める派です。
判断の目安：
・工作や分解が好き→ロボット系
・ゲームや動画を作りたい→プログラミング系
・両方好きそう→まずは両方の体験だけ受けてみる
どちらのタイプか、迷ってる人はお子さんの普段の遊び方どっちに近いですか？",🤖,high,implicit,
2026-09-15,07:00,setsuyaku,threads,節約,"ふるさと納税、12月にまとめてやる人が多いですが、私は「夏のうちに上限額だけ確認しておく」派です。

理由はシンプルで、年末は返礼品が品切れ・発送遅延になりやすいから。

やることは2つだけ。
① 今年の想定年収からざっくり上限額を計算
② 上限の8割くらいまでで一度申し込んでおく

『年末にまとめて選ぶ楽しさ』もわかるけど、選択肢が減ってから焦るより早めの方が結局お得だと感じます。

みなさんは毎年いつ頃やってますか？",🍅,medium,implicit,
2026-09-15,12:00,setsuyaku,threads,節約,"月の固定費が3万円台に収まるかどうかで、貯金体質は9割決まると思っている。私は結論、食費を削るより先に固定費を見直すべき派です。
見直す優先順位は①通信費②サブスク③保険④電気ガスの順が効率的。
チェックリスト
・スマホ代が月5000円を超えていないか
・使っていないサブスクが3つ以上ないか
・保険に『なんとなく』で入っていないか
固定費、最後に見直したのいつですか？",💰📝,high,implicit,
2026-09-15,19:00,setsuyaku,threads,節約,"食費を切り詰めるより、惰性で払っている固定費を削る方が続けやすいと思う。私はここ数年、食費より先に契約系の見直しから手をつける派です。
節約が続かない人に共通するのは、我慢を積み重ねて疲れてしまうこと。一度手続きすれば自動的に減る仕組みの方が挫折しにくい。
変動費と固定費、みなさんはどっちから見直しましたか？",🧾💡,medium,implicit,
2026-09-15,21:00,setsuyaku,threads,節約,"結論、節約はまず固定費から。食費を削るのは一番最後でいい。
通信費・サブスク・保険の3つは、一度見直せば効果がずっと続くのが強み。
手順はシンプル↓
1) 契約中のサブスクを全部書き出す
2) 直近1ヶ月使っていないものを解約
3) 保険の保障内容が重複していないか確認
食費や外食を我慢するより、心理的なストレスが少ないのが固定費見直しの良いところ。
みんなは固定費、最後に見直したのいつ？",🏠📝,high,implicit,
2026-09-15,07:00,tenshoku,threads,転職,"「今の会社が嫌」だけで転職活動を始めると、正直うまくいかないケースが多いと感じている。

私が見てきた中で、うまくいっている人には共通点があった。
・辞めたい理由より「叶えたい条件」を先に言語化している
・年収だけでなく働き方の優先順位が決まっている
・応募前の自己分析にちゃんと時間をかけている

逆に勢いだけで書類を出す人ほど、入社後にミスマッチを感じやすい印象がある。

今の転職理由、「逃げ」より「叶えたいこと」で言えてる？",💭🔍,high,implicit,
2026-09-15,12:00,tenshoku,threads,転職,"面接で給与交渉をしない人がまだ8割くらいいる気がする。
私は「交渉しない方がリスク」派。

交渉するタイミングの基準はこの3つだけ見てる。
①内定通知後、入社日確定前
②他社オファーがある場合は先に開示
③希望額は根拠（前職給与・市場相場）とセットで出す

これだけでも印象は悪くならないし、下がることはほぼない。

みんなは給与交渉、したことある派？しない派？",💬📈,high,implicit,
2026-09-15,19:00,tenshoku,threads,転職,"求人サイトの倍率が高くても、現場の実感は「買い手市場」という人が6割超えてるらしい。
私はこのギャップこそが転職活動の落とし穴だと思ってる。

『本当に人が足りてる会社』を見極める基準はこの3つ。
・面接官が2回以上変わる＝選考が慎重＝実は余裕がある可能性
・スカウトの文面が定型文か個別かで温度感が分かる
・求人票の「即日入社歓迎」は逆に警戒したほうがいい

数字だけで判断すると痛い目を見る。

このギャップ、実際に感じたことある人いる？",🔍📊,high,implicit,
2026-09-15,21:00,tenshoku,threads,転職,"私は「転職エージェント3社登録」派です。理由は単純で、求人の出方が会社によって全然違うから。
1社だけだと紹介される求人の数も業界の偏りも大きい、という声はよく聞きます。

登録前に見るべきチェックリストはこの3つ。
・得意業界（IT/メーカーなど）が自分と合っているか
・担当者の初回提案までのスピード
・面談の日程調整のしやすさ

これだけで「合わないエージェント」に時間を溶かすリスクはかなり減らせます。

みなさんは何社登録していますか？",📋,high,none,
2026-09-15,07:00,pet,threads,ペット,結論、ペットフード選びで見るべき基準は3つだけでいいと考えています。①原材料の1番目が肉・魚であること②着色料・香料が無添加であること③粒の大きさが顎の力に合っていること。それ以外の細かい成分表はあまり気にしなくていいというのが私の立場です。保存しておいて買い物のときに見返せる基準にしてもらえたら。あなたが一番重視しているポイントは①〜③のどれですか？,🐾📝,high,none,
2026-09-15,12:00,pet,threads,ペット,朝5時に起こしにくる猫は珍しくないと思っています。個人的には、これは甘えではなく「生活リズムの主張」だと捉えるのが一番しっくりきます。無理に直そうとするより、前日の夜ご飯の時間を30分後ろにずらすだけで改善したという声もよく聞きます。しつけの失敗ではなく、リズムの調整で解決できるケースが多い印象です。同じように早朝に起こされている人、どう対処してますか？,🐱⏰,medium,implicit,
2026-09-15,19:00,pet,threads,ペット,"結論、犬の留守番対策は""環境""より""合図の習慣化""で決まると考えている。
チェックリスト
・出る前と帰宅後の声かけを毎回同じ言葉にする
・退屈対策グッズは3日おきに入れ替える
・室温と換気は数値で管理し感覚に頼らない
この3点を意識するだけで留守番中の様子が変わったという報告は多い。あなたの家ではどれを優先している？",🐕📝,high,none,
2026-09-15,21:00,pet,threads,ペット,"猫の1日の飲水量は体重1kgあたり50mlが目安とされている。私はこの数字を下回った日は要注意ラインだと考える派。
判断基準
・器の水は最低1日1回入れ替える
・複数の器を離れた場所に置く
・冬場は基準値を下回りやすいので温度も確認する
数字で管理すると変化に気づきやすいという声が多い。普段、水分量はどう確認してる？",🐈💧,high,none,
2026-09-15,07:00,sleep,threads,睡眠,"結論、寝る90分前の入浴が一番コスパがいいと思う。
深部体温が下がるタイミングで入眠すると寝つきが変わる、というのを試してから朝の目覚めが軽くなった気がする。
チェックすべきは3つだけ。
①湯温38〜40度
②浸かる時間10〜15分
③入浴後は照明を落として画面を見ない
これだけで「寝つくまでの時間」が変わる人は多いはず。
みんなは入浴と寝つきの関係、意識してる？",🛁🌙,high,implicit,
2026-09-15,12:00,sleep,threads,睡眠,"私は「起床時間固定」派。就寝時間より起きる時間を揺らさない方が睡眠の質は安定すると感じている。
休日に寝坊すると月曜がしんどくなるのは、体内時計がズレるから。
目安にしてるのはこの3つ。
・平日と休日の起床差は1時間以内
・起きたらすぐ日光を浴びる
・二度寝は15分以内で切る
シンプルだけど効果を感じやすい基準だと思う。
起床時間、みんなはどのくらいブレてる？",⏰☀️,medium,implicit,
2026-09-15,19:00,sleep,threads,睡眠,"結論、夜中に何度も目が覚めるなら“質問”より先に“室温”を疑ったほうがいいと思う。
チェックリスト
・寝室が27℃以下か
・除湿は40〜60%目安になっているか
・扇風機の風が体に直接当たっていないか
一つでも当てはまらないなら、まずそこから見直すのが近道。今の時期、何度目が覚める？",🌙💦,high,implicit,
2026-09-15,21:00,sleep,threads,睡眠,"結論、お盆休みで夜型になった人は、今が一番戻しにくい時期だと思う。
観察していると崩れがちなのはこの2パターン
・起床時間だけ元に戻して就寝時間はそのまま
・寝る前のスマホ時間だけ伸びたまま
休み明け、みんなはどう立て直してる？",🌅📱,medium,implicit,
2026-09-16,07:00,konkatsu,threads,婚活,"私は、婚活が停滞する一番の原因は「年収」より「審査モードが抜けないこと」だと思う。
最初はときめきで会っていたはずなのに、3回目あたりから急に条件確認モードに切り替わる人を何人も見てきた。
■審査モードに入っているサイン
・会話の8割が確認作業になっている
・相手の弱みより強みばかり探している
・楽しかった記憶より条件の一致率で判断している
審査を忘れられた瞬間からしか、関係は前に進まないと考えている。
最近のデートで、つい確認モードになってしまった瞬間はありましたか？",💭✅,high,implicit,
2026-09-16,12:00,konkatsu,threads,婚活,"婚活中の人の話を聞いていると、プロフ写真で一番差が出るのは加工より表情だと感じる。
結論、自己紹介文の雰囲気と写真の表情が一致していないと不成立になりやすい気がする。
■見直しポイント
・自然光で撮っているか
・口角より目が笑っているか
・年齢に見合った雰囲気か
プロフ迷子、意外と多い印象。みんなは写真何枚使ってる？",👀,medium,implicit,
2026-09-16,19:00,konkatsu,threads,婚活,"婚活で一番もったいないのは、最初の「楽しみ」が数ヶ月で「条件確認」に変わることだと思う。私は、会話の中心が年収や実家の話ばかりになったら一度立ち止まる派。

■審査モードに入っているサイン3つ
・話題の中心が「年収・職種・実家・将来設計」に偏っている
・LINEの文面が事務連絡っぽくなっている
・会う前から次の候補を探し始めている

この3つに当てはまったら、条件より「一緒にいて楽か」を見直すタイミングかもしれない。
あなたはどんな瞬間に審査モードに気づく？",💍🔍,high,implicit,
2026-09-16,21:00,konkatsu,threads,婚活,"先週、電車で隣に座った2人の会話が最後まで敬語のままだったのを見かけた。私は、3回目のデート以降も敬語や距離感が変わらない相手とは、進展が鈍いことが多いと感じている。

■距離感が縮まっているかの判断基準
・下の名前や愛称で呼べているか
・沈黙があっても気まずくないか
・LINEの返信が短文でも成立しているか

条件よりも先にこの「距離感」を見たほうが、後の失敗が減る気がしている。
あなたは何回目のデートで距離感の変化を感じる？",🚃💬,medium,implicit,
2026-09-16,07:00,sidejob,threads,副業,"結論、副業を選ぶ基準は「単価」より「再現性」だと思う。

高単価でも自分にしか売れないスキルは長続きしにくい。逆に単価が低くても、毎回同じ手順で数字が読める仕組みの方が結果的に続けやすいと感じる。

副業を選ぶ前に見るチェックリスト
・作業時間が毎回大きくブレないか
・自分が休んでも仕組みが回るか
・成果が数字で見える仕組みか

これに当てはまらない副業は、始める前に一度立ち止まった方がいいと思う。

みんなは副業選びで何を一番重視してる？",📝✅,high,implicit,
2026-09-16,12:00,sidejob,threads,副業,"丁寧に書きすぎた投稿ほど伸びない、というのは副業アカウントを見ていてよく感じること。

長文で背景から説明するより、3行で言い切る投稿の方が反応が良い印象がある。通勤時間にサッと読める分量に収まっているかどうかは、地味だけど大きな差になっている気がする。

短く言い切る投稿の型
・1行目で結論を言う
・2行目で理由をひとつだけ添える
・3行目で行動か問いで締める

丁寧に書きすぎて逆に反応が伸びなかった経験、心当たりある人いる？",✂️💭,medium,implicit,
2026-09-16,19:00,sidejob,threads,副業,"結論、初心者が最初に手を出すべき副業は「在庫を持たない系」だと考えています。
判断基準はシンプルに3つ。①初期費用1万円以下②即日撤退できる③スキマ時間で完結する。
この3条件を満たさない副業話は、契約前に一度立ち止まる価値があると思います。
あなたが今検討している副業、この基準に当てはまりますか？",📝✅,high,implicit,
2026-09-16,21:00,sidejob,threads,副業,"副業を始めて早期にやめる人に共通するのは、「完璧な準備」を先にやろうとする傾向だと感じています。
私は「まず小さく1件動いてから改善する」派です。
準備期間が長くなるほど、実行に踏み出す心理的ハードルが上がっていく現象、周りで見かけませんか？",💭🔍,medium,implicit,
2026-09-16,07:00,beauty,threads,美容,"結論、秋の乾燥対策は「化粧水の量」より「重ねる回数」がカギだと思う。
チェックしてほしいポイントは3つ。
①肌がつっぱる時間帯が朝か夜かで違うか
②メイクのヨレが増えたか
③使うアイテムを季節で変えているか
1つでも当てはまるなら、量を増やす前に重ねづけの回数を見直すのがおすすめ。
秋の乾燥、対策変えた人います？",🍂✨,high,implicit,
2026-09-16,12:00,beauty,threads,美容,"私は「毛穴パック」より「保湿の均一化」を優先する派。
乾燥した部分ほど皮脂が過剰に出て毛穴が目立ちやすくなると考えているから。
見直すポイントは2つだけ。
①Tゾーンと頬で化粧水の量を変えていないか
②夜だけ保湿して朝は省略していないか
この2つを直すだけで印象が変わったという声もよく見かける。
毛穴対策、今どうしてますか？",🔍✨,medium,implicit,
2026-09-16,19:00,beauty,threads,美容,"結論、毛穴とくすみは「隠す」より「土台から整える」ほうが長期的には楽だと思っている。
私の基準はシンプルで、①下地前に毛穴用の下地を一枚挟む②くすみは色ムラよりまず乾燥ケアを先にする③厚塗りで誤魔化す日は週1以下にする、の3つだけ。
特別な日だけ気合いを入れるより、日常の延長で整えるほうが結局続く気がしている。
あなたは「隠す派」「土台から整える派」どっち？",🧴✨,medium,implicit,
2026-09-16,21:00,beauty,threads,美容,"はっきり言うと、肌だけ頑張っても髪がパサついていると顔全体の印象がくすんで見えると思っている。
私が意識しているのは、①乾かす前にオイルを一滴つける②アイロン前も同じ工程を挟む③ディープトリートメントは週1回だけ、の3ステップだけ。
肌の透明感を仕込む前に髪のツヤを仕込んだほうが、写真の伸びが早い気がしている。
今、肌ケアと髪ケア、時間をかけているのはどっち？",💇‍♀️✨,medium,implicit,
2026-09-16,07:00,bodymake,threads,筋トレ,"私は「準備の手間を先に減らす」派。
・前夜にジムバッグを玄関に置く
・着替えを枕元に用意する
・補給用のドリンクを冷蔵庫に常備する
この3つだけで、朝の重い腰がかなり軽くなったという声をよく見かける。
次の朝トレ、あなたは前夜に何を準備しておく？",🎒⏰,medium,implicit,
2026-09-16,12:00,bodymake,threads,筋トレ,結論、筋トレは週3〜4回に抑える派でいる。毎日追い込むより、部位ごとに48〜72時間の回復時間を空けたほうが、扱う重量が結果的に伸びやすいと感じている。曜日固定より「前回の筋肉痛が抜けたか」で次のトレ日を決める人が周りには多い印象。あなたは頻度、何回で回してる？,💪📅,high,implicit,
2026-09-16,19:00,bodymake,threads,筋トレ,結論、筋トレの継続力は「準備の手間を何分削れるか」で9割決まると思っている。続けられている人に共通して見えるのは①ウェアを前夜に出す②ジムバッグを玄関に置く③行った日だけカレンダーに丸をつける、の3つだけ。根性で乗り切るより仕組みを変える方が再現性が高い気がしている。あなたが取り入れてる『続く仕組み』、ひとつだけ教えて？,🗓️✅,medium,implicit,
2026-09-16,21:00,bodymake,threads,筋トレ,"結論、筋トレが続くかどうかは「最初の2週間の頻度設計」でほぼ決まると思っている。理由はシンプルで、習慣が固まる前に高頻度・高強度にすると、心身の負荷でやめやすくなるから。
続けやすい人に共通する初期設計はこの3つ。
・週2〜3回からスタートする
・同じ部位を連続で追い込まない
・「休む日」を先にカレンダーへ入れておく
この3つを外している人ほど、3週間以内に離脱しやすい印象がある。あなたは最初の2週間、どんな頻度で始めた（始める予定）？",📅💪,high,implicit,
2026-09-16,07:00,education,threads,教育,"結論、宿題タイムは「机に向かう時間の長さ」より「始めるまでのハードルの低さ」を優先した方がうまくいくと感じている。
声かけで意識しているのは次の3つ。
①「10分だけやろう」と時間を区切る
②最初の1問だけ一緒に解く
③終わったら丸つけより先に「お疲れさま」を言う
完璧な計画より、始めやすさを優先する家庭の方が続いている印象がある。
あなたの家庭は、始める工夫と終わる工夫、どちらを重視していますか？",📝✏️,high,implicit,
2026-09-16,12:00,education,threads,教育,"私は「通知表の点数」より先に「本人が一番頑張ったと思う教科」を聞く派です。
点数だけを見ると、努力が結果に出なかった教科がどうしても目に入りにくい。
先に本人の実感を聞いてから点数を見ると、声のかけ方が変わってくる。
点数の話は、そのあとでいい。
みなさんは、点数と本人の実感、どちらを先に聞きますか？",🗣️📖,high,implicit,
2026-09-16,19:00,education,threads,教育,"通信制高校を調べると、オンラインと通学を両方持つところがあるらしい。

資料請求前に見ていた点は3つ。
・授業の受け方
・相談窓口の有無
・費用の内訳が資料で分かるか

進路の候補に、通信制は入っていますか？",📚,medium,implicit,
2026-09-16,21:00,education,threads,教育,"幼児教室と小学校受験の教室をいくつか調べると、「無料体験の予約」が入口のものがあるらしい。

体験の前に見ていた点は3つ。
・対象年齢が公開ページに書いてあるか
・体験が無料か
・受験対策の範囲がどこまでか

習い事の候補に、教室型は入っていますか？",📚,medium,implicit,
2026-09-16,07:00,setsuyaku,threads,節約,"結論、節約で家庭がギスギスするのは『我慢の分担』がズレてるだけだと思う。
サブスクは放置なのに子どものおやつだけ削られる、みたいな家庭は意外と多い。
削る前にやっておきたいこと↓
・家族それぞれの『削れそうなもの』を出し合う
・一人にだけ我慢を集中させない
・小さな楽しみは最後まで残す
節約は根性より仕組みで続ける方が長持ちする気がしている。
うちはこうしてる、という工夫があれば教えてほしい。",👨‍👩‍👧🍰,medium,implicit,
2026-09-16,12:00,setsuyaku,threads,節約,"電気・ガス・水道の明細、先月分と見比べたことありますか？

同じ生活スタイルでも季節や使い方のクセで数百円〜千円単位の差が出ていることがあります。

私は「先月比」を見る習慣をつけてから、無駄遣いに気づきやすくなりました。

みなさんは光熱費、どのタイミングでチェックしていますか？",💡📊,medium,implicit,
2026-09-16,19:00,setsuyaku,threads,節約,サブスク、平均5個以上契約してる人が多いらしい。私は「年1回、全部書き出して先月の利用回数がゼロなら即解約」をルール化するのが一番効くと思う派。①契約中サービスを紙に書き出す②先月使った回数を書く③ゼロなら解約、これだけで固定費は減らせる。今月見直した人、何個解約できた？,📝,high,implicit,
2026-09-16,21:00,setsuyaku,threads,節約,節約って我慢することだと思われがちだけど、私は逆だと思う派。通信・保険・サブスクみたいな固定費を一度整えれば、あとは我慢ゼロで自動的に浮き続ける。逆に食費や外食を削る方法は継続コストが高くて挫折しやすい。あなたが最初に見直すなら、通信費・保険・サブスクのどれから手をつける？,💡,medium,implicit,
2026-09-16,07:00,tenshoku,threads,転職,"結論、面接での退職理由は「ポジティブ変換一択」だと思っている。
「人間関係が嫌だった」ではなく「よりチームで成果を出せる環境を求めた」に言い換えるだけで、面接官の受け取り方は変わる、という声は多い。

言い換えの基準はシンプル。
・ネガティブワードを削る
・未来志向の言葉に変える
・具体的な行動やスキルにつなげる

これを意識するだけで、同じ経歴でも印象は大きく変わるはず。

みんなはどう言い換えてる？",💬,medium,implicit,
2026-09-16,12:00,tenshoku,threads,転職,"転職エージェントは1社より3社使う方が良いと思う。理由は求人の偏りと担当者の当たり外れをなくすため。
比較するときに見てるポイントはこの4つ。
・提案してくる求人の幅
・年収交渉の実績
・担当者の業界理解度
・面接後のフィードバックの速さ
1社だけだと『その担当者の得意分野』しか見えてこない。みなさんは何社くらい使ってますか？",📝✅,high,none,
2026-09-16,19:00,tenshoku,threads,転職,"転職理由を『人間関係』とそのまま面接で言う人は少ないと感じる。結論、本音と建前は最初から分けて整理しておいた方がいい。
・本音（自己分析用）：人間関係、給与、将来不安
・建前（面接用）：キャリアアップ、スキル活用
本音を隠すのではなく、面接用に翻訳しておくイメージ。みなさんは本音と建前、どう線引きしてますか？",🗣️🔍,high,implicit,
2026-09-16,21:00,tenshoku,threads,転職,"有効求人倍率1.18倍でも、書類選考の通過率は体感で下がっている。私は「応募数より一社ごとの準備の質」派。
最低限これだけは揃えてから出すべきだと思っている項目↓
・職務経歴書は求人票の文言に合わせて言い換える
・志望動機は「なぜこの会社か」まで踏み込む
・退職理由はネガティブ→前向きに変換して1行で言えるようにする
ここまでやって落ちるなら、応募先の相性の問題だと切り替えていい。
今の転職活動、数で勝負派？質で勝負派？",📝,high,implicit,
2026-09-16,07:00,pet,threads,ペット,犬が『ご褒美用おやつ』の匂いを嗅いだ瞬間に真顔になる瞬間、あれは表情筋より『間』で感情を伝えている証拠だと思う。結論、指示を出す前に3秒待つだけで反応がはっきり変わることが多い。急かすより『待たせる』方が実は伝わりやすいという観察、共感する飼い主さん多い印象。みなさんの子は何秒くらい待てますか？,🐶⏱️,medium,implicit,
2026-09-16,12:00,pet,threads,ペット,35℃の日、アスファルト表面温度は60℃近くまで上がることがある。結論、日中の散歩は避けて『朝5時台』か『夜9時以降』の二択でいいと思う。チェックすべきは3つだけ。①手の甲を5秒地面につけて熱くないか②肉球の色や歩き方に違和感がないか③水分補給用のボトルを常に携帯しているか。この3つを守るだけで熱中症リスクはかなり下げられる印象。みなさんは散歩の時間、いつにずらしてますか？,🌡️🐾,high,implicit,
2026-09-16,19:00,pet,threads,ペット,"うちの猫、掃除機をかけた日は決まって半日ふてくされてる。もう3年目だけど毎回同じ反応。

私は正直、掃除機のタイミングは猫の機嫌優先派。多少部屋が汚くても、猫が隠れて出てこない時間を作らない方が結果的にストレス少ないと思ってる。

音に敏感な子への対策、うちでやってるのは
・掃除機前におやつで別室に誘導
・掃除の直前に一声かける
・終わったらすぐ横に座って様子を見る

これくらいで様子見の時間は結構減った。

みんなの子は掃除機、平気なタイプ？それとも即逃走タイプ？",🐱🧹,high,implicit,
2026-09-16,21:00,pet,threads,ペット,"月の餌代、犬猫1匹あたり5,000〜8,000円が「普通」だと思ってる。これより極端に安い場合は原材料を一度見直した方がいいと感じる。

私はコスパより「原材料の最初の3つが何か」を優先派。安さだけで選んで体調を崩された経験があるので、そこは譲れないラインにしてる。

選ぶときにチェックしてる基準はこの3つ。
① 主原料が穀物メインじゃないか
② 添加物表記がシンプルか
③ 年齢・体重に合った粒サイズか

この基準にしてから、うちの子は毛艶と便の状態が安定した。

餌選び、みんなは価格重視？成分重視？",🐾🍖,medium,implicit,
2026-09-16,07:00,sleep,threads,睡眠,入眠までの目安は10〜20分。30分以上かかる日が続くなら、寝具より先に環境を疑ったほうがいいというのが私の考え。チェックすべきは3つだけ。①寝る1時間前のスマホ②寝室の温度③寝る直前の入浴タイミング。今の暑い時期は①②の影響が特に大きいと感じている。あなたはこの3つのうち、どれが一番崩れやすい？,🌙💤,high,implicit,
2026-09-16,12:00,sleep,threads,睡眠,結論、寝苦しい夜に安眠グッズを増やすより先にやることがある。それは『室温を下げる』の一択だと思っている。手順はシンプル。①就寝1時間前にエアコンを26〜27℃設定②寝る直前の熱いシャワーはNG、ぬるめの湯船かシャワーのみ③掛け布団は接触冷感素材に変える。この3つを順番通りにやるだけで体感はかなり変わるという声をよく見かける。今夜、この中でどれから試せそう？,🌡️😴,high,implicit,
2026-09-16,19:00,sleep,threads,睡眠,"結論、入浴は寝る90分前が一番効果を感じやすいと思っています。私は「90分前入浴派」。理由は体温が下がり始めるタイミングと、入眠に向かう体内リズムが噛み合うから。
今日からできる3ステップ↓
①38〜40度で10〜15分浸かる
②上がったらすぐ靴下を脱ぐ
③照明を落として画面を見ない
これだけで寝つきが変わったという声、よく見かけます。あなたは何分前派ですか？",🛁🌙,high,implicit,
2026-09-16,21:00,sleep,threads,睡眠,"室温は18〜20度が睡眠の質に一番影響すると感じています。私は「寒め設定＋厚手ブランケット派」。エアコンをタイマーで切って朝方に室温が上がり、中途覚醒するという相談が地味に多いです。
チェックリスト↓
・就寝時は18〜20度に設定
・タイマーではなく朝までつけっぱなしが安定
・掛け布団は薄手を2枚で微調整
今の寝室、何度に設定してますか？",🌡️😴,high,implicit,
2026-09-17,07:00,konkatsu,threads,婚活,"結論、婚活が長引く人の多くは「審査モード」に入り込んでいると感じる。条件確認から入るほど、相手も身構えて距離が縮まらない。

■審査モードに入っているサイン3つ
・初対面でいきなり年収/実家/将来設計を聞く
・沈黙が怖くて質問攻めになる
・LINEが「今度会いましょう」で止まり日程を詰めない

私は「面接官をやめた瞬間に、婚活は前に進む」派。条件を通過した先に好意があるのではなく、条件を忘れた瞬間に好意が生まれるものだと思う。

あなたは直近のデート、趣味の話に何分使えた？",💍🤔,high,implicit,
2026-09-17,12:00,konkatsu,threads,婚活,"結論、同棲の話し合いは「言葉が同じでも意味が違う」ことが多いと思う。

先日、地下鉄で隣になった20代後半くらいの2人の会話がふと耳に入った。「一緒に住もう」という同じ一言に対して、片方は現状維持のつもりで、もう片方は結婚への準備のつもりで話しているように聞こえた。

■同棲前にすり合わせておきたい3つ
・同棲のゴール（結婚時期）をいつまでに話すか
・生活費・家事の分担ルール
・将来の話題が出たときの反応を観察する

私は「同棲の意味は、言葉より態度で確認するべき」派。

あなたは同棲、通過点派？それとも結婚への準備派？",🏠💬,high,implicit,
2026-09-17,19:00,konkatsu,threads,婚活,"結論、婚活で停滞する人の多くは「審査モード」に入りすぎていると感じる。
最初は『どんな人だろう』だったのに、気づけば年収・学歴・実家の話ばかり聞いていないだろうか。
私は、条件確認より先に『素の自分が出せる相手かどうか』を見る派。
■審査モードに入っているサイン
・沈黙が怖くて質問攻めになる
・LINEが用件だけのやり取りに変わる
・会うたびに品定めされている感覚が強くなる
一つでも当てはまったら、条件リストより会話の中身を見直した方がいいと思っている。
あなたは今、どちらのモードだと思う？",💍📝,high,implicit,
2026-09-17,21:00,konkatsu,threads,婚活,"初対面から3回目のデートまでずっと敬語のまま、というのは珍しいことではないと観察している。
私は『3回目で下の名前を呼べているか』を進展の分かれ目として見ている派。
■距離感が縮まっているかのチェック
・沈黙になっても気まずくならない
・LINEの文末に絵文字や砕けた言い回しが増える
・次の予定を相手から提案してくるようになる
逆にこれが3回目を過ぎても変わらない場合、関係は仮交際のまま止まりやすいと感じている。
あなたの婚活で、距離感が変わった瞬間はどんなタイミングだった？",📏💬,medium,implicit,
2026-09-17,07:00,sidejob,threads,副業,副業アプリを3つ以上掛け持ちしてる人、正直成果が分散して伸びにくいと感じる。私は「1つに集中→一定期間で反応が出なければ乗り換え」派です。乗り換えるかどうかの判断基準は3つ。①初月に実際に手を動かした時間 ②得られた反応・問い合わせ数 ③自分の得意分野との相性。増やす前に一度この3つで立ち止まってみてほしい。あなたは掛け持ち派？集中派？,📝✅,high,implicit,
2026-09-17,12:00,sidejob,threads,副業,在宅ワークの求人、応募者の多くが単価だけを見て選んでいる印象がある。私は「継続して依頼が来るかどうか」で選ぶべき派。単価が高くても更新されない案件は結局稼働ゼロになりやすい。見るべきポイントは①募集期間の長さ ②依頼主のレビュー数 ③初回対応の速さ、の3つ。単価と継続率、どちらを優先して選んでる？,🔍,medium,none,
2026-09-17,19:00,sidejob,threads,副業,"結論、副業初心者はまず「在庫を持たない」ジャンルから始めるべきだと思っています。
挑戦してすぐ挫折する人の共通点は、初期費用を先に使いすぎることです。
私が見てきた中で続きやすかった順番はこちら👇
①スキル販売（時間さえあれば元手0円）
②アフィリエイト（在庫ゼロ・発送ゼロ）
③物販（在庫リスクあり・最後に検討）
あなたが最初に選んだのはどのタイプでしたか？",👇,high,implicit,
2026-09-17,21:00,sidejob,threads,副業,"体感、副業が続かない人の8割は「毎日投稿」を目標にしすぎていると思っています。
私は質より先に「継続できる頻度」を決める派です。
挫折しやすい人によく見られる特徴はこちら👇
・初日から気合を入れすぎる
・反応がないとすぐやめる
・比較対象がいきなり月収100万円の人
まずは週2投稿を3ヶ月続けるほうが、結果的に早く積み上がります。
今の投稿頻度、少し無理していませんか？",👇,high,implicit,
2026-09-17,07:00,beauty,threads,美容,"「盛れるコスメ」より「自分に合う色」を選んだ方が結局盛れる、と最近よく思う。
私はパーツを強調するメイクより、肌なじみ優先の似合わせ盛り派。
セルフチェックは、①ファンデを頬と顎で色比べする②チークは骨格の一番高い位置に薄く③リップは唇の血色に近い色を選ぶ、の3つだけ。
パーツ盛りで浮いていた頃より、似合わせを意識してからの方が『変わったね』と言われる気がしている。
最近メイクで意識してること、ある？",💄🪞,medium,implicit,
2026-09-17,12:00,beauty,threads,美容,"結論、今話題の「再生系成分」は成分名で選ぶより、悩み別に使い分けるほうが失敗しにくいと感じています。
見ている基準は3つ→①乾燥か赤みかで系統を選ぶ②新成分は少量から試す③3週間は変化を様子見してから判断。
情報が多い時期ほど「基準を先に決める」ほうが近道だと思うのですが、みなさんは成分選びで何を一番重視していますか？",✅🧪,high,implicit,
2026-09-17,19:00,beauty,threads,美容,"私は「攻める美容医療級ケア」より「守る土台ケア」を先に固める派です。
季節の変化で肌がゆらぐという声は美容メディアでもよく指摘されています。
土台ケアの基準は3つ→①バリアを壊さない洗顔に一時切り替え②低刺激処方を選ぶ③肌が落ち着いてから攻めケアを再開。
今の時期、攻めと守りどちらを優先していますか？",🛡️🌿,high,implicit,
2026-09-17,21:00,beauty,threads,美容,"結論、乾燥小ジワ対策は「保湿の量」より「重ねるタイミング」だと思っている。
私がチェックしている基準は3つ。
①洗顔後1分以内に化粧水を1プッシュ
②乳液は手のひらで軽く温めてから伸ばす
③夜だけ保湿量を1.5倍にする
この3つのうち、1つでもやってないと乾燥が戻りやすい印象。
みなさんは重ねるタイミング、意識してますか？",🧴💧,high,implicit,
2026-09-17,07:00,bodymake,threads,筋トレ,"「筋肉痛が出ないと効いていない」というのは半分間違いだと思っている。筋肉痛はダメージの指標であって、成長そのものの指標ではないからだ。
実際、扱う重量や回数の推移が右肩上がりなら、筋肉痛がなくても筋力・筋量は伸びているケースがある。
成長判断に使えるチェックポイントはこの3つ。
・同じ種目の重量が3週間前より伸びているか
・同じ重量でのフォームが安定してきたか
・翌日の「動ける感覚」を疲労感より重視できているか
この3つを記録し始めると、筋肉痛の有無に一喜一憂しなくなる気がしている。あなたは何を基準に伸びを判断してる？",📊🔥,high,implicit,
2026-09-17,12:00,bodymake,threads,筋トレ,"停滞期に入ったとき、種目を増やす前に見直されがちなポイントをメモ。
① 睡眠時間が最近削れていないか
② 同じ重量・回数が何週も続いていないか
③ 体重の変化に対して食事量が合っているか
この3つから確認する、という考え方があるらしい。
みんなは停滞期、まず何から見直す？
📝",📝,high,implicit,
2026-09-17,19:00,bodymake,threads,筋トレ,体重×1.5gのタンパク質量、いきなり計算しなくていい。私が続けているのは「卵1個＋納豆1パック」を毎日の食事に固定で足すだけのルール。数字を追うより“いつもの食事に1品足す”方式の方が続く気がしている。今日の食事、あと何を足せそう？,🥚,medium,implicit,
2026-09-17,21:00,bodymake,threads,筋トレ,結論、忙しい日ほど「10分メニュー」でいいと思っている。私が実践しているのはスクワット10回・腕立て10回・プランク30秒の3つだけ。完璧な60分より、ゼロの日を作らないことの方が半年後の差になる気がしている。あなたが忙しい日に削るなら、種目？時間？それとも回数？,💪🏠,high,implicit,
2026-09-17,07:00,education,threads,教育,"夏休みの自由研究、テーマ決めから仕上げまで親がかなり伴走する家庭と、子どもにほぼ任せて見守るだけの家庭がある。完成度を重視するか、試行錯誤の過程を重視するかで自然と分かれるポイント。
あなたの家庭は伴走派？見守り派？",☀️,high,implicit,
2026-09-17,12:00,education,threads,教育,"子どもの「朝の準備」、声かけする派としない派で家庭の空気がだいぶ変わる。
毎朝リマインドして一緒に進める家庭もあれば、失敗も経験のうちと見守る家庭も。
どちらも『自分でできるようになってほしい』という気持ちは同じだけど、やり方は真逆になりがち。
あなたの家はどちら派ですか？",🕗,high,implicit,
2026-09-17,19:00,education,threads,教育,"小学生の「音読カード」、地味だけど見落としがちなポイント3つ。
①同じページを繰り返す日があっても問題なし、むしろ定着のサイン
②サインする欄は『聞いた時間帯』も一言添えると先生に伝わりやすい
③声の大きさより『区切って読めているか』の方がチェックポイントとして有効
保存しておくと役立つかもしれません。",📖,medium,implicit,
2026-09-17,21:00,education,threads,教育,"結論、宿題は低学年のうちは隣について見る派です。
理由はシンプルで、伴走ありのほうが「わからない」をその場で解消できるから。
うちで目安にしている切り替えラインはこの3つ。
①漢字の書き取りは3年生から一人でOK
②文章題は「式だけ一緒→計算は一人」に移行
③丸つけは学年関係なく一緒にやる
みなさんの家庭の切り替えラインはいつ頃でしたか？",📐📝,high,implicit,
2026-09-17,07:00,setsuyaku,threads,節約,"結論、ふるさと納税は9月中に済ませておくべき派です。

2026年10月から返礼品の地場産品基準が厳格化され、家電や域外加工の食品などが対象から外れる可能性があるとされています。欲しい返礼品が決まっている人ほど先延ばしは損になりやすいです。

寄付前にチェックしたい3点↓
✅ 欲しい返礼品が『地場産品基準厳格化』の対象カテゴリか確認
✅ 上限額シミュレーターで控除枠を再確認
✅ 決済方法（クレカ・キャッシュレス）でポイント上乗せがあるか比較

制度が変わるたびに『前のルールのまま』損している人、意外と多い印象です。
みなさんは今年、もう寄付済みですか？",🍤✅,high,implicit,
2026-09-17,12:00,setsuyaku,threads,節約,"結論、固定費の見直しは『通信費→保険→サブスク』の順でやるのが効率いい派です。

理由はシンプルで、通信費は一度見直せば手間なく効果が数年続くから。保険やサブスクは見直しに時間がかかる割にリターンが小さいことが多いです。

見直し前のミニチェックリスト↓
✅ 直近3ヶ月の携帯代の平均額を出す
✅ 使っていないサブスクを1つでも洗い出す
✅ 保険は『同じ保障で安いプランがないか』だけ確認

完璧を目指すと疲れて続かないので、まず1項目だけでいいと思っています。
みなさんが最初に手をつけるならどれですか？",📱💡,medium,implicit,
2026-09-17,19:00,setsuyaku,threads,節約,"結論、固定費は「通信→保険→サブスク」の順で見直すのが一番効率がいいと思っている。

理由は単純で、この3つは一度見直せば毎月ずっと効果が続くから。

見直す時に自分がチェックしてる基準はこの3つだけ。
①使ってる機能を実際に使っているか
②同条件でもっと安いプランがあるか
③解約・変更の手間が数千円以上の価値に見合うか

節約系の発信をしてると「頑張って我慢する」系のアドバイスが多いけど、個人的には我慢より仕組みを変える方がラクだし続くと感じてる。

みんなは固定費、どこから手をつけた？",💡📱,high,implicit,
2026-09-17,21:00,setsuyaku,threads,節約,"ふるさと納税、毎年12月に慌てて申し込む人が多いけど、私は「夏〜秋のうちに上限額だけ計算しておく派」。

理由は、年末は返礼品の人気商品が売り切れやすいから。

上限額を計算する時に見てる項目はこれだけ。
・今年の給与収入（見込みでOK）
・扶養家族の人数
・他の控除（iDeCoやふるさと納税以外の寄付）の有無

この3つが分かれば、シミュレーターでだいたいの上限は出せる。

毎年ギリギリで焦る人、意外と多くない？",🍅📝,medium,implicit,
2026-09-17,07:00,tenshoku,threads,転職,"求職者の6割が「買い手市場」だと感じているのに、実際の有効求人倍率は高止まりしている。このギャップ、放置すると自己評価を下げすぎる原因になると思っている。
結論、求人数の多さと「自分に合う求人があるか」は別問題。
見るべきは求人票の数ではなく、応募先の中で自分の経験がそのまま活きる求人が何件あるかどうか。
数字に振り回されて動けなくなってる人、意外と多い気がする。",📊,medium,none,
2026-09-17,12:00,tenshoku,threads,転職,"年収600万円以上の人の約6割がSNS経由でスカウトを受けた経験があるらしい。
私はこの数字、思ったより低くないなと感じている。

プロフィールを整えるだけで声がかかる可能性があるなら、やらない理由がない。
最低限チェックしたいのはこの3つ。
☑ 職種・スキルが一目でわかる自己紹介文になっているか
☑ 実績は数字ベースで書けているか
☑ 発信内容に一貫性があるか

整っていない人ほど「見られている」意識が抜けている印象。

あなたのプロフィール、この3つ埋まってますか？",📈🧾,high,implicit,
2026-09-17,19:00,tenshoku,threads,転職,"転職活動で後悔するのは「情報収集を怠ったこと」より「決断を先延ばしにしたこと」だと私は思う。
情報はいくら集めても、決める基準がないと堂々巡りになる。

私が決断前に確認している基準はこの4つ。
① 給与は現状維持以上か
② 裁量権は増えるか減るか
③ 通勤・働き方の負荷は許容範囲か
④ 1年後にスキルとして残るものがあるか

全部満たさなくてもいいけど、2つ以下ならまだ動くタイミングじゃない気がしている。

この基準、あなたなら何を足しますか？",🧭✅,high,none,
2026-09-17,21:00,tenshoku,threads,転職,"第二新卒・既卒向けの転職支援をいくつか調べて、入口が「無料カウンセリング」のものと「登録だけ」のものに分かれる印象があった。

比較するときに見ていたのは3つ。
・初回が面談か、登録完了か
・条件の棚卸しが先か、求人提示が先か
・入社後の記述があるか

今の自分は、情報収集と応募のどちらが先だと思いますか？",🗂️,medium,implicit,
2026-09-17,07:00,pet,threads,ペット,"結論、フード選びで一番見るべきは「原材料表示の順番」だと思っている。

最初の3つに肉・魚由来のタンパク源が入っているかで、だいたいの品質は判断できる。

保存版チェックリスト↓
□ 原材料の1〜3番目にタンパク源があるか
□ 添加物の種類が多すぎないか
□ 便の状態（硬さ・匂い）が切り替え後2週間で安定したか
□ 粒の大きさが顎の力に合っているか

毎回パッケージ裏を見返すのが面倒な人向けの基準です。

みなさんはフード選びで一番重視してる項目、何ですか？",🐾📋,high,implicit,
2026-09-17,12:00,pet,threads,ペット,"猫が急に飼い主の膝から降りて、少し離れた場所で丸くなるのは「嫌い」じゃなくて「安心してる証拠」だと思っている。

ベタベタ甘えるだけが愛情表現じゃなくて、視界に入る距離で寛いでいること自体が信頼のサインというのが私の見方。

同じ空間にいるのに触れ合わない時間、うちのコだけかと思ってたけど意外とあるあるらしい。

猫飼いのみなさん、この「つかず離れず」感じたことあります？",🐈,medium,none,
2026-09-17,19:00,pet,threads,ペット,"結論、初心者ほど多頭飼いより先に「通院費の備え」を整えるべきだと思う。保険の有無で、通院するかどうかの判断が変わる場面をよく見かける。

【通院前チェック】
・年1回の健康診断予定はあるか
・通院費の上限額を決めているか
・持病の有無を把握しているか

これだけで「まさかの通院」への心構えがかなり変わる、というのが個人的な結論。みなさんは通院費の目安、決めていますか？",🐾🏥,medium,none,
2026-09-17,21:00,pet,threads,ペット,"うちの子が季節の変わり目にフードを残す——これ、あるあるだと思う。結論、フードを変える前にまず「量」を見直すのが先。

【原因を絞る3チェック】
1) 体重の増減
2) おやつの量
3) 運動量の変化

これで大体の原因は絞れる、というのが観察してきた実感。みなさんの子は食欲の波、どう対策してますか？",🐶🍚,medium,none,
2026-09-17,07:00,sleep,threads,睡眠,"結論、夜中に何度も目が覚めるのは「気にしすぎ」より先に室温と光を疑ったほうがいい派です。
目安にしているチェックはこの3つ↓
①寝る1時間前は暖色照明に切り替えているか
②布団の中の温度が高すぎないか
③起床時刻を平日休日で大きくズラしていないか
どれか当てはまる人、地味に多いはず。あなたはどれが一番怪しいと思う？",🌙💤,high,implicit,
2026-09-17,12:00,sleep,threads,睡眠,"最近「夜中に3回以上目が覚める」という声をよく見かける。私はこれ、スマホより『布団の中で考え事をする時間』の影響のほうが大きいと思っている派です。
試している人が多い対策はシンプルで、
・寝る前に『明日やること』を紙に書き出す
・布団に入ったら考え事を一旦保留にする
これだけで中途覚醒が減ったという話をよく聞きます。同じタイプの人いる？",🛌📝,medium,implicit,
2026-09-17,19:00,sleep,threads,睡眠,"結論、寝る前90分のスマホ断ちが一番コスパの良い睡眠改善策だと思う。

私は『デジタル門限』と呼んで人に勧めている。

やることはシンプル：
・22:30以降は通知オフ
・照明は暖色系に切り替え
・ベッドでは本かストレッチのみ

これだけで『布団に入ってからのスマホ時間』が減り、入眠までの体感時間が短くなったという声が多い。

みんなは寝る前、何時にスマホを手放してる？",📱🌙,high,implicit,
2026-09-17,21:00,sleep,threads,睡眠,"夜中に『明日ちゃんと起きられるかな』と不安になって、逆に目が冴えた経験がある人は多いはず。

私はこの手の不安は『予定への責任感の裏返し』だと思っている。だから無理に寝ようとせず、一度アラームを2つ確認するだけで安心して眠れることが多い。

完璧に寝ようとするより、『最低限起きられる保険』を作る方が結果的に眠りやすい派です。

みんなは寝る前、そういう不安どう対処してる？",⏰😌,high,none,
2026-09-18,07:00,konkatsu,threads,婚活,"結論、婚活で本気度を見るべきは「学歴」より「質問の数」だと思う。
先週、婚活パーティー会場のロビーで順番待ちをしていた2人の会話が耳に入った。
一方はプロフィールの年収や勤務先ばかり確認し、もう一方は相手の休日の過ごし方を3つも質問していた。
■本気度が高い人に共通する質問の傾向
・相手の「好きなもの」を聞いているか
・条件確認より過去のエピソードを聞いているか
・沈黙の後も会話を続けようとしているか
条件を聞く人より、好きなものを聞く人の方が、関係が進みやすいと感じている。
直近のデートで「質問攻めだったな」と感じた瞬間、ありましたか？",🤔📝,high,implicit,
2026-09-18,12:00,konkatsu,threads,婚活,"私は、婚活が停滞する一番の原因は「年収」より「審査モードが抜けないこと」だと思う。
最初はときめきで会っていたはずなのに、3回目あたりから急に条件確認モードに切り替わる人を何人も見てきた。
■審査モードに入っているサイン
・会話の8割が確認作業になっている
・相手の弱みより強みばかり探している
・楽しかった記憶より条件の一致率で判断している
審査を忘れられた瞬間からしか、関係は前に進まないと考えている。
最近のデートで、つい確認モードになってしまった瞬間はありましたか？",💭✅,high,implicit,
2026-09-18,19:00,konkatsu,threads,婚活,"婚活中の人の話を聞いていると、プロフ写真で一番差が出るのは加工より表情だと感じる。
結論、自己紹介文の雰囲気と写真の表情が一致していないと不成立になりやすい気がする。
■見直しポイント
・自然光で撮っているか
・口角より目が笑っているか
・年齢に見合った雰囲気か
プロフ迷子、意外と多い印象。みんなは写真何枚使ってる？",👀,medium,implicit,
2026-09-18,21:00,konkatsu,threads,婚活,"婚活で一番もったいないのは、最初の「楽しみ」が数ヶ月で「条件確認」に変わることだと思う。私は、会話の中心が年収や実家の話ばかりになったら一度立ち止まる派。

■審査モードに入っているサイン3つ
・話題の中心が「年収・職種・実家・将来設計」に偏っている
・LINEの文面が事務連絡っぽくなっている
・会う前から次の候補を探し始めている

この3つに当てはまったら、条件より「一緒にいて楽か」を見直すタイミングかもしれない。
あなたはどんな瞬間に審査モードに気づく？",💍🔍,high,implicit,
2026-09-18,07:00,sidejob,threads,副業,"住民税の『20万円以下なら申告しなくていい』は、所得税だけの話。私は副業収入の金額に関わらず、住民税の申告はする派です。
確定申告のときにチェックしておきたいのはこの3点。
・確定申告書 第二表の『住民税に関する事項』欄
・徴収方法が『普通徴収』になっているか
・提出前に控えを1部残しておく
これだけで会社に知られる不安はかなり減らせます。
みなさんは毎年、どちらを選んでいますか？",🧾✅,high,none,
2026-09-18,12:00,sidejob,threads,副業,"副業アカウントが伸び悩む一番の原因は、発信テーマがブレていることだと思っています。私は『1テーマ1切り口』を徹底する派です。
見直すべきチェックはこの3つ。
・プロフィールで発信テーマが一言で伝わるか
・投稿ごとにテーマが変わっていないか
・手順や基準など保存したくなる実用情報が入っているか
これだけで反応の土台が変わることが多いです。
みなさんは発信テーマ、何で絞っていますか？",📌,medium,implicit,
2026-09-18,19:00,sidejob,threads,副業,"結論、副業は「単価の高さ」より「再現性」で選んでいい。
単価だけで案件を選ぶと、続かないケースが多い印象。
私が案件を判断する基準は次の5つ。
✅ 週5時間以内で完結するか
✅ マニュアル化できる作業か
✅ 単発でなく継続案件があるか
✅ クライアントとの連絡頻度が多すぎないか
✅ 身につくスキルが翌月以降も使い回せるか
この基準に当てはまらない案件は、単価が高くても長続きしにくいと感じています。
今やってる副業、この5つに何個当てはまりますか？",✅📝,high,implicit,
2026-09-18,21:00,sidejob,threads,副業,"体感で言うと、副業が続かない人の共通点は「毎日更新」をノルマにしていること。
逆に半年以上続けられている人ほど、最初から「週3日でいい」とハードルを下げている印象がある。
理由はシンプルで、一度更新が止まると再開のハードルが一気に上がるから。
私は投稿頻度より「破綻しない仕組み」を優先する派です。
毎日更新、まだ続けられていますか？",🗓️💭,medium,implicit,
2026-09-18,07:00,beauty,threads,美容,"肌がゆらいでいるサイン、私は3つだけ見れば十分だと思っている。
①いつもより赤みが出やすい
②化粧水がしみる
③皮膚科で「肌が薄い」と言われたことがある
どれか1つでも当てはまる人は、攻めのケア（レチノール・酸系）を毎日から週2〜3回に落として、保湿を厚めにするだけで印象が変わることが多いらしい。
攻めと守り、今どっちを優先してますか？",🌿✨,high,implicit,
2026-09-18,12:00,beauty,threads,美容,肌がゆらいでいるサインは、実は3つだけ覚えておけば十分だと思っている。①化粧水がしみる②いつもより赤みが出やすい③皮膚科で「乾燥・バリア機能が低下」と言われた。結論、1つでも当てはまったら攻めケア（レチノールや酸系）は週1〜2回まで落として、保湿を厚めにするだけで扱いやすくなる、という印象がある。今の時期、当てはまる人ってどのくらいいるんだろう？,🧴✋,high,implicit,
2026-09-18,19:00,beauty,threads,美容,"結論、スキンケアは「順番」より「温度」で変える方が肌に合うと思っている。
夏は化粧水を体温に近づけてから重ね付け、冬は乳液を早めに足して蒸発を防ぐイメージ。
チェックしたいのは①肌がつっぱる時間帯②メイクがヨレる場所③週末の肌荒れ頻度、の3つ。
1つでも当てはまったら、季節ごとに順番を見直すサインだと思う。
みんなは季節で使う順番、変えてる？",🧴☀️❄️,high,implicit,
2026-09-18,21:00,beauty,threads,美容,"レチノールは毎日より、週3〜4回+保湿多めの方が続けやすいと思っている。
肌がゆらいでいるサインは次の3つ。
①いつもより赤みが出やすい
②化粧水がしみる
③皮膚科で「乾燥・薄い」と言われたことがある
1つでも当てはまるなら、頻度を落として保湿を厚くするのも選択肢だと思う。
毎日派？休み休み派？コメントで教えて",🌙✨,high,implicit,
2026-09-18,07:00,bodymake,threads,筋トレ,私は「タイミングより合計量」派。筋トレ後30分以内にこだわるより、朝・昼・夜でタンパク質を1品ずつ足す方が結局続く。目安は卵1個・納豆1パック・ヨーグルト1個をそれぞれ別の食事に足すだけ。細かい計算より『足す習慣』を先に作る方が挫折しにくいと感じている。みんなはタイミング重視？合計量重視？,🍳⏱️,high,implicit,
2026-09-18,12:00,bodymake,threads,筋トレ,"結論、タンパク質は体重×1.2gで十分だと思っている。厳密に計算するより「今日どれだけ実行できたか」の方が重要。
続けやすさの基準は①朝に卵か納豆を1品追加②間食を加工食品からゆで卵やヨーグルトに変える③体重は2週間単位で見る、の3つだけ。
量より継続、どっちを優先してる？",🥚💪,high,implicit,
2026-09-18,19:00,bodymake,threads,筋トレ,"筋トレより睡眠を優先する、が私の結論。追い込んだ日ほど回復が遅れている人を見ていると、そう感じる。
チェックしたいのは①就寝1時間前はスマホを置く②筋トレは就寝3時間前までに終える③入浴で深部体温を上げすぎない、の3つだけ。
あなたは何時間睡眠を目標にしてる？",😴🛏️,high,implicit,
2026-09-18,21:00,bodymake,threads,筋トレ,"結論、筋トレの伸び悩みは「追い込み不足」より「寝不足」が原因なことが多いと感じている。
📝睡眠チェックリスト
□ 就寝1時間前はスマホを触らない
□ 就寝時刻を毎日そろえる
□ 起床後にタンパク質を摂る
□ 週2回は7時間以上眠る
ここで2つ以上×がついた人は、フォーム改善より先に睡眠を整える方が結果につながりやすい気がしている。
あなたは何個当てはまった？",😴📝💪,high,none,
2026-09-18,07:00,education,threads,教育,"結論、テストの点数は見せてもらう派です。
点数そのものより「どこで間違えたか」を一緒に確認する材料になると考えています。
我が家で決めているチェックポイントは3つ。
①70点以下は原因を一緒に探す
②90点以上は結果より過程を一言褒める
③点数の良し悪しでその日の機嫌を変えない
見せなくていい派のご家庭は、どんな基準でやる気を守っていますか？",📊✏️,high,implicit,
2026-09-18,12:00,education,threads,教育,"結論、家庭のご褒美設計は「プロセス評価8割・結果評価2割」がちょうどいいと感じている。
テストの点数だけを見ていると、点数が伸びない時期にやる気の土台まで崩れやすい。
・机に向かった時間
・声に出して読んだ回数
・分からない問題に粘った時間
このあたりを記録して、月末にまとめて結果と紐づけるくらいが現実的だと思う。
みなさんの家庭では、どちらの比重が大きいですか？",🎯📝,high,implicit,
2026-09-18,19:00,education,threads,教育,"結論、子どもの「できない」は「まだ」に言い換えるだけで行動が変わりやすいと感じている。
言い換えの基準はシンプルに3つ。
①結果ではなく直前の行動を言葉にする
②比較は「昨日の自分」に限定する
③できたことは具体的な数字で伝える（例：10分早く着席できた）
抽象的な励ましより、この方が次の一歩につながりやすい気がする。
他に効果を感じた言い換え、あれば教えてください。",📌✨,high,implicit,
2026-09-18,21:00,education,threads,教育,"結論、プログラミングはもう『習い事の選択肢』ではなく『受験科目の準備』だと私は見ています。
情報Ⅰが共通テストに入ってから、周囲の相談内容は「楽しく触れさせたい」から「間に合わせたい」に変わってきました。
判断基準はシンプルに2段階、
・中学までに触れて型に慣れる
・高校からは演習量を増やす
この順番で考えると迷いにくいです。
みなさんはいつから対策を意識し始めましたか？",📝,high,implicit,
2026-09-18,07:00,setsuyaku,threads,節約,ふるさと納税、いまだに『返礼品ランキング』から選んでる人が多い気がする。私は先に控除上限額を計算してから探す派。手順はシンプルで、①年収から上限額を出す②米や洗剤など普段使いのカテゴリで探す③届く時期を分散させる、この3ステップだけ。年末に慌てて選ぶより今の時期に動いた方が選択肢が多い。今年もう申し込んだ人いる？,🍚📦,high,implicit,
2026-09-18,12:00,setsuyaku,threads,節約,先月のスーパー、去年と同じ買い物カゴなのに800円くらい高くなってた気がする。値上げの実感って数字にすると結構でかい。私は毎回レシートを前月分と見比べる派で、家計簿アプリより肌感覚が掴みやすいと思ってる。細かい値上げ、みんなはどの商品で一番感じてる？,🧾📈,high,implicit,
2026-09-18,19:00,setsuyaku,threads,節約,"月額3000円以上のスマホ代を払ってる人、結論そのままだと損してます。

私は「基本料＋事務手数料＋通話料」の総額でしか比較しない派です。

見るべきポイントは3つだけ。
① 直近3ヶ月の平均データ使用量（設定画面で確認）
② 通話は月何分か（かけ放題が必要か）
③ 契約時の事務手数料込みの実質月額

表面の月額だけ見て選ぶと、結局高くつくケースをよく見かけます。

みんなは乗り換えるとき、月額以外にどこ見て決めてます？",📱,high,implicit,
2026-09-18,21:00,setsuyaku,threads,節約,"ふるさと納税、12月にまとめてやる人が多いですが、私は「夏のうちに上限額だけ確認しておく」派です。

理由はシンプルで、年末は返礼品が品切れ・発送遅延になりやすいから。

やることは2つだけ。
① 今年の想定年収からざっくり上限額を計算
② 上限の8割くらいまでで一度申し込んでおく

『年末にまとめて選ぶ楽しさ』もわかるけど、選択肢が減ってから焦るより早めの方が結局お得だと感じます。

みなさんは毎年いつ頃やってますか？",🍅,medium,implicit,
2026-09-18,07:00,tenshoku,threads,転職,"20代の転職記事を読んでいると、「職務経歴書の添削」や「模擬面接」まで書く支援と、求人紹介が中心の支援が混在している。

整理した観点:
1. 支援の範囲が公開ページに書いてあるか
2. 対象（第二新卒／既卒／フリーター）が自分と重なるか
3. 無料の範囲がどこまでか

あなたが先に確認したいのは、支援の中身と対象、どちらですか？",📝,medium,implicit,
2026-09-18,12:00,tenshoku,threads,転職,"20〜30代向けの転職エージェントをいくつか調べると、「成長企業」と書くところと「求人数」と書くところに分かれる印象があった。

比較するときに見ていたのは3つ。
・対象年齢が公開ページに書いてあるか
・入口が登録か、面談か
・無料の範囲がどこまでか

今の自分は、情報収集と応募のどちらが先だと思いますか？",🗂️,medium,implicit,
2026-09-18,19:00,tenshoku,threads,転職,"採用側の視点として、書類選考で見られやすいポイントは「年齢」だけでなく「マネジメント経験の有無」や「新しく学んでいること」だとよく言われます。

特に最近はAIなど、業務外での学習をアピールする人が増えている印象です。

保存しておくと、職務経歴書を見直すときに役立つかもしれません📝",📝,high,implicit,
2026-09-18,21:00,tenshoku,threads,転職,"「石の上にも3年」って、まだ信じてますか？
最初の会社は我慢の場所だと思っていた人ほど、体調に変化が出てから初めて気づくことが多いようです。
続けることが正解とは限らない環境、意外と多いのかもしれません。
あなたの周りにも、そんな話ありますか？",🤔💭,high,implicit,
2026-09-18,07:00,pet,threads,ペット,"ドッグフードのパッケージ、私は上位3つの原材料しか見ていません。それで十分と思う派です。
選ぶときに確認しているポイントはこの3つです。
・主原料が肉や魚など動物性たんぱくか
・添加物表記が少ないか
・年齢や体重に合わせたカロリー設計になっているか
細かい成分表より、この3点で十分な差が出ると感じています。
みなさんはフード選びで最初にどこを見ますか？",🍖🐾,high,implicit,
2026-09-18,12:00,pet,threads,ペット,"保護犬を勧めるかどうか、私は「飼い主の経験値次第」で分ける派です。
初めて犬を迎える人には、まず性格や病歴が把握しやすいブリーダーや里親会経由の子をすすめることが多いです。反対に、一度でも犬と暮らした経験がある人には、保護犬の相性の良さを伝えることが多いです。
どちらが正しいという話ではなく、経験値によって向き不向きがあると感じています。
みなさんは保護犬派・ブリーダー派、どちらですか？その理由も聞いてみたいです。",🐕💭,high,implicit,
2026-09-18,19:00,pet,threads,ペット,結論、ペットフード選びで見るべき基準は3つだけでいいと考えています。①原材料の1番目が肉・魚であること②着色料・香料が無添加であること③粒の大きさが顎の力に合っていること。それ以外の細かい成分表はあまり気にしなくていいというのが私の立場です。保存しておいて買い物のときに見返せる基準にしてもらえたら。あなたが一番重視しているポイントは①〜③のどれですか？,🐾📝,high,none,
2026-09-18,21:00,pet,threads,ペット,朝5時に起こしにくる猫は珍しくないと思っています。個人的には、これは甘えではなく「生活リズムの主張」だと捉えるのが一番しっくりきます。無理に直そうとするより、前日の夜ご飯の時間を30分後ろにずらすだけで改善したという声もよく聞きます。しつけの失敗ではなく、リズムの調整で解決できるケースが多い印象です。同じように早朝に起こされている人、どう対処してますか？,🐱⏰,medium,implicit,
2026-09-18,07:00,sleep,threads,睡眠,"結論、寝る1時間前のスマホは「明るさ」より「情報量」が問題だと思ってる。
脳が“処理待ちの情報”を抱えたまま横になると、光を落としても入眠が長引く。
私が試して良かった基準は3つだけ。
①通知は音もバイブも切る
②SNSは開いても「見る専用」にしてコメントしない
③ベッドに入ったらスマホは手の届かない場所に置く
これだけで「あれこれ考えて寝れない」時間が減った人、他にもいる？",🌙📵,high,implicit,
2026-09-18,12:00,sleep,threads,睡眠,"深部体温は入浴後90分でストンと下がる。私はこの90分ルールを知ってから、入浴時間を「寝る直前」から「寝る1.5時間前」に変えた派。
体感で変わったのはここ。
・布団に入ってからの寝つきまでの体感時間が短くなった
・夜中に一度目が覚める回数が減った気がする
入浴のタイミングを変えるだけで体感が変わった経験、ある人いる？どのくらい前に入ってる？",🛁⏰,high,implicit,
2026-09-18,19:00,sleep,threads,睡眠,"結論、寝る90分前の入浴が一番コスパがいいと思う。
深部体温が下がるタイミングで入眠すると寝つきが変わる、というのを試してから朝の目覚めが軽くなった気がする。
チェックすべきは3つだけ。
①湯温38〜40度
②浸かる時間10〜15分
③入浴後は照明を落として画面を見ない
これだけで「寝つくまでの時間」が変わる人は多いはず。
みんなは入浴と寝つきの関係、意識してる？",🛁🌙,high,implicit,
2026-09-18,21:00,sleep,threads,睡眠,"私は「起床時間固定」派。就寝時間より起きる時間を揺らさない方が睡眠の質は安定すると感じている。
休日に寝坊すると月曜がしんどくなるのは、体内時計がズレるから。
目安にしてるのはこの3つ。
・平日と休日の起床差は1時間以内
・起きたらすぐ日光を浴びる
・二度寝は15分以内で切る
シンプルだけど効果を感じやすい基準だと思う。
起床時間、みんなはどのくらいブレてる？",⏰☀️,medium,implicit,
2026-09-19,07:00,konkatsu,threads,婚活,"先週、電車で隣に座った2人の会話が最後まで敬語のままだったのを見かけた。私は、3回目のデート以降も敬語や距離感が変わらない相手とは、進展が鈍いことが多いと感じている。

■距離感が縮まっているかの判断基準
・下の名前や愛称で呼べているか
・沈黙があっても気まずくないか
・LINEの返信が短文でも成立しているか

条件よりも先にこの「距離感」を見たほうが、後の失敗が減る気がしている。
あなたは何回目のデートで距離感の変化を感じる？",🚃💬,medium,implicit,
2026-09-19,12:00,konkatsu,threads,婚活,"結論、婚活が長引く人の多くは「審査モード」に入り込んでいると感じる。条件確認から入るほど、相手も身構えて距離が縮まらない。

■審査モードに入っているサイン3つ
・初対面でいきなり年収/実家/将来設計を聞く
・沈黙が怖くて質問攻めになる
・LINEが「今度会いましょう」で止まり日程を詰めない

私は「面接官をやめた瞬間に、婚活は前に進む」派。条件を通過した先に好意があるのではなく、条件を忘れた瞬間に好意が生まれるものだと思う。

あなたは直近のデート、趣味の話に何分使えた？",💍🤔,high,implicit,
2026-09-19,19:00,konkatsu,threads,婚活,"結論、同棲の話し合いは「言葉が同じでも意味が違う」ことが多いと思う。

先日、地下鉄で隣になった20代後半くらいの2人の会話がふと耳に入った。「一緒に住もう」という同じ一言に対して、片方は現状維持のつもりで、もう片方は結婚への準備のつもりで話しているように聞こえた。

■同棲前にすり合わせておきたい3つ
・同棲のゴール（結婚時期）をいつまでに話すか
・生活費・家事の分担ルール
・将来の話題が出たときの反応を観察する

私は「同棲の意味は、言葉より態度で確認するべき」派。

あなたは同棲、通過点派？それとも結婚への準備派？",🏠💬,high,implicit,
2026-09-19,21:00,konkatsu,threads,婚活,"結論、婚活で停滞する人の多くは「審査モード」に入りすぎていると感じる。
最初は『どんな人だろう』だったのに、気づけば年収・学歴・実家の話ばかり聞いていないだろうか。
私は、条件確認より先に『素の自分が出せる相手かどうか』を見る派。
■審査モードに入っているサイン
・沈黙が怖くて質問攻めになる
・LINEが用件だけのやり取りに変わる
・会うたびに品定めされている感覚が強くなる
一つでも当てはまったら、条件リストより会話の中身を見直した方がいいと思っている。
あなたは今、どちらのモードだと思う？",💍📝,high,implicit,
2026-09-19,07:00,sidejob,threads,副業,"結論、副業を選ぶ基準は「単価」より「再現性」だと思う。

高単価でも自分にしか売れないスキルは長続きしにくい。逆に単価が低くても、毎回同じ手順で数字が読める仕組みの方が結果的に続けやすいと感じる。

副業を選ぶ前に見るチェックリスト
・作業時間が毎回大きくブレないか
・自分が休んでも仕組みが回るか
・成果が数字で見える仕組みか

これに当てはまらない副業は、始める前に一度立ち止まった方がいいと思う。

みんなは副業選びで何を一番重視してる？",📝✅,high,implicit,
2026-09-19,12:00,sidejob,threads,副業,"丁寧に書きすぎた投稿ほど伸びない、というのは副業アカウントを見ていてよく感じること。

長文で背景から説明するより、3行で言い切る投稿の方が反応が良い印象がある。通勤時間にサッと読める分量に収まっているかどうかは、地味だけど大きな差になっている気がする。

短く言い切る投稿の型
・1行目で結論を言う
・2行目で理由をひとつだけ添える
・3行目で行動か問いで締める

丁寧に書きすぎて逆に反応が伸びなかった経験、心当たりある人いる？",✂️💭,medium,implicit,
2026-09-19,19:00,sidejob,threads,副業,"結論、初心者が最初に手を出すべき副業は「在庫を持たない系」だと考えています。
判断基準はシンプルに3つ。①初期費用1万円以下②即日撤退できる③スキマ時間で完結する。
この3条件を満たさない副業話は、契約前に一度立ち止まる価値があると思います。
あなたが今検討している副業、この基準に当てはまりますか？",📝✅,high,implicit,
2026-09-19,21:00,sidejob,threads,副業,"副業を始めて早期にやめる人に共通するのは、「完璧な準備」を先にやろうとする傾向だと感じています。
私は「まず小さく1件動いてから改善する」派です。
準備期間が長くなるほど、実行に踏み出す心理的ハードルが上がっていく現象、周りで見かけませんか？",💭🔍,medium,implicit,
2026-09-19,07:00,beauty,threads,美容,"結論、秋の乾燥対策は「化粧水の量」より「重ねる回数」がカギだと思う。
チェックしてほしいポイントは3つ。
①肌がつっぱる時間帯が朝か夜かで違うか
②メイクのヨレが増えたか
③使うアイテムを季節で変えているか
1つでも当てはまるなら、量を増やす前に重ねづけの回数を見直すのがおすすめ。
秋の乾燥、対策変えた人います？",🍂✨,high,implicit,
2026-09-19,12:00,beauty,threads,美容,"私は「毛穴パック」より「保湿の均一化」を優先する派。
乾燥した部分ほど皮脂が過剰に出て毛穴が目立ちやすくなると考えているから。
見直すポイントは2つだけ。
①Tゾーンと頬で化粧水の量を変えていないか
②夜だけ保湿して朝は省略していないか
この2つを直すだけで印象が変わったという声もよく見かける。
毛穴対策、今どうしてますか？",🔍✨,medium,implicit,
2026-09-19,19:00,beauty,threads,美容,"結論、毛穴とくすみは「隠す」より「土台から整える」ほうが長期的には楽だと思っている。
私の基準はシンプルで、①下地前に毛穴用の下地を一枚挟む②くすみは色ムラよりまず乾燥ケアを先にする③厚塗りで誤魔化す日は週1以下にする、の3つだけ。
特別な日だけ気合いを入れるより、日常の延長で整えるほうが結局続く気がしている。
あなたは「隠す派」「土台から整える派」どっち？",🧴✨,medium,implicit,
2026-09-19,21:00,beauty,threads,美容,"はっきり言うと、肌だけ頑張っても髪がパサついていると顔全体の印象がくすんで見えると思っている。
私が意識しているのは、①乾かす前にオイルを一滴つける②アイロン前も同じ工程を挟む③ディープトリートメントは週1回だけ、の3ステップだけ。
肌の透明感を仕込む前に髪のツヤを仕込んだほうが、写真の伸びが早い気がしている。
今、肌ケアと髪ケア、時間をかけているのはどっち？",💇‍♀️✨,medium,implicit,
2026-09-19,07:00,bodymake,threads,筋トレ,"私はタイミングより「1日の合計摂取量」を優先する派です。
体重×1.6g前後を目安に朝昼晩で分けて摂る方が、30分以内のゴールデンタイムを狙うより現実的に続けられると感じている。
📋今日から試せる分け方
・朝：卵or納豆
・昼：鶏むねor魚
・夜：プロテインor豆腐
厳密さより『今日も合計は届いた』の積み重ねが継続の鍵な気がしている。
あなたはタイミング派？合計量派？",🍳📋⏱️,high,none,
2026-09-19,12:00,bodymake,threads,筋トレ,"私は「準備の手間を先に減らす」派。
・前夜にジムバッグを玄関に置く
・着替えを枕元に用意する
・補給用のドリンクを冷蔵庫に常備する
この3つだけで、朝の重い腰がかなり軽くなったという声をよく見かける。
次の朝トレ、あなたは前夜に何を準備しておく？",🎒⏰,medium,implicit,
2026-09-19,19:00,bodymake,threads,筋トレ,結論、筋トレは週3〜4回に抑える派でいる。毎日追い込むより、部位ごとに48〜72時間の回復時間を空けたほうが、扱う重量が結果的に伸びやすいと感じている。曜日固定より「前回の筋肉痛が抜けたか」で次のトレ日を決める人が周りには多い印象。あなたは頻度、何回で回してる？,💪📅,high,implicit,
2026-09-19,21:00,bodymake,threads,筋トレ,結論、筋トレの継続力は「準備の手間を何分削れるか」で9割決まると思っている。続けられている人に共通して見えるのは①ウェアを前夜に出す②ジムバッグを玄関に置く③行った日だけカレンダーに丸をつける、の3つだけ。根性で乗り切るより仕組みを変える方が再現性が高い気がしている。あなたが取り入れてる『続く仕組み』、ひとつだけ教えて？,🗓️✅,medium,implicit,
2026-09-19,07:00,education,threads,教育,"結論、子どもの『できない』への返しは、否定せず現在地を示す一言に変えるだけで反応が変わると感じています。
私が意識しているのは3段階の言い換えです。
・否定しない→「まだ途中だね」
・現在地を示す→「ここまではできてるね」
・次に繋げる→「次はここをやってみようか」
この順番を守るだけで表情が変わることがあります。
みなさんが使っている言い換え、コメントで教えてください。",📌,high,implicit,
2026-09-19,12:00,education,threads,教育,"結論、子どもの「できない」への返しは具体性一択だと思っています。
・「まだできてないだけ」→現在地の言い換え
・「ここまでできてるね」→進捗の可視化
・「一緒に考えてみようか」→伴走宣言
保存版チェックリストとして使ってみてください。他に使っている言い換え、あれば教えてください。",📌✏️,high,implicit,
2026-09-19,19:00,education,threads,教育,"結論、子どもの「できない」への返しは、行動を主語にすると変わると思う。
私は「あなたはできない」ではなく「このやり方がまだ合ってないだけ」と伝える派です。
・成果より途中経過を認める
・他の子と比較しない基準を先に決めておく
・次の一歩だけを具体的に提案する
保存版のつもりで書きました。皆さんが実際に使ってる言い換え、どんなのがありますか？",📝,high,implicit,
2026-09-19,21:00,education,threads,教育,"結論、ロボット教室とプログラミング教室は「入り口」で選べば失敗しにくいと思う。
私は、手を動かすのが好きな子にはロボット、画面の中で完結させたい子にはプログラミングを勧める派です。
判断の目安：
・工作や分解が好き→ロボット系
・ゲームや動画を作りたい→プログラミング系
・両方好きそう→まずは両方の体験だけ受けてみる
どちらのタイプか、迷ってる人はお子さんの普段の遊び方どっちに近いですか？",🤖,high,implicit,
2026-09-19,07:00,setsuyaku,threads,節約,"月の固定費が3万円台に収まるかどうかで、貯金体質は9割決まると思っている。私は結論、食費を削るより先に固定費を見直すべき派です。
見直す優先順位は①通信費②サブスク③保険④電気ガスの順が効率的。
チェックリスト
・スマホ代が月5000円を超えていないか
・使っていないサブスクが3つ以上ないか
・保険に『なんとなく』で入っていないか
固定費、最後に見直したのいつですか？",💰📝,high,implicit,
2026-09-19,12:00,setsuyaku,threads,節約,"食費を切り詰めるより、惰性で払っている固定費を削る方が続けやすいと思う。私はここ数年、食費より先に契約系の見直しから手をつける派です。
節約が続かない人に共通するのは、我慢を積み重ねて疲れてしまうこと。一度手続きすれば自動的に減る仕組みの方が挫折しにくい。
変動費と固定費、みなさんはどっちから見直しましたか？",🧾💡,medium,implicit,
2026-09-19,19:00,setsuyaku,threads,節約,"結論、節約はまず固定費から。食費を削るのは一番最後でいい。
通信費・サブスク・保険の3つは、一度見直せば効果がずっと続くのが強み。
手順はシンプル↓
1) 契約中のサブスクを全部書き出す
2) 直近1ヶ月使っていないものを解約
3) 保険の保障内容が重複していないか確認
食費や外食を我慢するより、心理的なストレスが少ないのが固定費見直しの良いところ。
みんなは固定費、最後に見直したのいつ？",🏠📝,high,implicit,
2026-09-19,21:00,setsuyaku,threads,節約,"結論、節約で家庭がギスギスするのは『我慢の分担』がズレてるだけだと思う。
サブスクは放置なのに子どものおやつだけ削られる、みたいな家庭は意外と多い。
削る前にやっておきたいこと↓
・家族それぞれの『削れそうなもの』を出し合う
・一人にだけ我慢を集中させない
・小さな楽しみは最後まで残す
節約は根性より仕組みで続ける方が長持ちする気がしている。
うちはこうしてる、という工夫があれば教えてほしい。",👨‍👩‍👧🍰,medium,implicit,
2026-09-19,07:00,tenshoku,threads,転職,"2026年、育児・介護休業法の改正で「小学校3年生まで時短勤務が可能」になった会社、実はまだ知られていません。
求人票だけでは分からない“制度の運用実態”こそ、会社選びで見落とされがちなポイントかもしれません。
面接で聞いてよかった質問、ある人は教えてください🙏",📋✨,high,implicit,
2026-09-19,12:00,tenshoku,threads,転職,"面接で落ちる人の多くは「逆質問」で損してると思う。
私はこれまで採用側・支援側の両方を見てきたけど、ここを軽視してる人が本当に多い。

チェックしてほしいのはこの3つ：
・給与や休暇の確認だけで終わっていないか
・入社後にどう貢献したいかを語れているか
・面接官の反応を見て一段深掘りできているか

どれか1つでも欠けると、印象は一気に薄くなる。

あなたは逆質問、何を準備してる？",📝✅,high,implicit,
2026-09-19,19:00,tenshoku,threads,転職,"「今の会社が嫌」だけで転職活動を始めると、正直うまくいかないケースが多いと感じている。

私が見てきた中で、うまくいっている人には共通点があった。
・辞めたい理由より「叶えたい条件」を先に言語化している
・年収だけでなく働き方の優先順位が決まっている
・応募前の自己分析にちゃんと時間をかけている

逆に勢いだけで書類を出す人ほど、入社後にミスマッチを感じやすい印象がある。

今の転職理由、「逃げ」より「叶えたいこと」で言えてる？",💭🔍,high,implicit,
2026-09-19,21:00,tenshoku,threads,転職,"面接で給与交渉をしない人がまだ8割くらいいる気がする。
私は「交渉しない方がリスク」派。

交渉するタイミングの基準はこの3つだけ見てる。
①内定通知後、入社日確定前
②他社オファーがある場合は先に開示
③希望額は根拠（前職給与・市場相場）とセットで出す

これだけでも印象は悪くならないし、下がることはほぼない。

みんなは給与交渉、したことある派？しない派？",💬📈,high,implicit,
2026-09-19,07:00,pet,threads,ペット,"結論、犬の留守番対策は""環境""より""合図の習慣化""で決まると考えている。
チェックリスト
・出る前と帰宅後の声かけを毎回同じ言葉にする
・退屈対策グッズは3日おきに入れ替える
・室温と換気は数値で管理し感覚に頼らない
この3点を意識するだけで留守番中の様子が変わったという報告は多い。あなたの家ではどれを優先している？",🐕📝,high,none,
2026-09-19,12:00,pet,threads,ペット,"猫の1日の飲水量は体重1kgあたり50mlが目安とされている。私はこの数字を下回った日は要注意ラインだと考える派。
判断基準
・器の水は最低1日1回入れ替える
・複数の器を離れた場所に置く
・冬場は基準値を下回りやすいので温度も確認する
数字で管理すると変化に気づきやすいという声が多い。普段、水分量はどう確認してる？",🐈💧,high,none,
2026-09-19,19:00,pet,threads,ペット,犬が『ご褒美用おやつ』の匂いを嗅いだ瞬間に真顔になる瞬間、あれは表情筋より『間』で感情を伝えている証拠だと思う。結論、指示を出す前に3秒待つだけで反応がはっきり変わることが多い。急かすより『待たせる』方が実は伝わりやすいという観察、共感する飼い主さん多い印象。みなさんの子は何秒くらい待てますか？,🐶⏱️,medium,implicit,
2026-09-19,21:00,pet,threads,ペット,35℃の日、アスファルト表面温度は60℃近くまで上がることがある。結論、日中の散歩は避けて『朝5時台』か『夜9時以降』の二択でいいと思う。チェックすべきは3つだけ。①手の甲を5秒地面につけて熱くないか②肉球の色や歩き方に違和感がないか③水分補給用のボトルを常に携帯しているか。この3つを守るだけで熱中症リスクはかなり下げられる印象。みなさんは散歩の時間、いつにずらしてますか？,🌡️🐾,high,implicit,
2026-09-19,07:00,sleep,threads,睡眠,"結論、夜中に何度も目が覚めるなら“質問”より先に“室温”を疑ったほうがいいと思う。
チェックリスト
・寝室が27℃以下か
・除湿は40〜60%目安になっているか
・扇風機の風が体に直接当たっていないか
一つでも当てはまらないなら、まずそこから見直すのが近道。今の時期、何度目が覚める？",🌙💦,high,implicit,
2026-09-19,12:00,sleep,threads,睡眠,"結論、お盆休みで夜型になった人は、今が一番戻しにくい時期だと思う。
観察していると崩れがちなのはこの2パターン
・起床時間だけ元に戻して就寝時間はそのまま
・寝る前のスマホ時間だけ伸びたまま
休み明け、みんなはどう立て直してる？",🌅📱,medium,implicit,
2026-09-19,19:00,sleep,threads,睡眠,入眠までの目安は10〜20分。30分以上かかる日が続くなら、寝具より先に環境を疑ったほうがいいというのが私の考え。チェックすべきは3つだけ。①寝る1時間前のスマホ②寝室の温度③寝る直前の入浴タイミング。今の暑い時期は①②の影響が特に大きいと感じている。あなたはこの3つのうち、どれが一番崩れやすい？,🌙💤,high,implicit,
2026-09-19,21:00,sleep,threads,睡眠,結論、寝苦しい夜に安眠グッズを増やすより先にやることがある。それは『室温を下げる』の一択だと思っている。手順はシンプル。①就寝1時間前にエアコンを26〜27℃設定②寝る直前の熱いシャワーはNG、ぬるめの湯船かシャワーのみ③掛け布団は接触冷感素材に変える。この3つを順番通りにやるだけで体感はかなり変わるという声をよく見かける。今夜、この中でどれから試せそう？,🌡️😴,high,implicit,
2026-09-20,07:00,konkatsu,threads,婚活,"初対面から3回目のデートまでずっと敬語のまま、というのは珍しいことではないと観察している。
私は『3回目で下の名前を呼べているか』を進展の分かれ目として見ている派。
■距離感が縮まっているかのチェック
・沈黙になっても気まずくならない
・LINEの文末に絵文字や砕けた言い回しが増える
・次の予定を相手から提案してくるようになる
逆にこれが3回目を過ぎても変わらない場合、関係は仮交際のまま止まりやすいと感じている。
あなたの婚活で、距離感が変わった瞬間はどんなタイミングだった？",📏💬,medium,implicit,
2026-09-20,12:00,konkatsu,threads,婚活,"結論、婚活で本気度を見るべきは「学歴」より「質問の数」だと思う。
先週、婚活パーティー会場のロビーで順番待ちをしていた2人の会話が耳に入った。
一方はプロフィールの年収や勤務先ばかり確認し、もう一方は相手の休日の過ごし方を3つも質問していた。
■本気度が高い人に共通する質問の傾向
・相手の「好きなもの」を聞いているか
・条件確認より過去のエピソードを聞いているか
・沈黙の後も会話を続けようとしているか
条件を聞く人より、好きなものを聞く人の方が、関係が進みやすいと感じている。
直近のデートで「質問攻めだったな」と感じた瞬間、ありましたか？",🤔📝,high,implicit,
2026-09-20,19:00,konkatsu,threads,婚活,"私は、婚活が停滞する一番の原因は「年収」より「審査モードが抜けないこと」だと思う。
最初はときめきで会っていたはずなのに、3回目あたりから急に条件確認モードに切り替わる人を何人も見てきた。
■審査モードに入っているサイン
・会話の8割が確認作業になっている
・相手の弱みより強みばかり探している
・楽しかった記憶より条件の一致率で判断している
審査を忘れられた瞬間からしか、関係は前に進まないと考えている。
最近のデートで、つい確認モードになってしまった瞬間はありましたか？",💭✅,high,implicit,
2026-09-20,21:00,konkatsu,threads,婚活,"婚活中の人の話を聞いていると、プロフ写真で一番差が出るのは加工より表情だと感じる。
結論、自己紹介文の雰囲気と写真の表情が一致していないと不成立になりやすい気がする。
■見直しポイント
・自然光で撮っているか
・口角より目が笑っているか
・年齢に見合った雰囲気か
プロフ迷子、意外と多い印象。みんなは写真何枚使ってる？",👀,medium,implicit,
2026-09-20,07:00,sidejob,threads,副業,副業アプリを3つ以上掛け持ちしてる人、正直成果が分散して伸びにくいと感じる。私は「1つに集中→一定期間で反応が出なければ乗り換え」派です。乗り換えるかどうかの判断基準は3つ。①初月に実際に手を動かした時間 ②得られた反応・問い合わせ数 ③自分の得意分野との相性。増やす前に一度この3つで立ち止まってみてほしい。あなたは掛け持ち派？集中派？,📝✅,high,implicit,
2026-09-20,12:00,sidejob,threads,副業,在宅ワークの求人、応募者の多くが単価だけを見て選んでいる印象がある。私は「継続して依頼が来るかどうか」で選ぶべき派。単価が高くても更新されない案件は結局稼働ゼロになりやすい。見るべきポイントは①募集期間の長さ ②依頼主のレビュー数 ③初回対応の速さ、の3つ。単価と継続率、どちらを優先して選んでる？,🔍,medium,none,
2026-09-20,19:00,sidejob,threads,副業,"結論、副業初心者はまず「在庫を持たない」ジャンルから始めるべきだと思っています。
挑戦してすぐ挫折する人の共通点は、初期費用を先に使いすぎることです。
私が見てきた中で続きやすかった順番はこちら👇
①スキル販売（時間さえあれば元手0円）
②アフィリエイト（在庫ゼロ・発送ゼロ）
③物販（在庫リスクあり・最後に検討）
あなたが最初に選んだのはどのタイプでしたか？",👇,high,implicit,
2026-09-20,21:00,sidejob,threads,副業,"体感、副業が続かない人の8割は「毎日投稿」を目標にしすぎていると思っています。
私は質より先に「継続できる頻度」を決める派です。
挫折しやすい人によく見られる特徴はこちら👇
・初日から気合を入れすぎる
・反応がないとすぐやめる
・比較対象がいきなり月収100万円の人
まずは週2投稿を3ヶ月続けるほうが、結果的に早く積み上がります。
今の投稿頻度、少し無理していませんか？",👇,high,implicit,
2026-09-20,07:00,beauty,threads,美容,"「盛れるコスメ」より「自分に合う色」を選んだ方が結局盛れる、と最近よく思う。
私はパーツを強調するメイクより、肌なじみ優先の似合わせ盛り派。
セルフチェックは、①ファンデを頬と顎で色比べする②チークは骨格の一番高い位置に薄く③リップは唇の血色に近い色を選ぶ、の3つだけ。
パーツ盛りで浮いていた頃より、似合わせを意識してからの方が『変わったね』と言われる気がしている。
最近メイクで意識してること、ある？",💄🪞,medium,implicit,
2026-09-20,12:00,beauty,threads,美容,"結論、今話題の「再生系成分」は成分名で選ぶより、悩み別に使い分けるほうが失敗しにくいと感じています。
見ている基準は3つ→①乾燥か赤みかで系統を選ぶ②新成分は少量から試す③3週間は変化を様子見してから判断。
情報が多い時期ほど「基準を先に決める」ほうが近道だと思うのですが、みなさんは成分選びで何を一番重視していますか？",✅🧪,high,implicit,
2026-09-20,19:00,beauty,threads,美容,"私は「攻める美容医療級ケア」より「守る土台ケア」を先に固める派です。
季節の変化で肌がゆらぐという声は美容メディアでもよく指摘されています。
土台ケアの基準は3つ→①バリアを壊さない洗顔に一時切り替え②低刺激処方を選ぶ③肌が落ち着いてから攻めケアを再開。
今の時期、攻めと守りどちらを優先していますか？",🛡️🌿,high,implicit,
2026-09-20,21:00,beauty,threads,美容,"結論、乾燥小ジワ対策は「保湿の量」より「重ねるタイミング」だと思っている。
私がチェックしている基準は3つ。
①洗顔後1分以内に化粧水を1プッシュ
②乳液は手のひらで軽く温めてから伸ばす
③夜だけ保湿量を1.5倍にする
この3つのうち、1つでもやってないと乾燥が戻りやすい印象。
みなさんは重ねるタイミング、意識してますか？",🧴💧,high,implicit,
2026-09-20,07:00,bodymake,threads,筋トレ,"結論、筋トレが続くかどうかは「最初の2週間の頻度設計」でほぼ決まると思っている。理由はシンプルで、習慣が固まる前に高頻度・高強度にすると、心身の負荷でやめやすくなるから。
続けやすい人に共通する初期設計はこの3つ。
・週2〜3回からスタートする
・同じ部位を連続で追い込まない
・「休む日」を先にカレンダーへ入れておく
この3つを外している人ほど、3週間以内に離脱しやすい印象がある。あなたは最初の2週間、どんな頻度で始めた（始める予定）？",📅💪,high,implicit,
2026-09-20,12:00,bodymake,threads,筋トレ,"「筋肉痛が出ないと効いていない」というのは半分間違いだと思っている。筋肉痛はダメージの指標であって、成長そのものの指標ではないからだ。
実際、扱う重量や回数の推移が右肩上がりなら、筋肉痛がなくても筋力・筋量は伸びているケースがある。
成長判断に使えるチェックポイントはこの3つ。
・同じ種目の重量が3週間前より伸びているか
・同じ重量でのフォームが安定してきたか
・翌日の「動ける感覚」を疲労感より重視できているか
この3つを記録し始めると、筋肉痛の有無に一喜一憂しなくなる気がしている。あなたは何を基準に伸びを判断してる？",📊🔥,high,implicit,
2026-09-20,19:00,bodymake,threads,筋トレ,"停滞期に入ったとき、種目を増やす前に見直されがちなポイントをメモ。
① 睡眠時間が最近削れていないか
② 同じ重量・回数が何週も続いていないか
③ 体重の変化に対して食事量が合っているか
この3つから確認する、という考え方があるらしい。
みんなは停滞期、まず何から見直す？
📝",📝,high,implicit,
2026-09-20,21:00,bodymake,threads,筋トレ,体重×1.5gのタンパク質量、いきなり計算しなくていい。私が続けているのは「卵1個＋納豆1パック」を毎日の食事に固定で足すだけのルール。数字を追うより“いつもの食事に1品足す”方式の方が続く気がしている。今日の食事、あと何を足せそう？,🥚,medium,implicit,
2026-09-20,07:00,education,threads,教育,"結論、宿題タイムは「机に向かう時間の長さ」より「始めるまでのハードルの低さ」を優先した方がうまくいくと感じている。
声かけで意識しているのは次の3つ。
①「10分だけやろう」と時間を区切る
②最初の1問だけ一緒に解く
③終わったら丸つけより先に「お疲れさま」を言う
完璧な計画より、始めやすさを優先する家庭の方が続いている印象がある。
あなたの家庭は、始める工夫と終わる工夫、どちらを重視していますか？",📝✏️,high,implicit,
2026-09-20,12:00,education,threads,教育,"私は「通知表の点数」より先に「本人が一番頑張ったと思う教科」を聞く派です。
点数だけを見ると、努力が結果に出なかった教科がどうしても目に入りにくい。
先に本人の実感を聞いてから点数を見ると、声のかけ方が変わってくる。
点数の話は、そのあとでいい。
みなさんは、点数と本人の実感、どちらを先に聞きますか？",🗣️📖,high,implicit,
2026-09-20,19:00,education,threads,教育,"通信制高校を調べると、オンラインと通学を両方持つところがあるらしい。

資料請求前に見ていた点は3つ。
・授業の受け方
・相談窓口の有無
・費用の内訳が資料で分かるか

進路の候補に、通信制は入っていますか？",📚,medium,implicit,
2026-09-20,21:00,education,threads,教育,"幼児教室と小学校受験の教室をいくつか調べると、「無料体験の予約」が入口のものがあるらしい。

体験の前に見ていた点は3つ。
・対象年齢が公開ページに書いてあるか
・体験が無料か
・受験対策の範囲がどこまでか

習い事の候補に、教室型は入っていますか？",📚,medium,implicit,
2026-09-20,07:00,setsuyaku,threads,節約,"電気・ガス・水道の明細、先月分と見比べたことありますか？

同じ生活スタイルでも季節や使い方のクセで数百円〜千円単位の差が出ていることがあります。

私は「先月比」を見る習慣をつけてから、無駄遣いに気づきやすくなりました。

みなさんは光熱費、どのタイミングでチェックしていますか？",💡📊,medium,implicit,
2026-09-20,12:00,setsuyaku,threads,節約,サブスク、平均5個以上契約してる人が多いらしい。私は「年1回、全部書き出して先月の利用回数がゼロなら即解約」をルール化するのが一番効くと思う派。①契約中サービスを紙に書き出す②先月使った回数を書く③ゼロなら解約、これだけで固定費は減らせる。今月見直した人、何個解約できた？,📝,high,implicit,
2026-09-20,19:00,setsuyaku,threads,節約,節約って我慢することだと思われがちだけど、私は逆だと思う派。通信・保険・サブスクみたいな固定費を一度整えれば、あとは我慢ゼロで自動的に浮き続ける。逆に食費や外食を削る方法は継続コストが高くて挫折しやすい。あなたが最初に見直すなら、通信費・保険・サブスクのどれから手をつける？,💡,medium,implicit,
2026-09-20,21:00,setsuyaku,threads,節約,"結論、ふるさと納税は9月中に済ませておくべき派です。

2026年10月から返礼品の地場産品基準が厳格化され、家電や域外加工の食品などが対象から外れる可能性があるとされています。欲しい返礼品が決まっている人ほど先延ばしは損になりやすいです。

寄付前にチェックしたい3点↓
✅ 欲しい返礼品が『地場産品基準厳格化』の対象カテゴリか確認
✅ 上限額シミュレーターで控除枠を再確認
✅ 決済方法（クレカ・キャッシュレス）でポイント上乗せがあるか比較

制度が変わるたびに『前のルールのまま』損している人、意外と多い印象です。
みなさんは今年、もう寄付済みですか？",🍤✅,high,implicit,
2026-09-20,07:00,tenshoku,threads,転職,"求人サイトの倍率が高くても、現場の実感は「買い手市場」という人が6割超えてるらしい。
私はこのギャップこそが転職活動の落とし穴だと思ってる。

『本当に人が足りてる会社』を見極める基準はこの3つ。
・面接官が2回以上変わる＝選考が慎重＝実は余裕がある可能性
・スカウトの文面が定型文か個別かで温度感が分かる
・求人票の「即日入社歓迎」は逆に警戒したほうがいい

数字だけで判断すると痛い目を見る。

このギャップ、実際に感じたことある人いる？",🔍📊,high,implicit,
2026-09-20,12:00,tenshoku,threads,転職,"私は「転職エージェント3社登録」派です。理由は単純で、求人の出方が会社によって全然違うから。
1社だけだと紹介される求人の数も業界の偏りも大きい、という声はよく聞きます。

登録前に見るべきチェックリストはこの3つ。
・得意業界（IT/メーカーなど）が自分と合っているか
・担当者の初回提案までのスピード
・面談の日程調整のしやすさ

これだけで「合わないエージェント」に時間を溶かすリスクはかなり減らせます。

みなさんは何社登録していますか？",📋,high,none,
2026-09-20,19:00,tenshoku,threads,転職,"結論、面接での退職理由は「ポジティブ変換一択」だと思っている。
「人間関係が嫌だった」ではなく「よりチームで成果を出せる環境を求めた」に言い換えるだけで、面接官の受け取り方は変わる、という声は多い。

言い換えの基準はシンプル。
・ネガティブワードを削る
・未来志向の言葉に変える
・具体的な行動やスキルにつなげる

これを意識するだけで、同じ経歴でも印象は大きく変わるはず。

みんなはどう言い換えてる？",💬,medium,implicit,
2026-09-20,21:00,tenshoku,threads,転職,"転職エージェントは1社より3社使う方が良いと思う。理由は求人の偏りと担当者の当たり外れをなくすため。
比較するときに見てるポイントはこの4つ。
・提案してくる求人の幅
・年収交渉の実績
・担当者の業界理解度
・面接後のフィードバックの速さ
1社だけだと『その担当者の得意分野』しか見えてこない。みなさんは何社くらい使ってますか？",📝✅,high,none,
2026-09-20,07:00,pet,threads,ペット,"うちの猫、掃除機をかけた日は決まって半日ふてくされてる。もう3年目だけど毎回同じ反応。

私は正直、掃除機のタイミングは猫の機嫌優先派。多少部屋が汚くても、猫が隠れて出てこない時間を作らない方が結果的にストレス少ないと思ってる。

音に敏感な子への対策、うちでやってるのは
・掃除機前におやつで別室に誘導
・掃除の直前に一声かける
・終わったらすぐ横に座って様子を見る

これくらいで様子見の時間は結構減った。

みんなの子は掃除機、平気なタイプ？それとも即逃走タイプ？",🐱🧹,high,implicit,
2026-09-20,12:00,pet,threads,ペット,"月の餌代、犬猫1匹あたり5,000〜8,000円が「普通」だと思ってる。これより極端に安い場合は原材料を一度見直した方がいいと感じる。

私はコスパより「原材料の最初の3つが何か」を優先派。安さだけで選んで体調を崩された経験があるので、そこは譲れないラインにしてる。

選ぶときにチェックしてる基準はこの3つ。
① 主原料が穀物メインじゃないか
② 添加物表記がシンプルか
③ 年齢・体重に合った粒サイズか

この基準にしてから、うちの子は毛艶と便の状態が安定した。

餌選び、みんなは価格重視？成分重視？",🐾🍖,medium,implicit,
2026-09-20,19:00,pet,threads,ペット,"結論、フード選びで一番見るべきは「原材料表示の順番」だと思っている。

最初の3つに肉・魚由来のタンパク源が入っているかで、だいたいの品質は判断できる。

保存版チェックリスト↓
□ 原材料の1〜3番目にタンパク源があるか
□ 添加物の種類が多すぎないか
□ 便の状態（硬さ・匂い）が切り替え後2週間で安定したか
□ 粒の大きさが顎の力に合っているか

毎回パッケージ裏を見返すのが面倒な人向けの基準です。

みなさんはフード選びで一番重視してる項目、何ですか？",🐾📋,high,implicit,
2026-09-20,21:00,pet,threads,ペット,"猫が急に飼い主の膝から降りて、少し離れた場所で丸くなるのは「嫌い」じゃなくて「安心してる証拠」だと思っている。

ベタベタ甘えるだけが愛情表現じゃなくて、視界に入る距離で寛いでいること自体が信頼のサインというのが私の見方。

同じ空間にいるのに触れ合わない時間、うちのコだけかと思ってたけど意外とあるあるらしい。

猫飼いのみなさん、この「つかず離れず」感じたことあります？",🐈,medium,none,
2026-09-20,07:00,sleep,threads,睡眠,"結論、入浴は寝る90分前が一番効果を感じやすいと思っています。私は「90分前入浴派」。理由は体温が下がり始めるタイミングと、入眠に向かう体内リズムが噛み合うから。
今日からできる3ステップ↓
①38〜40度で10〜15分浸かる
②上がったらすぐ靴下を脱ぐ
③照明を落として画面を見ない
これだけで寝つきが変わったという声、よく見かけます。あなたは何分前派ですか？",🛁🌙,high,implicit,
2026-09-20,12:00,sleep,threads,睡眠,"室温は18〜20度が睡眠の質に一番影響すると感じています。私は「寒め設定＋厚手ブランケット派」。エアコンをタイマーで切って朝方に室温が上がり、中途覚醒するという相談が地味に多いです。
チェックリスト↓
・就寝時は18〜20度に設定
・タイマーではなく朝までつけっぱなしが安定
・掛け布団は薄手を2枚で微調整
今の寝室、何度に設定してますか？",🌡️😴,high,implicit,
2026-09-20,19:00,sleep,threads,睡眠,"結論、夜中に何度も目が覚めるのは「気にしすぎ」より先に室温と光を疑ったほうがいい派です。
目安にしているチェックはこの3つ↓
①寝る1時間前は暖色照明に切り替えているか
②布団の中の温度が高すぎないか
③起床時刻を平日休日で大きくズラしていないか
どれか当てはまる人、地味に多いはず。あなたはどれが一番怪しいと思う？",🌙💤,high,implicit,
2026-09-20,21:00,sleep,threads,睡眠,"最近「夜中に3回以上目が覚める」という声をよく見かける。私はこれ、スマホより『布団の中で考え事をする時間』の影響のほうが大きいと思っている派です。
試している人が多い対策はシンプルで、
・寝る前に『明日やること』を紙に書き出す
・布団に入ったら考え事を一旦保留にする
これだけで中途覚醒が減ったという話をよく聞きます。同じタイプの人いる？",🛌📝,medium,implicit,
2026-09-21,07:00,konkatsu,threads,婚活,"婚活で一番もったいないのは、最初の「楽しみ」が数ヶ月で「条件確認」に変わることだと思う。私は、会話の中心が年収や実家の話ばかりになったら一度立ち止まる派。

■審査モードに入っているサイン3つ
・話題の中心が「年収・職種・実家・将来設計」に偏っている
・LINEの文面が事務連絡っぽくなっている
・会う前から次の候補を探し始めている

この3つに当てはまったら、条件より「一緒にいて楽か」を見直すタイミングかもしれない。
あなたはどんな瞬間に審査モードに気づく？",💍🔍,high,implicit,
2026-09-21,12:00,konkatsu,threads,婚活,"先週、電車で隣に座った2人の会話が最後まで敬語のままだったのを見かけた。私は、3回目のデート以降も敬語や距離感が変わらない相手とは、進展が鈍いことが多いと感じている。

■距離感が縮まっているかの判断基準
・下の名前や愛称で呼べているか
・沈黙があっても気まずくないか
・LINEの返信が短文でも成立しているか

条件よりも先にこの「距離感」を見たほうが、後の失敗が減る気がしている。
あなたは何回目のデートで距離感の変化を感じる？",🚃💬,medium,implicit,
2026-09-21,19:00,konkatsu,threads,婚活,"結論、婚活が長引く人の多くは「審査モード」に入り込んでいると感じる。条件確認から入るほど、相手も身構えて距離が縮まらない。

■審査モードに入っているサイン3つ
・初対面でいきなり年収/実家/将来設計を聞く
・沈黙が怖くて質問攻めになる
・LINEが「今度会いましょう」で止まり日程を詰めない

私は「面接官をやめた瞬間に、婚活は前に進む」派。条件を通過した先に好意があるのではなく、条件を忘れた瞬間に好意が生まれるものだと思う。

あなたは直近のデート、趣味の話に何分使えた？",💍🤔,high,implicit,
2026-09-21,21:00,konkatsu,threads,婚活,"結論、同棲の話し合いは「言葉が同じでも意味が違う」ことが多いと思う。

先日、地下鉄で隣になった20代後半くらいの2人の会話がふと耳に入った。「一緒に住もう」という同じ一言に対して、片方は現状維持のつもりで、もう片方は結婚への準備のつもりで話しているように聞こえた。

■同棲前にすり合わせておきたい3つ
・同棲のゴール（結婚時期）をいつまでに話すか
・生活費・家事の分担ルール
・将来の話題が出たときの反応を観察する

私は「同棲の意味は、言葉より態度で確認するべき」派。

あなたは同棲、通過点派？それとも結婚への準備派？",🏠💬,high,implicit,
2026-09-21,07:00,sidejob,threads,副業,"住民税の『20万円以下なら申告しなくていい』は、所得税だけの話。私は副業収入の金額に関わらず、住民税の申告はする派です。
確定申告のときにチェックしておきたいのはこの3点。
・確定申告書 第二表の『住民税に関する事項』欄
・徴収方法が『普通徴収』になっているか
・提出前に控えを1部残しておく
これだけで会社に知られる不安はかなり減らせます。
みなさんは毎年、どちらを選んでいますか？",🧾✅,high,none,
2026-09-21,12:00,sidejob,threads,副業,"副業アカウントが伸び悩む一番の原因は、発信テーマがブレていることだと思っています。私は『1テーマ1切り口』を徹底する派です。
見直すべきチェックはこの3つ。
・プロフィールで発信テーマが一言で伝わるか
・投稿ごとにテーマが変わっていないか
・手順や基準など保存したくなる実用情報が入っているか
これだけで反応の土台が変わることが多いです。
みなさんは発信テーマ、何で絞っていますか？",📌,medium,implicit,
2026-09-21,19:00,sidejob,threads,副業,"結論、副業は「単価の高さ」より「再現性」で選んでいい。
単価だけで案件を選ぶと、続かないケースが多い印象。
私が案件を判断する基準は次の5つ。
✅ 週5時間以内で完結するか
✅ マニュアル化できる作業か
✅ 単発でなく継続案件があるか
✅ クライアントとの連絡頻度が多すぎないか
✅ 身につくスキルが翌月以降も使い回せるか
この基準に当てはまらない案件は、単価が高くても長続きしにくいと感じています。
今やってる副業、この5つに何個当てはまりますか？",✅📝,high,implicit,
2026-09-21,21:00,sidejob,threads,副業,"体感で言うと、副業が続かない人の共通点は「毎日更新」をノルマにしていること。
逆に半年以上続けられている人ほど、最初から「週3日でいい」とハードルを下げている印象がある。
理由はシンプルで、一度更新が止まると再開のハードルが一気に上がるから。
私は投稿頻度より「破綻しない仕組み」を優先する派です。
毎日更新、まだ続けられていますか？",🗓️💭,medium,implicit,
2026-09-21,07:00,beauty,threads,美容,"肌がゆらいでいるサイン、私は3つだけ見れば十分だと思っている。
①いつもより赤みが出やすい
②化粧水がしみる
③皮膚科で「肌が薄い」と言われたことがある
どれか1つでも当てはまる人は、攻めのケア（レチノール・酸系）を毎日から週2〜3回に落として、保湿を厚めにするだけで印象が変わることが多いらしい。
攻めと守り、今どっちを優先してますか？",🌿✨,high,implicit,
2026-09-21,12:00,beauty,threads,美容,肌がゆらいでいるサインは、実は3つだけ覚えておけば十分だと思っている。①化粧水がしみる②いつもより赤みが出やすい③皮膚科で「乾燥・バリア機能が低下」と言われた。結論、1つでも当てはまったら攻めケア（レチノールや酸系）は週1〜2回まで落として、保湿を厚めにするだけで扱いやすくなる、という印象がある。今の時期、当てはまる人ってどのくらいいるんだろう？,🧴✋,high,implicit,
2026-09-21,19:00,beauty,threads,美容,"結論、スキンケアは「順番」より「温度」で変える方が肌に合うと思っている。
夏は化粧水を体温に近づけてから重ね付け、冬は乳液を早めに足して蒸発を防ぐイメージ。
チェックしたいのは①肌がつっぱる時間帯②メイクがヨレる場所③週末の肌荒れ頻度、の3つ。
1つでも当てはまったら、季節ごとに順番を見直すサインだと思う。
みんなは季節で使う順番、変えてる？",🧴☀️❄️,high,implicit,
2026-09-21,21:00,beauty,threads,美容,"レチノールは毎日より、週3〜4回+保湿多めの方が続けやすいと思っている。
肌がゆらいでいるサインは次の3つ。
①いつもより赤みが出やすい
②化粧水がしみる
③皮膚科で「乾燥・薄い」と言われたことがある
1つでも当てはまるなら、頻度を落として保湿を厚くするのも選択肢だと思う。
毎日派？休み休み派？コメントで教えて",🌙✨,high,implicit,
2026-09-21,07:00,bodymake,threads,筋トレ,結論、忙しい日ほど「10分メニュー」でいいと思っている。私が実践しているのはスクワット10回・腕立て10回・プランク30秒の3つだけ。完璧な60分より、ゼロの日を作らないことの方が半年後の差になる気がしている。あなたが忙しい日に削るなら、種目？時間？それとも回数？,💪🏠,high,implicit,
2026-09-21,12:00,bodymake,threads,筋トレ,私は「タイミングより合計量」派。筋トレ後30分以内にこだわるより、朝・昼・夜でタンパク質を1品ずつ足す方が結局続く。目安は卵1個・納豆1パック・ヨーグルト1個をそれぞれ別の食事に足すだけ。細かい計算より『足す習慣』を先に作る方が挫折しにくいと感じている。みんなはタイミング重視？合計量重視？,🍳⏱️,high,implicit,
2026-09-21,19:00,bodymake,threads,筋トレ,"結論、タンパク質は体重×1.2gで十分だと思っている。厳密に計算するより「今日どれだけ実行できたか」の方が重要。
続けやすさの基準は①朝に卵か納豆を1品追加②間食を加工食品からゆで卵やヨーグルトに変える③体重は2週間単位で見る、の3つだけ。
量より継続、どっちを優先してる？",🥚💪,high,implicit,
2026-09-21,21:00,bodymake,threads,筋トレ,"筋トレより睡眠を優先する、が私の結論。追い込んだ日ほど回復が遅れている人を見ていると、そう感じる。
チェックしたいのは①就寝1時間前はスマホを置く②筋トレは就寝3時間前までに終える③入浴で深部体温を上げすぎない、の3つだけ。
あなたは何時間睡眠を目標にしてる？",😴🛏️,high,implicit,
2026-09-21,07:00,education,threads,教育,"夏休みの自由研究、テーマ決めから仕上げまで親がかなり伴走する家庭と、子どもにほぼ任せて見守るだけの家庭がある。完成度を重視するか、試行錯誤の過程を重視するかで自然と分かれるポイント。
あなたの家庭は伴走派？見守り派？",☀️,high,implicit,
2026-09-21,12:00,education,threads,教育,"子どもの「朝の準備」、声かけする派としない派で家庭の空気がだいぶ変わる。
毎朝リマインドして一緒に進める家庭もあれば、失敗も経験のうちと見守る家庭も。
どちらも『自分でできるようになってほしい』という気持ちは同じだけど、やり方は真逆になりがち。
あなたの家はどちら派ですか？",🕗,high,implicit,
2026-09-21,19:00,education,threads,教育,"小学生の「音読カード」、地味だけど見落としがちなポイント3つ。
①同じページを繰り返す日があっても問題なし、むしろ定着のサイン
②サインする欄は『聞いた時間帯』も一言添えると先生に伝わりやすい
③声の大きさより『区切って読めているか』の方がチェックポイントとして有効
保存しておくと役立つかもしれません。",📖,medium,implicit,
2026-09-21,21:00,education,threads,教育,"結論、宿題は低学年のうちは隣について見る派です。
理由はシンプルで、伴走ありのほうが「わからない」をその場で解消できるから。
うちで目安にしている切り替えラインはこの3つ。
①漢字の書き取りは3年生から一人でOK
②文章題は「式だけ一緒→計算は一人」に移行
③丸つけは学年関係なく一緒にやる
みなさんの家庭の切り替えラインはいつ頃でしたか？",📐📝,high,implicit,
2026-09-21,07:00,setsuyaku,threads,節約,"結論、固定費の見直しは『通信費→保険→サブスク』の順でやるのが効率いい派です。

理由はシンプルで、通信費は一度見直せば手間なく効果が数年続くから。保険やサブスクは見直しに時間がかかる割にリターンが小さいことが多いです。

見直し前のミニチェックリスト↓
✅ 直近3ヶ月の携帯代の平均額を出す
✅ 使っていないサブスクを1つでも洗い出す
✅ 保険は『同じ保障で安いプランがないか』だけ確認

完璧を目指すと疲れて続かないので、まず1項目だけでいいと思っています。
みなさんが最初に手をつけるならどれですか？",📱💡,medium,implicit,
2026-09-21,12:00,setsuyaku,threads,節約,"結論、固定費は「通信→保険→サブスク」の順で見直すのが一番効率がいいと思っている。

理由は単純で、この3つは一度見直せば毎月ずっと効果が続くから。

見直す時に自分がチェックしてる基準はこの3つだけ。
①使ってる機能を実際に使っているか
②同条件でもっと安いプランがあるか
③解約・変更の手間が数千円以上の価値に見合うか

節約系の発信をしてると「頑張って我慢する」系のアドバイスが多いけど、個人的には我慢より仕組みを変える方がラクだし続くと感じてる。

みんなは固定費、どこから手をつけた？",💡📱,high,implicit,
2026-09-21,19:00,setsuyaku,threads,節約,"ふるさと納税、毎年12月に慌てて申し込む人が多いけど、私は「夏〜秋のうちに上限額だけ計算しておく派」。

理由は、年末は返礼品の人気商品が売り切れやすいから。

上限額を計算する時に見てる項目はこれだけ。
・今年の給与収入（見込みでOK）
・扶養家族の人数
・他の控除（iDeCoやふるさと納税以外の寄付）の有無

この3つが分かれば、シミュレーターでだいたいの上限は出せる。

毎年ギリギリで焦る人、意外と多くない？",🍅📝,medium,implicit,
2026-09-21,21:00,setsuyaku,threads,節約,ふるさと納税、いまだに『返礼品ランキング』から選んでる人が多い気がする。私は先に控除上限額を計算してから探す派。手順はシンプルで、①年収から上限額を出す②米や洗剤など普段使いのカテゴリで探す③届く時期を分散させる、この3ステップだけ。年末に慌てて選ぶより今の時期に動いた方が選択肢が多い。今年もう申し込んだ人いる？,🍚📦,high,implicit,
2026-09-21,07:00,tenshoku,threads,転職,"転職理由を『人間関係』とそのまま面接で言う人は少ないと感じる。結論、本音と建前は最初から分けて整理しておいた方がいい。
・本音（自己分析用）：人間関係、給与、将来不安
・建前（面接用）：キャリアアップ、スキル活用
本音を隠すのではなく、面接用に翻訳しておくイメージ。みなさんは本音と建前、どう線引きしてますか？",🗣️🔍,high,implicit,
2026-09-21,12:00,tenshoku,threads,転職,"有効求人倍率1.18倍でも、書類選考の通過率は体感で下がっている。私は「応募数より一社ごとの準備の質」派。
最低限これだけは揃えてから出すべきだと思っている項目↓
・職務経歴書は求人票の文言に合わせて言い換える
・志望動機は「なぜこの会社か」まで踏み込む
・退職理由はネガティブ→前向きに変換して1行で言えるようにする
ここまでやって落ちるなら、応募先の相性の問題だと切り替えていい。
今の転職活動、数で勝負派？質で勝負派？",📝,high,implicit,
2026-09-21,19:00,tenshoku,threads,転職,"求職者の6割が「買い手市場」だと感じているのに、実際の有効求人倍率は高止まりしている。このギャップ、放置すると自己評価を下げすぎる原因になると思っている。
結論、求人数の多さと「自分に合う求人があるか」は別問題。
見るべきは求人票の数ではなく、応募先の中で自分の経験がそのまま活きる求人が何件あるかどうか。
数字に振り回されて動けなくなってる人、意外と多い気がする。",📊,medium,none,
2026-09-21,21:00,tenshoku,threads,転職,"年収600万円以上の人の約6割がSNS経由でスカウトを受けた経験があるらしい。
私はこの数字、思ったより低くないなと感じている。

プロフィールを整えるだけで声がかかる可能性があるなら、やらない理由がない。
最低限チェックしたいのはこの3つ。
☑ 職種・スキルが一目でわかる自己紹介文になっているか
☑ 実績は数字ベースで書けているか
☑ 発信内容に一貫性があるか

整っていない人ほど「見られている」意識が抜けている印象。

あなたのプロフィール、この3つ埋まってますか？",📈🧾,high,implicit,
2026-09-21,07:00,pet,threads,ペット,"結論、初心者ほど多頭飼いより先に「通院費の備え」を整えるべきだと思う。保険の有無で、通院するかどうかの判断が変わる場面をよく見かける。

【通院前チェック】
・年1回の健康診断予定はあるか
・通院費の上限額を決めているか
・持病の有無を把握しているか

これだけで「まさかの通院」への心構えがかなり変わる、というのが個人的な結論。みなさんは通院費の目安、決めていますか？",🐾🏥,medium,none,
2026-09-21,12:00,pet,threads,ペット,"うちの子が季節の変わり目にフードを残す——これ、あるあるだと思う。結論、フードを変える前にまず「量」を見直すのが先。

【原因を絞る3チェック】
1) 体重の増減
2) おやつの量
3) 運動量の変化

これで大体の原因は絞れる、というのが観察してきた実感。みなさんの子は食欲の波、どう対策してますか？",🐶🍚,medium,none,
2026-09-21,19:00,pet,threads,ペット,"ドッグフードのパッケージ、私は上位3つの原材料しか見ていません。それで十分と思う派です。
選ぶときに確認しているポイントはこの3つです。
・主原料が肉や魚など動物性たんぱくか
・添加物表記が少ないか
・年齢や体重に合わせたカロリー設計になっているか
細かい成分表より、この3点で十分な差が出ると感じています。
みなさんはフード選びで最初にどこを見ますか？",🍖🐾,high,implicit,
2026-09-21,21:00,pet,threads,ペット,"保護犬を勧めるかどうか、私は「飼い主の経験値次第」で分ける派です。
初めて犬を迎える人には、まず性格や病歴が把握しやすいブリーダーや里親会経由の子をすすめることが多いです。反対に、一度でも犬と暮らした経験がある人には、保護犬の相性の良さを伝えることが多いです。
どちらが正しいという話ではなく、経験値によって向き不向きがあると感じています。
みなさんは保護犬派・ブリーダー派、どちらですか？その理由も聞いてみたいです。",🐕💭,high,implicit,
2026-09-21,07:00,sleep,threads,睡眠,"結論、寝る前90分のスマホ断ちが一番コスパの良い睡眠改善策だと思う。

私は『デジタル門限』と呼んで人に勧めている。

やることはシンプル：
・22:30以降は通知オフ
・照明は暖色系に切り替え
・ベッドでは本かストレッチのみ

これだけで『布団に入ってからのスマホ時間』が減り、入眠までの体感時間が短くなったという声が多い。

みんなは寝る前、何時にスマホを手放してる？",📱🌙,high,implicit,
2026-09-21,12:00,sleep,threads,睡眠,"夜中に『明日ちゃんと起きられるかな』と不安になって、逆に目が冴えた経験がある人は多いはず。

私はこの手の不安は『予定への責任感の裏返し』だと思っている。だから無理に寝ようとせず、一度アラームを2つ確認するだけで安心して眠れることが多い。

完璧に寝ようとするより、『最低限起きられる保険』を作る方が結果的に眠りやすい派です。

みんなは寝る前、そういう不安どう対処してる？",⏰😌,high,none,
2026-09-21,19:00,sleep,threads,睡眠,"結論、寝る1時間前のスマホは「明るさ」より「情報量」が問題だと思ってる。
脳が“処理待ちの情報”を抱えたまま横になると、光を落としても入眠が長引く。
私が試して良かった基準は3つだけ。
①通知は音もバイブも切る
②SNSは開いても「見る専用」にしてコメントしない
③ベッドに入ったらスマホは手の届かない場所に置く
これだけで「あれこれ考えて寝れない」時間が減った人、他にもいる？",🌙📵,high,implicit,
2026-09-21,21:00,sleep,threads,睡眠,"深部体温は入浴後90分でストンと下がる。私はこの90分ルールを知ってから、入浴時間を「寝る直前」から「寝る1.5時間前」に変えた派。
体感で変わったのはここ。
・布団に入ってからの寝つきまでの体感時間が短くなった
・夜中に一度目が覚める回数が減った気がする
入浴のタイミングを変えるだけで体感が変わった経験、ある人いる？どのくらい前に入ってる？",🛁⏰,high,implicit,
2026-09-22,07:00,konkatsu,threads,婚活,"結論、婚活で停滞する人の多くは「審査モード」に入りすぎていると感じる。
最初は『どんな人だろう』だったのに、気づけば年収・学歴・実家の話ばかり聞いていないだろうか。
私は、条件確認より先に『素の自分が出せる相手かどうか』を見る派。
■審査モードに入っているサイン
・沈黙が怖くて質問攻めになる
・LINEが用件だけのやり取りに変わる
・会うたびに品定めされている感覚が強くなる
一つでも当てはまったら、条件リストより会話の中身を見直した方がいいと思っている。
あなたは今、どちらのモードだと思う？",💍📝,high,implicit,
2026-09-22,12:00,konkatsu,threads,婚活,"初対面から3回目のデートまでずっと敬語のまま、というのは珍しいことではないと観察している。
私は『3回目で下の名前を呼べているか』を進展の分かれ目として見ている派。
■距離感が縮まっているかのチェック
・沈黙になっても気まずくならない
・LINEの文末に絵文字や砕けた言い回しが増える
・次の予定を相手から提案してくるようになる
逆にこれが3回目を過ぎても変わらない場合、関係は仮交際のまま止まりやすいと感じている。
あなたの婚活で、距離感が変わった瞬間はどんなタイミングだった？",📏💬,medium,implicit,
2026-09-22,19:00,konkatsu,threads,婚活,"結論、婚活で本気度を見るべきは「学歴」より「質問の数」だと思う。
先週、婚活パーティー会場のロビーで順番待ちをしていた2人の会話が耳に入った。
一方はプロフィールの年収や勤務先ばかり確認し、もう一方は相手の休日の過ごし方を3つも質問していた。
■本気度が高い人に共通する質問の傾向
・相手の「好きなもの」を聞いているか
・条件確認より過去のエピソードを聞いているか
・沈黙の後も会話を続けようとしているか
条件を聞く人より、好きなものを聞く人の方が、関係が進みやすいと感じている。
直近のデートで「質問攻めだったな」と感じた瞬間、ありましたか？",🤔📝,high,implicit,
2026-09-22,21:00,konkatsu,threads,婚活,"私は、婚活が停滞する一番の原因は「年収」より「審査モードが抜けないこと」だと思う。
最初はときめきで会っていたはずなのに、3回目あたりから急に条件確認モードに切り替わる人を何人も見てきた。
■審査モードに入っているサイン
・会話の8割が確認作業になっている
・相手の弱みより強みばかり探している
・楽しかった記憶より条件の一致率で判断している
審査を忘れられた瞬間からしか、関係は前に進まないと考えている。
最近のデートで、つい確認モードになってしまった瞬間はありましたか？",💭✅,high,implicit,
2026-09-22,07:00,sidejob,threads,副業,"結論、副業を選ぶ基準は「単価」より「再現性」だと思う。

高単価でも自分にしか売れないスキルは長続きしにくい。逆に単価が低くても、毎回同じ手順で数字が読める仕組みの方が結果的に続けやすいと感じる。

副業を選ぶ前に見るチェックリスト
・作業時間が毎回大きくブレないか
・自分が休んでも仕組みが回るか
・成果が数字で見える仕組みか

これに当てはまらない副業は、始める前に一度立ち止まった方がいいと思う。

みんなは副業選びで何を一番重視してる？",📝✅,high,implicit,
2026-09-22,12:00,sidejob,threads,副業,"丁寧に書きすぎた投稿ほど伸びない、というのは副業アカウントを見ていてよく感じること。

長文で背景から説明するより、3行で言い切る投稿の方が反応が良い印象がある。通勤時間にサッと読める分量に収まっているかどうかは、地味だけど大きな差になっている気がする。

短く言い切る投稿の型
・1行目で結論を言う
・2行目で理由をひとつだけ添える
・3行目で行動か問いで締める

丁寧に書きすぎて逆に反応が伸びなかった経験、心当たりある人いる？",✂️💭,medium,implicit,
2026-09-22,19:00,sidejob,threads,副業,"結論、初心者が最初に手を出すべき副業は「在庫を持たない系」だと考えています。
判断基準はシンプルに3つ。①初期費用1万円以下②即日撤退できる③スキマ時間で完結する。
この3条件を満たさない副業話は、契約前に一度立ち止まる価値があると思います。
あなたが今検討している副業、この基準に当てはまりますか？",📝✅,high,implicit,
2026-09-22,21:00,sidejob,threads,副業,"副業を始めて早期にやめる人に共通するのは、「完璧な準備」を先にやろうとする傾向だと感じています。
私は「まず小さく1件動いてから改善する」派です。
準備期間が長くなるほど、実行に踏み出す心理的ハードルが上がっていく現象、周りで見かけませんか？",💭🔍,medium,implicit,
2026-09-22,07:00,beauty,threads,美容,"結論、秋の乾燥対策は「化粧水の量」より「重ねる回数」がカギだと思う。
チェックしてほしいポイントは3つ。
①肌がつっぱる時間帯が朝か夜かで違うか
②メイクのヨレが増えたか
③使うアイテムを季節で変えているか
1つでも当てはまるなら、量を増やす前に重ねづけの回数を見直すのがおすすめ。
秋の乾燥、対策変えた人います？",🍂✨,high,implicit,
2026-09-22,12:00,beauty,threads,美容,"私は「毛穴パック」より「保湿の均一化」を優先する派。
乾燥した部分ほど皮脂が過剰に出て毛穴が目立ちやすくなると考えているから。
見直すポイントは2つだけ。
①Tゾーンと頬で化粧水の量を変えていないか
②夜だけ保湿して朝は省略していないか
この2つを直すだけで印象が変わったという声もよく見かける。
毛穴対策、今どうしてますか？",🔍✨,medium,implicit,
2026-09-22,19:00,beauty,threads,美容,"結論、毛穴とくすみは「隠す」より「土台から整える」ほうが長期的には楽だと思っている。
私の基準はシンプルで、①下地前に毛穴用の下地を一枚挟む②くすみは色ムラよりまず乾燥ケアを先にする③厚塗りで誤魔化す日は週1以下にする、の3つだけ。
特別な日だけ気合いを入れるより、日常の延長で整えるほうが結局続く気がしている。
あなたは「隠す派」「土台から整える派」どっち？",🧴✨,medium,implicit,
2026-09-22,21:00,beauty,threads,美容,"はっきり言うと、肌だけ頑張っても髪がパサついていると顔全体の印象がくすんで見えると思っている。
私が意識しているのは、①乾かす前にオイルを一滴つける②アイロン前も同じ工程を挟む③ディープトリートメントは週1回だけ、の3ステップだけ。
肌の透明感を仕込む前に髪のツヤを仕込んだほうが、写真の伸びが早い気がしている。
今、肌ケアと髪ケア、時間をかけているのはどっち？",💇‍♀️✨,medium,implicit,
2026-09-22,07:00,bodymake,threads,筋トレ,"結論、筋トレの伸び悩みは「追い込み不足」より「寝不足」が原因なことが多いと感じている。
📝睡眠チェックリスト
□ 就寝1時間前はスマホを触らない
□ 就寝時刻を毎日そろえる
□ 起床後にタンパク質を摂る
□ 週2回は7時間以上眠る
ここで2つ以上×がついた人は、フォーム改善より先に睡眠を整える方が結果につながりやすい気がしている。
あなたは何個当てはまった？",😴📝💪,high,none,
2026-09-22,12:00,bodymake,threads,筋トレ,"私はタイミングより「1日の合計摂取量」を優先する派です。
体重×1.6g前後を目安に朝昼晩で分けて摂る方が、30分以内のゴールデンタイムを狙うより現実的に続けられると感じている。
📋今日から試せる分け方
・朝：卵or納豆
・昼：鶏むねor魚
・夜：プロテインor豆腐
厳密さより『今日も合計は届いた』の積み重ねが継続の鍵な気がしている。
あなたはタイミング派？合計量派？",🍳📋⏱️,high,none,
2026-09-22,19:00,bodymake,threads,筋トレ,"私は「準備の手間を先に減らす」派。
・前夜にジムバッグを玄関に置く
・着替えを枕元に用意する
・補給用のドリンクを冷蔵庫に常備する
この3つだけで、朝の重い腰がかなり軽くなったという声をよく見かける。
次の朝トレ、あなたは前夜に何を準備しておく？",🎒⏰,medium,implicit,
2026-09-22,21:00,bodymake,threads,筋トレ,結論、筋トレは週3〜4回に抑える派でいる。毎日追い込むより、部位ごとに48〜72時間の回復時間を空けたほうが、扱う重量が結果的に伸びやすいと感じている。曜日固定より「前回の筋肉痛が抜けたか」で次のトレ日を決める人が周りには多い印象。あなたは頻度、何回で回してる？,💪📅,high,implicit,
2026-09-22,07:00,education,threads,教育,"結論、テストの点数は見せてもらう派です。
点数そのものより「どこで間違えたか」を一緒に確認する材料になると考えています。
我が家で決めているチェックポイントは3つ。
①70点以下は原因を一緒に探す
②90点以上は結果より過程を一言褒める
③点数の良し悪しでその日の機嫌を変えない
見せなくていい派のご家庭は、どんな基準でやる気を守っていますか？",📊✏️,high,implicit,
2026-09-22,12:00,education,threads,教育,"結論、家庭のご褒美設計は「プロセス評価8割・結果評価2割」がちょうどいいと感じている。
テストの点数だけを見ていると、点数が伸びない時期にやる気の土台まで崩れやすい。
・机に向かった時間
・声に出して読んだ回数
・分からない問題に粘った時間
このあたりを記録して、月末にまとめて結果と紐づけるくらいが現実的だと思う。
みなさんの家庭では、どちらの比重が大きいですか？",🎯📝,high,implicit,
2026-09-22,19:00,education,threads,教育,"結論、子どもの「できない」は「まだ」に言い換えるだけで行動が変わりやすいと感じている。
言い換えの基準はシンプルに3つ。
①結果ではなく直前の行動を言葉にする
②比較は「昨日の自分」に限定する
③できたことは具体的な数字で伝える（例：10分早く着席できた）
抽象的な励ましより、この方が次の一歩につながりやすい気がする。
他に効果を感じた言い換え、あれば教えてください。",📌✨,high,implicit,
2026-09-22,21:00,education,threads,教育,"結論、プログラミングはもう『習い事の選択肢』ではなく『受験科目の準備』だと私は見ています。
情報Ⅰが共通テストに入ってから、周囲の相談内容は「楽しく触れさせたい」から「間に合わせたい」に変わってきました。
判断基準はシンプルに2段階、
・中学までに触れて型に慣れる
・高校からは演習量を増やす
この順番で考えると迷いにくいです。
みなさんはいつから対策を意識し始めましたか？",📝,high,implicit,
2026-09-22,07:00,setsuyaku,threads,節約,先月のスーパー、去年と同じ買い物カゴなのに800円くらい高くなってた気がする。値上げの実感って数字にすると結構でかい。私は毎回レシートを前月分と見比べる派で、家計簿アプリより肌感覚が掴みやすいと思ってる。細かい値上げ、みんなはどの商品で一番感じてる？,🧾📈,high,implicit,
2026-09-22,12:00,setsuyaku,threads,節約,"月額3000円以上のスマホ代を払ってる人、結論そのままだと損してます。

私は「基本料＋事務手数料＋通話料」の総額でしか比較しない派です。

見るべきポイントは3つだけ。
① 直近3ヶ月の平均データ使用量（設定画面で確認）
② 通話は月何分か（かけ放題が必要か）
③ 契約時の事務手数料込みの実質月額

表面の月額だけ見て選ぶと、結局高くつくケースをよく見かけます。

みんなは乗り換えるとき、月額以外にどこ見て決めてます？",📱,high,implicit,
2026-09-22,19:00,setsuyaku,threads,節約,"ふるさと納税、12月にまとめてやる人が多いですが、私は「夏のうちに上限額だけ確認しておく」派です。

理由はシンプルで、年末は返礼品が品切れ・発送遅延になりやすいから。

やることは2つだけ。
① 今年の想定年収からざっくり上限額を計算
② 上限の8割くらいまでで一度申し込んでおく

『年末にまとめて選ぶ楽しさ』もわかるけど、選択肢が減ってから焦るより早めの方が結局お得だと感じます。

みなさんは毎年いつ頃やってますか？",🍅,medium,implicit,
2026-09-22,21:00,setsuyaku,threads,節約,"月の固定費が3万円台に収まるかどうかで、貯金体質は9割決まると思っている。私は結論、食費を削るより先に固定費を見直すべき派です。
見直す優先順位は①通信費②サブスク③保険④電気ガスの順が効率的。
チェックリスト
・スマホ代が月5000円を超えていないか
・使っていないサブスクが3つ以上ないか
・保険に『なんとなく』で入っていないか
固定費、最後に見直したのいつですか？",💰📝,high,implicit,
2026-09-22,07:00,tenshoku,threads,転職,"転職活動で後悔するのは「情報収集を怠ったこと」より「決断を先延ばしにしたこと」だと私は思う。
情報はいくら集めても、決める基準がないと堂々巡りになる。

私が決断前に確認している基準はこの4つ。
① 給与は現状維持以上か
② 裁量権は増えるか減るか
③ 通勤・働き方の負荷は許容範囲か
④ 1年後にスキルとして残るものがあるか

全部満たさなくてもいいけど、2つ以下ならまだ動くタイミングじゃない気がしている。

この基準、あなたなら何を足しますか？",🧭✅,high,none,
2026-09-22,12:00,tenshoku,threads,転職,"第二新卒・既卒向けの転職支援をいくつか調べて、入口が「無料カウンセリング」のものと「登録だけ」のものに分かれる印象があった。

比較するときに見ていたのは3つ。
・初回が面談か、登録完了か
・条件の棚卸しが先か、求人提示が先か
・入社後の記述があるか

今の自分は、情報収集と応募のどちらが先だと思いますか？",🗂️,medium,implicit,
2026-09-22,19:00,tenshoku,threads,転職,"20代の転職記事を読んでいると、「職務経歴書の添削」や「模擬面接」まで書く支援と、求人紹介が中心の支援が混在している。

整理した観点:
1. 支援の範囲が公開ページに書いてあるか
2. 対象（第二新卒／既卒／フリーター）が自分と重なるか
3. 無料の範囲がどこまでか

あなたが先に確認したいのは、支援の中身と対象、どちらですか？",📝,medium,implicit,
2026-09-22,21:00,tenshoku,threads,転職,"20〜30代向けの転職エージェントをいくつか調べると、「成長企業」と書くところと「求人数」と書くところに分かれる印象があった。

比較するときに見ていたのは3つ。
・対象年齢が公開ページに書いてあるか
・入口が登録か、面談か
・無料の範囲がどこまでか

今の自分は、情報収集と応募のどちらが先だと思いますか？",🗂️,medium,implicit,
2026-09-22,07:00,pet,threads,ペット,結論、ペットフード選びで見るべき基準は3つだけでいいと考えています。①原材料の1番目が肉・魚であること②着色料・香料が無添加であること③粒の大きさが顎の力に合っていること。それ以外の細かい成分表はあまり気にしなくていいというのが私の立場です。保存しておいて買い物のときに見返せる基準にしてもらえたら。あなたが一番重視しているポイントは①〜③のどれですか？,🐾📝,high,none,
2026-09-22,12:00,pet,threads,ペット,朝5時に起こしにくる猫は珍しくないと思っています。個人的には、これは甘えではなく「生活リズムの主張」だと捉えるのが一番しっくりきます。無理に直そうとするより、前日の夜ご飯の時間を30分後ろにずらすだけで改善したという声もよく聞きます。しつけの失敗ではなく、リズムの調整で解決できるケースが多い印象です。同じように早朝に起こされている人、どう対処してますか？,🐱⏰,medium,implicit,
2026-09-22,19:00,pet,threads,ペット,"結論、犬の留守番対策は""環境""より""合図の習慣化""で決まると考えている。
チェックリスト
・出る前と帰宅後の声かけを毎回同じ言葉にする
・退屈対策グッズは3日おきに入れ替える
・室温と換気は数値で管理し感覚に頼らない
この3点を意識するだけで留守番中の様子が変わったという報告は多い。あなたの家ではどれを優先している？",🐕📝,high,none,
2026-09-22,21:00,pet,threads,ペット,"猫の1日の飲水量は体重1kgあたり50mlが目安とされている。私はこの数字を下回った日は要注意ラインだと考える派。
判断基準
・器の水は最低1日1回入れ替える
・複数の器を離れた場所に置く
・冬場は基準値を下回りやすいので温度も確認する
数字で管理すると変化に気づきやすいという声が多い。普段、水分量はどう確認してる？",🐈💧,high,none,
2026-09-22,07:00,sleep,threads,睡眠,"結論、寝る90分前の入浴が一番コスパがいいと思う。
深部体温が下がるタイミングで入眠すると寝つきが変わる、というのを試してから朝の目覚めが軽くなった気がする。
チェックすべきは3つだけ。
①湯温38〜40度
②浸かる時間10〜15分
③入浴後は照明を落として画面を見ない
これだけで「寝つくまでの時間」が変わる人は多いはず。
みんなは入浴と寝つきの関係、意識してる？",🛁🌙,high,implicit,
2026-09-22,12:00,sleep,threads,睡眠,"私は「起床時間固定」派。就寝時間より起きる時間を揺らさない方が睡眠の質は安定すると感じている。
休日に寝坊すると月曜がしんどくなるのは、体内時計がズレるから。
目安にしてるのはこの3つ。
・平日と休日の起床差は1時間以内
・起きたらすぐ日光を浴びる
・二度寝は15分以内で切る
シンプルだけど効果を感じやすい基準だと思う。
起床時間、みんなはどのくらいブレてる？",⏰☀️,medium,implicit,
2026-09-22,19:00,sleep,threads,睡眠,"結論、夜中に何度も目が覚めるなら“質問”より先に“室温”を疑ったほうがいいと思う。
チェックリスト
・寝室が27℃以下か
・除湿は40〜60%目安になっているか
・扇風機の風が体に直接当たっていないか
一つでも当てはまらないなら、まずそこから見直すのが近道。今の時期、何度目が覚める？",🌙💦,high,implicit,
2026-09-22,21:00,sleep,threads,睡眠,"結論、お盆休みで夜型になった人は、今が一番戻しにくい時期だと思う。
観察していると崩れがちなのはこの2パターン
・起床時間だけ元に戻して就寝時間はそのまま
・寝る前のスマホ時間だけ伸びたまま
休み明け、みんなはどう立て直してる？",🌅📱,medium,implicit,
2026-09-23,07:00,konkatsu,threads,婚活,"婚活中の人の話を聞いていると、プロフ写真で一番差が出るのは加工より表情だと感じる。
結論、自己紹介文の雰囲気と写真の表情が一致していないと不成立になりやすい気がする。
■見直しポイント
・自然光で撮っているか
・口角より目が笑っているか
・年齢に見合った雰囲気か
プロフ迷子、意外と多い印象。みんなは写真何枚使ってる？",👀,medium,implicit,
2026-09-23,12:00,konkatsu,threads,婚活,"婚活で一番もったいないのは、最初の「楽しみ」が数ヶ月で「条件確認」に変わることだと思う。私は、会話の中心が年収や実家の話ばかりになったら一度立ち止まる派。

■審査モードに入っているサイン3つ
・話題の中心が「年収・職種・実家・将来設計」に偏っている
・LINEの文面が事務連絡っぽくなっている
・会う前から次の候補を探し始めている

この3つに当てはまったら、条件より「一緒にいて楽か」を見直すタイミングかもしれない。
あなたはどんな瞬間に審査モードに気づく？",💍🔍,high,implicit,
2026-09-23,19:00,konkatsu,threads,婚活,"先週、電車で隣に座った2人の会話が最後まで敬語のままだったのを見かけた。私は、3回目のデート以降も敬語や距離感が変わらない相手とは、進展が鈍いことが多いと感じている。

■距離感が縮まっているかの判断基準
・下の名前や愛称で呼べているか
・沈黙があっても気まずくないか
・LINEの返信が短文でも成立しているか

条件よりも先にこの「距離感」を見たほうが、後の失敗が減る気がしている。
あなたは何回目のデートで距離感の変化を感じる？",🚃💬,medium,implicit,
2026-09-23,21:00,konkatsu,threads,婚活,"結論、婚活が長引く人の多くは「審査モード」に入り込んでいると感じる。条件確認から入るほど、相手も身構えて距離が縮まらない。

■審査モードに入っているサイン3つ
・初対面でいきなり年収/実家/将来設計を聞く
・沈黙が怖くて質問攻めになる
・LINEが「今度会いましょう」で止まり日程を詰めない

私は「面接官をやめた瞬間に、婚活は前に進む」派。条件を通過した先に好意があるのではなく、条件を忘れた瞬間に好意が生まれるものだと思う。

あなたは直近のデート、趣味の話に何分使えた？",💍🤔,high,implicit,
2026-09-23,07:00,sidejob,threads,副業,副業アプリを3つ以上掛け持ちしてる人、正直成果が分散して伸びにくいと感じる。私は「1つに集中→一定期間で反応が出なければ乗り換え」派です。乗り換えるかどうかの判断基準は3つ。①初月に実際に手を動かした時間 ②得られた反応・問い合わせ数 ③自分の得意分野との相性。増やす前に一度この3つで立ち止まってみてほしい。あなたは掛け持ち派？集中派？,📝✅,high,implicit,
2026-09-23,12:00,sidejob,threads,副業,在宅ワークの求人、応募者の多くが単価だけを見て選んでいる印象がある。私は「継続して依頼が来るかどうか」で選ぶべき派。単価が高くても更新されない案件は結局稼働ゼロになりやすい。見るべきポイントは①募集期間の長さ ②依頼主のレビュー数 ③初回対応の速さ、の3つ。単価と継続率、どちらを優先して選んでる？,🔍,medium,none,
2026-09-23,19:00,sidejob,threads,副業,"結論、副業初心者はまず「在庫を持たない」ジャンルから始めるべきだと思っています。
挑戦してすぐ挫折する人の共通点は、初期費用を先に使いすぎることです。
私が見てきた中で続きやすかった順番はこちら👇
①スキル販売（時間さえあれば元手0円）
②アフィリエイト（在庫ゼロ・発送ゼロ）
③物販（在庫リスクあり・最後に検討）
あなたが最初に選んだのはどのタイプでしたか？",👇,high,implicit,
2026-09-23,21:00,sidejob,threads,副業,"体感、副業が続かない人の8割は「毎日投稿」を目標にしすぎていると思っています。
私は質より先に「継続できる頻度」を決める派です。
挫折しやすい人によく見られる特徴はこちら👇
・初日から気合を入れすぎる
・反応がないとすぐやめる
・比較対象がいきなり月収100万円の人
まずは週2投稿を3ヶ月続けるほうが、結果的に早く積み上がります。
今の投稿頻度、少し無理していませんか？",👇,high,implicit,
2026-09-23,07:00,beauty,threads,美容,"「盛れるコスメ」より「自分に合う色」を選んだ方が結局盛れる、と最近よく思う。
私はパーツを強調するメイクより、肌なじみ優先の似合わせ盛り派。
セルフチェックは、①ファンデを頬と顎で色比べする②チークは骨格の一番高い位置に薄く③リップは唇の血色に近い色を選ぶ、の3つだけ。
パーツ盛りで浮いていた頃より、似合わせを意識してからの方が『変わったね』と言われる気がしている。
最近メイクで意識してること、ある？",💄🪞,medium,implicit,
2026-09-23,12:00,beauty,threads,美容,"結論、今話題の「再生系成分」は成分名で選ぶより、悩み別に使い分けるほうが失敗しにくいと感じています。
見ている基準は3つ→①乾燥か赤みかで系統を選ぶ②新成分は少量から試す③3週間は変化を様子見してから判断。
情報が多い時期ほど「基準を先に決める」ほうが近道だと思うのですが、みなさんは成分選びで何を一番重視していますか？",✅🧪,high,implicit,
2026-09-23,19:00,beauty,threads,美容,"私は「攻める美容医療級ケア」より「守る土台ケア」を先に固める派です。
季節の変化で肌がゆらぐという声は美容メディアでもよく指摘されています。
土台ケアの基準は3つ→①バリアを壊さない洗顔に一時切り替え②低刺激処方を選ぶ③肌が落ち着いてから攻めケアを再開。
今の時期、攻めと守りどちらを優先していますか？",🛡️🌿,high,implicit,
2026-09-23,21:00,beauty,threads,美容,"結論、乾燥小ジワ対策は「保湿の量」より「重ねるタイミング」だと思っている。
私がチェックしている基準は3つ。
①洗顔後1分以内に化粧水を1プッシュ
②乳液は手のひらで軽く温めてから伸ばす
③夜だけ保湿量を1.5倍にする
この3つのうち、1つでもやってないと乾燥が戻りやすい印象。
みなさんは重ねるタイミング、意識してますか？",🧴💧,high,implicit,
2026-09-23,07:00,bodymake,threads,筋トレ,結論、筋トレの継続力は「準備の手間を何分削れるか」で9割決まると思っている。続けられている人に共通して見えるのは①ウェアを前夜に出す②ジムバッグを玄関に置く③行った日だけカレンダーに丸をつける、の3つだけ。根性で乗り切るより仕組みを変える方が再現性が高い気がしている。あなたが取り入れてる『続く仕組み』、ひとつだけ教えて？,🗓️✅,medium,implicit,
2026-09-23,12:00,bodymake,threads,筋トレ,"結論、筋トレが続くかどうかは「最初の2週間の頻度設計」でほぼ決まると思っている。理由はシンプルで、習慣が固まる前に高頻度・高強度にすると、心身の負荷でやめやすくなるから。
続けやすい人に共通する初期設計はこの3つ。
・週2〜3回からスタートする
・同じ部位を連続で追い込まない
・「休む日」を先にカレンダーへ入れておく
この3つを外している人ほど、3週間以内に離脱しやすい印象がある。あなたは最初の2週間、どんな頻度で始めた（始める予定）？",📅💪,high,implicit,
2026-09-23,19:00,bodymake,threads,筋トレ,"「筋肉痛が出ないと効いていない」というのは半分間違いだと思っている。筋肉痛はダメージの指標であって、成長そのものの指標ではないからだ。
実際、扱う重量や回数の推移が右肩上がりなら、筋肉痛がなくても筋力・筋量は伸びているケースがある。
成長判断に使えるチェックポイントはこの3つ。
・同じ種目の重量が3週間前より伸びているか
・同じ重量でのフォームが安定してきたか
・翌日の「動ける感覚」を疲労感より重視できているか
この3つを記録し始めると、筋肉痛の有無に一喜一憂しなくなる気がしている。あなたは何を基準に伸びを判断してる？",📊🔥,high,implicit,
2026-09-23,21:00,bodymake,threads,筋トレ,"停滞期に入ったとき、種目を増やす前に見直されがちなポイントをメモ。
① 睡眠時間が最近削れていないか
② 同じ重量・回数が何週も続いていないか
③ 体重の変化に対して食事量が合っているか
この3つから確認する、という考え方があるらしい。
みんなは停滞期、まず何から見直す？
📝",📝,high,implicit,
2026-09-23,07:00,education,threads,教育,"結論、子どもの『できない』への返しは、否定せず現在地を示す一言に変えるだけで反応が変わると感じています。
私が意識しているのは3段階の言い換えです。
・否定しない→「まだ途中だね」
・現在地を示す→「ここまではできてるね」
・次に繋げる→「次はここをやってみようか」
この順番を守るだけで表情が変わることがあります。
みなさんが使っている言い換え、コメントで教えてください。",📌,high,implicit,
2026-09-23,12:00,education,threads,教育,"結論、子どもの「できない」への返しは具体性一択だと思っています。
・「まだできてないだけ」→現在地の言い換え
・「ここまでできてるね」→進捗の可視化
・「一緒に考えてみようか」→伴走宣言
保存版チェックリストとして使ってみてください。他に使っている言い換え、あれば教えてください。",📌✏️,high,implicit,
2026-09-23,19:00,education,threads,教育,"結論、子どもの「できない」への返しは、行動を主語にすると変わると思う。
私は「あなたはできない」ではなく「このやり方がまだ合ってないだけ」と伝える派です。
・成果より途中経過を認める
・他の子と比較しない基準を先に決めておく
・次の一歩だけを具体的に提案する
保存版のつもりで書きました。皆さんが実際に使ってる言い換え、どんなのがありますか？",📝,high,implicit,
2026-09-23,21:00,education,threads,教育,"結論、ロボット教室とプログラミング教室は「入り口」で選べば失敗しにくいと思う。
私は、手を動かすのが好きな子にはロボット、画面の中で完結させたい子にはプログラミングを勧める派です。
判断の目安：
・工作や分解が好き→ロボット系
・ゲームや動画を作りたい→プログラミング系
・両方好きそう→まずは両方の体験だけ受けてみる
どちらのタイプか、迷ってる人はお子さんの普段の遊び方どっちに近いですか？",🤖,high,implicit,
2026-09-23,07:00,setsuyaku,threads,節約,"食費を切り詰めるより、惰性で払っている固定費を削る方が続けやすいと思う。私はここ数年、食費より先に契約系の見直しから手をつける派です。
節約が続かない人に共通するのは、我慢を積み重ねて疲れてしまうこと。一度手続きすれば自動的に減る仕組みの方が挫折しにくい。
変動費と固定費、みなさんはどっちから見直しましたか？",🧾💡,medium,implicit,
2026-09-23,12:00,setsuyaku,threads,節約,"結論、節約はまず固定費から。食費を削るのは一番最後でいい。
通信費・サブスク・保険の3つは、一度見直せば効果がずっと続くのが強み。
手順はシンプル↓
1) 契約中のサブスクを全部書き出す
2) 直近1ヶ月使っていないものを解約
3) 保険の保障内容が重複していないか確認
食費や外食を我慢するより、心理的なストレスが少ないのが固定費見直しの良いところ。
みんなは固定費、最後に見直したのいつ？",🏠📝,high,implicit,
2026-09-23,19:00,setsuyaku,threads,節約,"結論、節約で家庭がギスギスするのは『我慢の分担』がズレてるだけだと思う。
サブスクは放置なのに子どものおやつだけ削られる、みたいな家庭は意外と多い。
削る前にやっておきたいこと↓
・家族それぞれの『削れそうなもの』を出し合う
・一人にだけ我慢を集中させない
・小さな楽しみは最後まで残す
節約は根性より仕組みで続ける方が長持ちする気がしている。
うちはこうしてる、という工夫があれば教えてほしい。",👨‍👩‍👧🍰,medium,implicit,
2026-09-23,21:00,setsuyaku,threads,節約,"電気・ガス・水道の明細、先月分と見比べたことありますか？

同じ生活スタイルでも季節や使い方のクセで数百円〜千円単位の差が出ていることがあります。

私は「先月比」を見る習慣をつけてから、無駄遣いに気づきやすくなりました。

みなさんは光熱費、どのタイミングでチェックしていますか？",💡📊,medium,implicit,
2026-09-23,07:00,tenshoku,threads,転職,"採用側の視点として、書類選考で見られやすいポイントは「年齢」だけでなく「マネジメント経験の有無」や「新しく学んでいること」だとよく言われます。

特に最近はAIなど、業務外での学習をアピールする人が増えている印象です。

保存しておくと、職務経歴書を見直すときに役立つかもしれません📝",📝,high,implicit,
2026-09-23,12:00,tenshoku,threads,転職,"「石の上にも3年」って、まだ信じてますか？
最初の会社は我慢の場所だと思っていた人ほど、体調に変化が出てから初めて気づくことが多いようです。
続けることが正解とは限らない環境、意外と多いのかもしれません。
あなたの周りにも、そんな話ありますか？",🤔💭,high,implicit,
2026-09-23,19:00,tenshoku,threads,転職,"2026年、育児・介護休業法の改正で「小学校3年生まで時短勤務が可能」になった会社、実はまだ知られていません。
求人票だけでは分からない“制度の運用実態”こそ、会社選びで見落とされがちなポイントかもしれません。
面接で聞いてよかった質問、ある人は教えてください🙏",📋✨,high,implicit,
2026-09-23,21:00,tenshoku,threads,転職,"面接で落ちる人の多くは「逆質問」で損してると思う。
私はこれまで採用側・支援側の両方を見てきたけど、ここを軽視してる人が本当に多い。

チェックしてほしいのはこの3つ：
・給与や休暇の確認だけで終わっていないか
・入社後にどう貢献したいかを語れているか
・面接官の反応を見て一段深掘りできているか

どれか1つでも欠けると、印象は一気に薄くなる。

あなたは逆質問、何を準備してる？",📝✅,high,implicit,
2026-09-23,07:00,pet,threads,ペット,犬が『ご褒美用おやつ』の匂いを嗅いだ瞬間に真顔になる瞬間、あれは表情筋より『間』で感情を伝えている証拠だと思う。結論、指示を出す前に3秒待つだけで反応がはっきり変わることが多い。急かすより『待たせる』方が実は伝わりやすいという観察、共感する飼い主さん多い印象。みなさんの子は何秒くらい待てますか？,🐶⏱️,medium,implicit,
2026-09-23,12:00,pet,threads,ペット,35℃の日、アスファルト表面温度は60℃近くまで上がることがある。結論、日中の散歩は避けて『朝5時台』か『夜9時以降』の二択でいいと思う。チェックすべきは3つだけ。①手の甲を5秒地面につけて熱くないか②肉球の色や歩き方に違和感がないか③水分補給用のボトルを常に携帯しているか。この3つを守るだけで熱中症リスクはかなり下げられる印象。みなさんは散歩の時間、いつにずらしてますか？,🌡️🐾,high,implicit,
2026-09-23,19:00,pet,threads,ペット,"うちの猫、掃除機をかけた日は決まって半日ふてくされてる。もう3年目だけど毎回同じ反応。

私は正直、掃除機のタイミングは猫の機嫌優先派。多少部屋が汚くても、猫が隠れて出てこない時間を作らない方が結果的にストレス少ないと思ってる。

音に敏感な子への対策、うちでやってるのは
・掃除機前におやつで別室に誘導
・掃除の直前に一声かける
・終わったらすぐ横に座って様子を見る

これくらいで様子見の時間は結構減った。

みんなの子は掃除機、平気なタイプ？それとも即逃走タイプ？",🐱🧹,high,implicit,
2026-09-23,21:00,pet,threads,ペット,"月の餌代、犬猫1匹あたり5,000〜8,000円が「普通」だと思ってる。これより極端に安い場合は原材料を一度見直した方がいいと感じる。

私はコスパより「原材料の最初の3つが何か」を優先派。安さだけで選んで体調を崩された経験があるので、そこは譲れないラインにしてる。

選ぶときにチェックしてる基準はこの3つ。
① 主原料が穀物メインじゃないか
② 添加物表記がシンプルか
③ 年齢・体重に合った粒サイズか

この基準にしてから、うちの子は毛艶と便の状態が安定した。

餌選び、みんなは価格重視？成分重視？",🐾🍖,medium,implicit,
2026-09-23,07:00,sleep,threads,睡眠,入眠までの目安は10〜20分。30分以上かかる日が続くなら、寝具より先に環境を疑ったほうがいいというのが私の考え。チェックすべきは3つだけ。①寝る1時間前のスマホ②寝室の温度③寝る直前の入浴タイミング。今の暑い時期は①②の影響が特に大きいと感じている。あなたはこの3つのうち、どれが一番崩れやすい？,🌙💤,high,implicit,
2026-09-23,12:00,sleep,threads,睡眠,結論、寝苦しい夜に安眠グッズを増やすより先にやることがある。それは『室温を下げる』の一択だと思っている。手順はシンプル。①就寝1時間前にエアコンを26〜27℃設定②寝る直前の熱いシャワーはNG、ぬるめの湯船かシャワーのみ③掛け布団は接触冷感素材に変える。この3つを順番通りにやるだけで体感はかなり変わるという声をよく見かける。今夜、この中でどれから試せそう？,🌡️😴,high,implicit,
2026-09-23,19:00,sleep,threads,睡眠,"結論、入浴は寝る90分前が一番効果を感じやすいと思っています。私は「90分前入浴派」。理由は体温が下がり始めるタイミングと、入眠に向かう体内リズムが噛み合うから。
今日からできる3ステップ↓
①38〜40度で10〜15分浸かる
②上がったらすぐ靴下を脱ぐ
③照明を落として画面を見ない
これだけで寝つきが変わったという声、よく見かけます。あなたは何分前派ですか？",🛁🌙,high,implicit,
2026-09-23,21:00,sleep,threads,睡眠,"室温は18〜20度が睡眠の質に一番影響すると感じています。私は「寒め設定＋厚手ブランケット派」。エアコンをタイマーで切って朝方に室温が上がり、中途覚醒するという相談が地味に多いです。
チェックリスト↓
・就寝時は18〜20度に設定
・タイマーではなく朝までつけっぱなしが安定
・掛け布団は薄手を2枚で微調整
今の寝室、何度に設定してますか？",🌡️😴,high,implicit,
2026-09-24,07:00,konkatsu,threads,婚活,"結論、同棲の話し合いは「言葉が同じでも意味が違う」ことが多いと思う。

先日、地下鉄で隣になった20代後半くらいの2人の会話がふと耳に入った。「一緒に住もう」という同じ一言に対して、片方は現状維持のつもりで、もう片方は結婚への準備のつもりで話しているように聞こえた。

■同棲前にすり合わせておきたい3つ
・同棲のゴール（結婚時期）をいつまでに話すか
・生活費・家事の分担ルール
・将来の話題が出たときの反応を観察する

私は「同棲の意味は、言葉より態度で確認するべき」派。

あなたは同棲、通過点派？それとも結婚への準備派？",🏠💬,high,implicit,
2026-09-24,12:00,konkatsu,threads,婚活,"結論、婚活で停滞する人の多くは「審査モード」に入りすぎていると感じる。
最初は『どんな人だろう』だったのに、気づけば年収・学歴・実家の話ばかり聞いていないだろうか。
私は、条件確認より先に『素の自分が出せる相手かどうか』を見る派。
■審査モードに入っているサイン
・沈黙が怖くて質問攻めになる
・LINEが用件だけのやり取りに変わる
・会うたびに品定めされている感覚が強くなる
一つでも当てはまったら、条件リストより会話の中身を見直した方がいいと思っている。
あなたは今、どちらのモードだと思う？",💍📝,high,implicit,
2026-09-24,19:00,konkatsu,threads,婚活,"初対面から3回目のデートまでずっと敬語のまま、というのは珍しいことではないと観察している。
私は『3回目で下の名前を呼べているか』を進展の分かれ目として見ている派。
■距離感が縮まっているかのチェック
・沈黙になっても気まずくならない
・LINEの文末に絵文字や砕けた言い回しが増える
・次の予定を相手から提案してくるようになる
逆にこれが3回目を過ぎても変わらない場合、関係は仮交際のまま止まりやすいと感じている。
あなたの婚活で、距離感が変わった瞬間はどんなタイミングだった？",📏💬,medium,implicit,
2026-09-24,21:00,konkatsu,threads,婚活,"結論、婚活で本気度を見るべきは「学歴」より「質問の数」だと思う。
先週、婚活パーティー会場のロビーで順番待ちをしていた2人の会話が耳に入った。
一方はプロフィールの年収や勤務先ばかり確認し、もう一方は相手の休日の過ごし方を3つも質問していた。
■本気度が高い人に共通する質問の傾向
・相手の「好きなもの」を聞いているか
・条件確認より過去のエピソードを聞いているか
・沈黙の後も会話を続けようとしているか
条件を聞く人より、好きなものを聞く人の方が、関係が進みやすいと感じている。
直近のデートで「質問攻めだったな」と感じた瞬間、ありましたか？",🤔📝,high,implicit,
2026-09-24,07:00,sidejob,threads,副業,"住民税の『20万円以下なら申告しなくていい』は、所得税だけの話。私は副業収入の金額に関わらず、住民税の申告はする派です。
確定申告のときにチェックしておきたいのはこの3点。
・確定申告書 第二表の『住民税に関する事項』欄
・徴収方法が『普通徴収』になっているか
・提出前に控えを1部残しておく
これだけで会社に知られる不安はかなり減らせます。
みなさんは毎年、どちらを選んでいますか？",🧾✅,high,none,
2026-09-24,12:00,sidejob,threads,副業,"副業アカウントが伸び悩む一番の原因は、発信テーマがブレていることだと思っています。私は『1テーマ1切り口』を徹底する派です。
見直すべきチェックはこの3つ。
・プロフィールで発信テーマが一言で伝わるか
・投稿ごとにテーマが変わっていないか
・手順や基準など保存したくなる実用情報が入っているか
これだけで反応の土台が変わることが多いです。
みなさんは発信テーマ、何で絞っていますか？",📌,medium,implicit,
2026-09-24,19:00,sidejob,threads,副業,"結論、副業は「単価の高さ」より「再現性」で選んでいい。
単価だけで案件を選ぶと、続かないケースが多い印象。
私が案件を判断する基準は次の5つ。
✅ 週5時間以内で完結するか
✅ マニュアル化できる作業か
✅ 単発でなく継続案件があるか
✅ クライアントとの連絡頻度が多すぎないか
✅ 身につくスキルが翌月以降も使い回せるか
この基準に当てはまらない案件は、単価が高くても長続きしにくいと感じています。
今やってる副業、この5つに何個当てはまりますか？",✅📝,high,implicit,
2026-09-24,21:00,sidejob,threads,副業,"体感で言うと、副業が続かない人の共通点は「毎日更新」をノルマにしていること。
逆に半年以上続けられている人ほど、最初から「週3日でいい」とハードルを下げている印象がある。
理由はシンプルで、一度更新が止まると再開のハードルが一気に上がるから。
私は投稿頻度より「破綻しない仕組み」を優先する派です。
毎日更新、まだ続けられていますか？",🗓️💭,medium,implicit,
2026-09-24,07:00,beauty,threads,美容,"肌がゆらいでいるサイン、私は3つだけ見れば十分だと思っている。
①いつもより赤みが出やすい
②化粧水がしみる
③皮膚科で「肌が薄い」と言われたことがある
どれか1つでも当てはまる人は、攻めのケア（レチノール・酸系）を毎日から週2〜3回に落として、保湿を厚めにするだけで印象が変わることが多いらしい。
攻めと守り、今どっちを優先してますか？",🌿✨,high,implicit,
2026-09-24,12:00,beauty,threads,美容,肌がゆらいでいるサインは、実は3つだけ覚えておけば十分だと思っている。①化粧水がしみる②いつもより赤みが出やすい③皮膚科で「乾燥・バリア機能が低下」と言われた。結論、1つでも当てはまったら攻めケア（レチノールや酸系）は週1〜2回まで落として、保湿を厚めにするだけで扱いやすくなる、という印象がある。今の時期、当てはまる人ってどのくらいいるんだろう？,🧴✋,high,implicit,
2026-09-24,19:00,beauty,threads,美容,"結論、スキンケアは「順番」より「温度」で変える方が肌に合うと思っている。
夏は化粧水を体温に近づけてから重ね付け、冬は乳液を早めに足して蒸発を防ぐイメージ。
チェックしたいのは①肌がつっぱる時間帯②メイクがヨレる場所③週末の肌荒れ頻度、の3つ。
1つでも当てはまったら、季節ごとに順番を見直すサインだと思う。
みんなは季節で使う順番、変えてる？",🧴☀️❄️,high,implicit,
2026-09-24,21:00,beauty,threads,美容,"レチノールは毎日より、週3〜4回+保湿多めの方が続けやすいと思っている。
肌がゆらいでいるサインは次の3つ。
①いつもより赤みが出やすい
②化粧水がしみる
③皮膚科で「乾燥・薄い」と言われたことがある
1つでも当てはまるなら、頻度を落として保湿を厚くするのも選択肢だと思う。
毎日派？休み休み派？コメントで教えて",🌙✨,high,implicit,
2026-09-24,07:00,bodymake,threads,筋トレ,体重×1.5gのタンパク質量、いきなり計算しなくていい。私が続けているのは「卵1個＋納豆1パック」を毎日の食事に固定で足すだけのルール。数字を追うより“いつもの食事に1品足す”方式の方が続く気がしている。今日の食事、あと何を足せそう？,🥚,medium,implicit,
2026-09-24,12:00,bodymake,threads,筋トレ,結論、忙しい日ほど「10分メニュー」でいいと思っている。私が実践しているのはスクワット10回・腕立て10回・プランク30秒の3つだけ。完璧な60分より、ゼロの日を作らないことの方が半年後の差になる気がしている。あなたが忙しい日に削るなら、種目？時間？それとも回数？,💪🏠,high,implicit,
2026-09-24,19:00,bodymake,threads,筋トレ,私は「タイミングより合計量」派。筋トレ後30分以内にこだわるより、朝・昼・夜でタンパク質を1品ずつ足す方が結局続く。目安は卵1個・納豆1パック・ヨーグルト1個をそれぞれ別の食事に足すだけ。細かい計算より『足す習慣』を先に作る方が挫折しにくいと感じている。みんなはタイミング重視？合計量重視？,🍳⏱️,high,implicit,
2026-09-24,21:00,bodymake,threads,筋トレ,"結論、タンパク質は体重×1.2gで十分だと思っている。厳密に計算するより「今日どれだけ実行できたか」の方が重要。
続けやすさの基準は①朝に卵か納豆を1品追加②間食を加工食品からゆで卵やヨーグルトに変える③体重は2週間単位で見る、の3つだけ。
量より継続、どっちを優先してる？",🥚💪,high,implicit,
2026-09-24,07:00,education,threads,教育,"結論、宿題タイムは「机に向かう時間の長さ」より「始めるまでのハードルの低さ」を優先した方がうまくいくと感じている。
声かけで意識しているのは次の3つ。
①「10分だけやろう」と時間を区切る
②最初の1問だけ一緒に解く
③終わったら丸つけより先に「お疲れさま」を言う
完璧な計画より、始めやすさを優先する家庭の方が続いている印象がある。
あなたの家庭は、始める工夫と終わる工夫、どちらを重視していますか？",📝✏️,high,implicit,
2026-09-24,12:00,education,threads,教育,"私は「通知表の点数」より先に「本人が一番頑張ったと思う教科」を聞く派です。
点数だけを見ると、努力が結果に出なかった教科がどうしても目に入りにくい。
先に本人の実感を聞いてから点数を見ると、声のかけ方が変わってくる。
点数の話は、そのあとでいい。
みなさんは、点数と本人の実感、どちらを先に聞きますか？",🗣️📖,high,implicit,
2026-09-24,19:00,education,threads,教育,"通信制高校を調べると、オンラインと通学を両方持つところがあるらしい。

資料請求前に見ていた点は3つ。
・授業の受け方
・相談窓口の有無
・費用の内訳が資料で分かるか

進路の候補に、通信制は入っていますか？",📚,medium,implicit,
2026-09-24,21:00,education,threads,教育,"幼児教室と小学校受験の教室をいくつか調べると、「無料体験の予約」が入口のものがあるらしい。

体験の前に見ていた点は3つ。
・対象年齢が公開ページに書いてあるか
・体験が無料か
・受験対策の範囲がどこまでか

習い事の候補に、教室型は入っていますか？",📚,medium,implicit,
2026-09-24,07:00,setsuyaku,threads,節約,サブスク、平均5個以上契約してる人が多いらしい。私は「年1回、全部書き出して先月の利用回数がゼロなら即解約」をルール化するのが一番効くと思う派。①契約中サービスを紙に書き出す②先月使った回数を書く③ゼロなら解約、これだけで固定費は減らせる。今月見直した人、何個解約できた？,📝,high,implicit,
2026-09-24,12:00,setsuyaku,threads,節約,節約って我慢することだと思われがちだけど、私は逆だと思う派。通信・保険・サブスクみたいな固定費を一度整えれば、あとは我慢ゼロで自動的に浮き続ける。逆に食費や外食を削る方法は継続コストが高くて挫折しやすい。あなたが最初に見直すなら、通信費・保険・サブスクのどれから手をつける？,💡,medium,implicit,
2026-09-24,19:00,setsuyaku,threads,節約,"結論、ふるさと納税は9月中に済ませておくべき派です。

2026年10月から返礼品の地場産品基準が厳格化され、家電や域外加工の食品などが対象から外れる可能性があるとされています。欲しい返礼品が決まっている人ほど先延ばしは損になりやすいです。

寄付前にチェックしたい3点↓
✅ 欲しい返礼品が『地場産品基準厳格化』の対象カテゴリか確認
✅ 上限額シミュレーターで控除枠を再確認
✅ 決済方法（クレカ・キャッシュレス）でポイント上乗せがあるか比較

制度が変わるたびに『前のルールのまま』損している人、意外と多い印象です。
みなさんは今年、もう寄付済みですか？",🍤✅,high,implicit,
2026-09-24,21:00,setsuyaku,threads,節約,"結論、固定費の見直しは『通信費→保険→サブスク』の順でやるのが効率いい派です。

理由はシンプルで、通信費は一度見直せば手間なく効果が数年続くから。保険やサブスクは見直しに時間がかかる割にリターンが小さいことが多いです。

見直し前のミニチェックリスト↓
✅ 直近3ヶ月の携帯代の平均額を出す
✅ 使っていないサブスクを1つでも洗い出す
✅ 保険は『同じ保障で安いプランがないか』だけ確認

完璧を目指すと疲れて続かないので、まず1項目だけでいいと思っています。
みなさんが最初に手をつけるならどれですか？",📱💡,medium,implicit,
2026-09-24,07:00,tenshoku,threads,転職,"「今の会社が嫌」だけで転職活動を始めると、正直うまくいかないケースが多いと感じている。

私が見てきた中で、うまくいっている人には共通点があった。
・辞めたい理由より「叶えたい条件」を先に言語化している
・年収だけでなく働き方の優先順位が決まっている
・応募前の自己分析にちゃんと時間をかけている

逆に勢いだけで書類を出す人ほど、入社後にミスマッチを感じやすい印象がある。

今の転職理由、「逃げ」より「叶えたいこと」で言えてる？",💭🔍,high,implicit,
2026-09-24,12:00,tenshoku,threads,転職,"面接で給与交渉をしない人がまだ8割くらいいる気がする。
私は「交渉しない方がリスク」派。

交渉するタイミングの基準はこの3つだけ見てる。
①内定通知後、入社日確定前
②他社オファーがある場合は先に開示
③希望額は根拠（前職給与・市場相場）とセットで出す

これだけでも印象は悪くならないし、下がることはほぼない。

みんなは給与交渉、したことある派？しない派？",💬📈,high,implicit,
2026-09-24,19:00,tenshoku,threads,転職,"求人サイトの倍率が高くても、現場の実感は「買い手市場」という人が6割超えてるらしい。
私はこのギャップこそが転職活動の落とし穴だと思ってる。

『本当に人が足りてる会社』を見極める基準はこの3つ。
・面接官が2回以上変わる＝選考が慎重＝実は余裕がある可能性
・スカウトの文面が定型文か個別かで温度感が分かる
・求人票の「即日入社歓迎」は逆に警戒したほうがいい

数字だけで判断すると痛い目を見る。

このギャップ、実際に感じたことある人いる？",🔍📊,high,implicit,
2026-09-24,21:00,tenshoku,threads,転職,"私は「転職エージェント3社登録」派です。理由は単純で、求人の出方が会社によって全然違うから。
1社だけだと紹介される求人の数も業界の偏りも大きい、という声はよく聞きます。

登録前に見るべきチェックリストはこの3つ。
・得意業界（IT/メーカーなど）が自分と合っているか
・担当者の初回提案までのスピード
・面談の日程調整のしやすさ

これだけで「合わないエージェント」に時間を溶かすリスクはかなり減らせます。

みなさんは何社登録していますか？",📋,high,none,
2026-09-24,07:00,pet,threads,ペット,"結論、フード選びで一番見るべきは「原材料表示の順番」だと思っている。

最初の3つに肉・魚由来のタンパク源が入っているかで、だいたいの品質は判断できる。

保存版チェックリスト↓
□ 原材料の1〜3番目にタンパク源があるか
□ 添加物の種類が多すぎないか
□ 便の状態（硬さ・匂い）が切り替え後2週間で安定したか
□ 粒の大きさが顎の力に合っているか

毎回パッケージ裏を見返すのが面倒な人向けの基準です。

みなさんはフード選びで一番重視してる項目、何ですか？",🐾📋,high,implicit,
2026-09-24,12:00,pet,threads,ペット,"猫が急に飼い主の膝から降りて、少し離れた場所で丸くなるのは「嫌い」じゃなくて「安心してる証拠」だと思っている。

ベタベタ甘えるだけが愛情表現じゃなくて、視界に入る距離で寛いでいること自体が信頼のサインというのが私の見方。

同じ空間にいるのに触れ合わない時間、うちのコだけかと思ってたけど意外とあるあるらしい。

猫飼いのみなさん、この「つかず離れず」感じたことあります？",🐈,medium,none,
2026-09-24,19:00,pet,threads,ペット,"結論、初心者ほど多頭飼いより先に「通院費の備え」を整えるべきだと思う。保険の有無で、通院するかどうかの判断が変わる場面をよく見かける。

【通院前チェック】
・年1回の健康診断予定はあるか
・通院費の上限額を決めているか
・持病の有無を把握しているか

これだけで「まさかの通院」への心構えがかなり変わる、というのが個人的な結論。みなさんは通院費の目安、決めていますか？",🐾🏥,medium,none,
2026-09-24,21:00,pet,threads,ペット,"うちの子が季節の変わり目にフードを残す——これ、あるあるだと思う。結論、フードを変える前にまず「量」を見直すのが先。

【原因を絞る3チェック】
1) 体重の増減
2) おやつの量
3) 運動量の変化

これで大体の原因は絞れる、というのが観察してきた実感。みなさんの子は食欲の波、どう対策してますか？",🐶🍚,medium,none,
2026-09-24,07:00,sleep,threads,睡眠,"結論、夜中に何度も目が覚めるのは「気にしすぎ」より先に室温と光を疑ったほうがいい派です。
目安にしているチェックはこの3つ↓
①寝る1時間前は暖色照明に切り替えているか
②布団の中の温度が高すぎないか
③起床時刻を平日休日で大きくズラしていないか
どれか当てはまる人、地味に多いはず。あなたはどれが一番怪しいと思う？",🌙💤,high,implicit,
2026-09-24,12:00,sleep,threads,睡眠,"最近「夜中に3回以上目が覚める」という声をよく見かける。私はこれ、スマホより『布団の中で考え事をする時間』の影響のほうが大きいと思っている派です。
試している人が多い対策はシンプルで、
・寝る前に『明日やること』を紙に書き出す
・布団に入ったら考え事を一旦保留にする
これだけで中途覚醒が減ったという話をよく聞きます。同じタイプの人いる？",🛌📝,medium,implicit,
2026-09-24,19:00,sleep,threads,睡眠,"結論、寝る前90分のスマホ断ちが一番コスパの良い睡眠改善策だと思う。

私は『デジタル門限』と呼んで人に勧めている。

やることはシンプル：
・22:30以降は通知オフ
・照明は暖色系に切り替え
・ベッドでは本かストレッチのみ

これだけで『布団に入ってからのスマホ時間』が減り、入眠までの体感時間が短くなったという声が多い。

みんなは寝る前、何時にスマホを手放してる？",📱🌙,high,implicit,
2026-09-24,21:00,sleep,threads,睡眠,"夜中に『明日ちゃんと起きられるかな』と不安になって、逆に目が冴えた経験がある人は多いはず。

私はこの手の不安は『予定への責任感の裏返し』だと思っている。だから無理に寝ようとせず、一度アラームを2つ確認するだけで安心して眠れることが多い。

完璧に寝ようとするより、『最低限起きられる保険』を作る方が結果的に眠りやすい派です。

みんなは寝る前、そういう不安どう対処してる？",⏰😌,high,none,
2026-09-25,07:00,konkatsu,threads,婚活,"私は、婚活が停滞する一番の原因は「年収」より「審査モードが抜けないこと」だと思う。
最初はときめきで会っていたはずなのに、3回目あたりから急に条件確認モードに切り替わる人を何人も見てきた。
■審査モードに入っているサイン
・会話の8割が確認作業になっている
・相手の弱みより強みばかり探している
・楽しかった記憶より条件の一致率で判断している
審査を忘れられた瞬間からしか、関係は前に進まないと考えている。
最近のデートで、つい確認モードになってしまった瞬間はありましたか？",💭✅,high,implicit,
2026-09-25,12:00,konkatsu,threads,婚活,"婚活中の人の話を聞いていると、プロフ写真で一番差が出るのは加工より表情だと感じる。
結論、自己紹介文の雰囲気と写真の表情が一致していないと不成立になりやすい気がする。
■見直しポイント
・自然光で撮っているか
・口角より目が笑っているか
・年齢に見合った雰囲気か
プロフ迷子、意外と多い印象。みんなは写真何枚使ってる？",👀,medium,implicit,
2026-09-25,19:00,konkatsu,threads,婚活,"婚活で一番もったいないのは、最初の「楽しみ」が数ヶ月で「条件確認」に変わることだと思う。私は、会話の中心が年収や実家の話ばかりになったら一度立ち止まる派。

■審査モードに入っているサイン3つ
・話題の中心が「年収・職種・実家・将来設計」に偏っている
・LINEの文面が事務連絡っぽくなっている
・会う前から次の候補を探し始めている

この3つに当てはまったら、条件より「一緒にいて楽か」を見直すタイミングかもしれない。
あなたはどんな瞬間に審査モードに気づく？",💍🔍,high,implicit,
2026-09-25,21:00,konkatsu,threads,婚活,"先週、電車で隣に座った2人の会話が最後まで敬語のままだったのを見かけた。私は、3回目のデート以降も敬語や距離感が変わらない相手とは、進展が鈍いことが多いと感じている。

■距離感が縮まっているかの判断基準
・下の名前や愛称で呼べているか
・沈黙があっても気まずくないか
・LINEの返信が短文でも成立しているか

条件よりも先にこの「距離感」を見たほうが、後の失敗が減る気がしている。
あなたは何回目のデートで距離感の変化を感じる？",🚃💬,medium,implicit,
2026-09-25,07:00,sidejob,threads,副業,"結論、副業を選ぶ基準は「単価」より「再現性」だと思う。

高単価でも自分にしか売れないスキルは長続きしにくい。逆に単価が低くても、毎回同じ手順で数字が読める仕組みの方が結果的に続けやすいと感じる。

副業を選ぶ前に見るチェックリスト
・作業時間が毎回大きくブレないか
・自分が休んでも仕組みが回るか
・成果が数字で見える仕組みか

これに当てはまらない副業は、始める前に一度立ち止まった方がいいと思う。

みんなは副業選びで何を一番重視してる？",📝✅,high,implicit,
2026-09-25,12:00,sidejob,threads,副業,"丁寧に書きすぎた投稿ほど伸びない、というのは副業アカウントを見ていてよく感じること。

長文で背景から説明するより、3行で言い切る投稿の方が反応が良い印象がある。通勤時間にサッと読める分量に収まっているかどうかは、地味だけど大きな差になっている気がする。

短く言い切る投稿の型
・1行目で結論を言う
・2行目で理由をひとつだけ添える
・3行目で行動か問いで締める

丁寧に書きすぎて逆に反応が伸びなかった経験、心当たりある人いる？",✂️💭,medium,implicit,
2026-09-25,19:00,sidejob,threads,副業,"結論、初心者が最初に手を出すべき副業は「在庫を持たない系」だと考えています。
判断基準はシンプルに3つ。①初期費用1万円以下②即日撤退できる③スキマ時間で完結する。
この3条件を満たさない副業話は、契約前に一度立ち止まる価値があると思います。
あなたが今検討している副業、この基準に当てはまりますか？",📝✅,high,implicit,
2026-09-25,21:00,sidejob,threads,副業,"副業を始めて早期にやめる人に共通するのは、「完璧な準備」を先にやろうとする傾向だと感じています。
私は「まず小さく1件動いてから改善する」派です。
準備期間が長くなるほど、実行に踏み出す心理的ハードルが上がっていく現象、周りで見かけませんか？",💭🔍,medium,implicit,
2026-09-25,07:00,beauty,threads,美容,"結論、秋の乾燥対策は「化粧水の量」より「重ねる回数」がカギだと思う。
チェックしてほしいポイントは3つ。
①肌がつっぱる時間帯が朝か夜かで違うか
②メイクのヨレが増えたか
③使うアイテムを季節で変えているか
1つでも当てはまるなら、量を増やす前に重ねづけの回数を見直すのがおすすめ。
秋の乾燥、対策変えた人います？",🍂✨,high,implicit,
2026-09-25,12:00,beauty,threads,美容,"私は「毛穴パック」より「保湿の均一化」を優先する派。
乾燥した部分ほど皮脂が過剰に出て毛穴が目立ちやすくなると考えているから。
見直すポイントは2つだけ。
①Tゾーンと頬で化粧水の量を変えていないか
②夜だけ保湿して朝は省略していないか
この2つを直すだけで印象が変わったという声もよく見かける。
毛穴対策、今どうしてますか？",🔍✨,medium,implicit,
2026-09-25,19:00,beauty,threads,美容,"結論、毛穴とくすみは「隠す」より「土台から整える」ほうが長期的には楽だと思っている。
私の基準はシンプルで、①下地前に毛穴用の下地を一枚挟む②くすみは色ムラよりまず乾燥ケアを先にする③厚塗りで誤魔化す日は週1以下にする、の3つだけ。
特別な日だけ気合いを入れるより、日常の延長で整えるほうが結局続く気がしている。
あなたは「隠す派」「土台から整える派」どっち？",🧴✨,medium,implicit,
2026-09-25,21:00,beauty,threads,美容,"はっきり言うと、肌だけ頑張っても髪がパサついていると顔全体の印象がくすんで見えると思っている。
私が意識しているのは、①乾かす前にオイルを一滴つける②アイロン前も同じ工程を挟む③ディープトリートメントは週1回だけ、の3ステップだけ。
肌の透明感を仕込む前に髪のツヤを仕込んだほうが、写真の伸びが早い気がしている。
今、肌ケアと髪ケア、時間をかけているのはどっち？",💇‍♀️✨,medium,implicit,
2026-09-25,07:00,bodymake,threads,筋トレ,"筋トレより睡眠を優先する、が私の結論。追い込んだ日ほど回復が遅れている人を見ていると、そう感じる。
チェックしたいのは①就寝1時間前はスマホを置く②筋トレは就寝3時間前までに終える③入浴で深部体温を上げすぎない、の3つだけ。
あなたは何時間睡眠を目標にしてる？",😴🛏️,high,implicit,
2026-09-25,12:00,bodymake,threads,筋トレ,"結論、筋トレの伸び悩みは「追い込み不足」より「寝不足」が原因なことが多いと感じている。
📝睡眠チェックリスト
□ 就寝1時間前はスマホを触らない
□ 就寝時刻を毎日そろえる
□ 起床後にタンパク質を摂る
□ 週2回は7時間以上眠る
ここで2つ以上×がついた人は、フォーム改善より先に睡眠を整える方が結果につながりやすい気がしている。
あなたは何個当てはまった？",😴📝💪,high,none,
2026-09-25,19:00,bodymake,threads,筋トレ,"私はタイミングより「1日の合計摂取量」を優先する派です。
体重×1.6g前後を目安に朝昼晩で分けて摂る方が、30分以内のゴールデンタイムを狙うより現実的に続けられると感じている。
📋今日から試せる分け方
・朝：卵or納豆
・昼：鶏むねor魚
・夜：プロテインor豆腐
厳密さより『今日も合計は届いた』の積み重ねが継続の鍵な気がしている。
あなたはタイミング派？合計量派？",🍳📋⏱️,high,none,
2026-09-25,21:00,bodymake,threads,筋トレ,"私は「準備の手間を先に減らす」派。
・前夜にジムバッグを玄関に置く
・着替えを枕元に用意する
・補給用のドリンクを冷蔵庫に常備する
この3つだけで、朝の重い腰がかなり軽くなったという声をよく見かける。
次の朝トレ、あなたは前夜に何を準備しておく？",🎒⏰,medium,implicit,
2026-09-25,07:00,education,threads,教育,"夏休みの自由研究、テーマ決めから仕上げまで親がかなり伴走する家庭と、子どもにほぼ任せて見守るだけの家庭がある。完成度を重視するか、試行錯誤の過程を重視するかで自然と分かれるポイント。
あなたの家庭は伴走派？見守り派？",☀️,high,implicit,
2026-09-25,12:00,education,threads,教育,"子どもの「朝の準備」、声かけする派としない派で家庭の空気がだいぶ変わる。
毎朝リマインドして一緒に進める家庭もあれば、失敗も経験のうちと見守る家庭も。
どちらも『自分でできるようになってほしい』という気持ちは同じだけど、やり方は真逆になりがち。
あなたの家はどちら派ですか？",🕗,high,implicit,
2026-09-25,19:00,education,threads,教育,"小学生の「音読カード」、地味だけど見落としがちなポイント3つ。
①同じページを繰り返す日があっても問題なし、むしろ定着のサイン
②サインする欄は『聞いた時間帯』も一言添えると先生に伝わりやすい
③声の大きさより『区切って読めているか』の方がチェックポイントとして有効
保存しておくと役立つかもしれません。",📖,medium,implicit,
2026-09-25,21:00,education,threads,教育,"結論、宿題は低学年のうちは隣について見る派です。
理由はシンプルで、伴走ありのほうが「わからない」をその場で解消できるから。
うちで目安にしている切り替えラインはこの3つ。
①漢字の書き取りは3年生から一人でOK
②文章題は「式だけ一緒→計算は一人」に移行
③丸つけは学年関係なく一緒にやる
みなさんの家庭の切り替えラインはいつ頃でしたか？",📐📝,high,implicit,
2026-09-25,07:00,setsuyaku,threads,節約,"結論、固定費は「通信→保険→サブスク」の順で見直すのが一番効率がいいと思っている。

理由は単純で、この3つは一度見直せば毎月ずっと効果が続くから。

見直す時に自分がチェックしてる基準はこの3つだけ。
①使ってる機能を実際に使っているか
②同条件でもっと安いプランがあるか
③解約・変更の手間が数千円以上の価値に見合うか

節約系の発信をしてると「頑張って我慢する」系のアドバイスが多いけど、個人的には我慢より仕組みを変える方がラクだし続くと感じてる。

みんなは固定費、どこから手をつけた？",💡📱,high,implicit,
2026-09-25,12:00,setsuyaku,threads,節約,"ふるさと納税、毎年12月に慌てて申し込む人が多いけど、私は「夏〜秋のうちに上限額だけ計算しておく派」。

理由は、年末は返礼品の人気商品が売り切れやすいから。

上限額を計算する時に見てる項目はこれだけ。
・今年の給与収入（見込みでOK）
・扶養家族の人数
・他の控除（iDeCoやふるさと納税以外の寄付）の有無

この3つが分かれば、シミュレーターでだいたいの上限は出せる。

毎年ギリギリで焦る人、意外と多くない？",🍅📝,medium,implicit,
2026-09-25,19:00,setsuyaku,threads,節約,ふるさと納税、いまだに『返礼品ランキング』から選んでる人が多い気がする。私は先に控除上限額を計算してから探す派。手順はシンプルで、①年収から上限額を出す②米や洗剤など普段使いのカテゴリで探す③届く時期を分散させる、この3ステップだけ。年末に慌てて選ぶより今の時期に動いた方が選択肢が多い。今年もう申し込んだ人いる？,🍚📦,high,implicit,
2026-09-25,21:00,setsuyaku,threads,節約,先月のスーパー、去年と同じ買い物カゴなのに800円くらい高くなってた気がする。値上げの実感って数字にすると結構でかい。私は毎回レシートを前月分と見比べる派で、家計簿アプリより肌感覚が掴みやすいと思ってる。細かい値上げ、みんなはどの商品で一番感じてる？,🧾📈,high,implicit,
2026-09-25,07:00,tenshoku,threads,転職,"結論、面接での退職理由は「ポジティブ変換一択」だと思っている。
「人間関係が嫌だった」ではなく「よりチームで成果を出せる環境を求めた」に言い換えるだけで、面接官の受け取り方は変わる、という声は多い。

言い換えの基準はシンプル。
・ネガティブワードを削る
・未来志向の言葉に変える
・具体的な行動やスキルにつなげる

これを意識するだけで、同じ経歴でも印象は大きく変わるはず。

みんなはどう言い換えてる？",💬,medium,implicit,
2026-09-25,12:00,tenshoku,threads,転職,"転職エージェントは1社より3社使う方が良いと思う。理由は求人の偏りと担当者の当たり外れをなくすため。
比較するときに見てるポイントはこの4つ。
・提案してくる求人の幅
・年収交渉の実績
・担当者の業界理解度
・面接後のフィードバックの速さ
1社だけだと『その担当者の得意分野』しか見えてこない。みなさんは何社くらい使ってますか？",📝✅,high,none,
2026-09-25,19:00,tenshoku,threads,転職,"転職理由を『人間関係』とそのまま面接で言う人は少ないと感じる。結論、本音と建前は最初から分けて整理しておいた方がいい。
・本音（自己分析用）：人間関係、給与、将来不安
・建前（面接用）：キャリアアップ、スキル活用
本音を隠すのではなく、面接用に翻訳しておくイメージ。みなさんは本音と建前、どう線引きしてますか？",🗣️🔍,high,implicit,
2026-09-25,21:00,tenshoku,threads,転職,"有効求人倍率1.18倍でも、書類選考の通過率は体感で下がっている。私は「応募数より一社ごとの準備の質」派。
最低限これだけは揃えてから出すべきだと思っている項目↓
・職務経歴書は求人票の文言に合わせて言い換える
・志望動機は「なぜこの会社か」まで踏み込む
・退職理由はネガティブ→前向きに変換して1行で言えるようにする
ここまでやって落ちるなら、応募先の相性の問題だと切り替えていい。
今の転職活動、数で勝負派？質で勝負派？",📝,high,implicit,
2026-09-25,07:00,pet,threads,ペット,"ドッグフードのパッケージ、私は上位3つの原材料しか見ていません。それで十分と思う派です。
選ぶときに確認しているポイントはこの3つです。
・主原料が肉や魚など動物性たんぱくか
・添加物表記が少ないか
・年齢や体重に合わせたカロリー設計になっているか
細かい成分表より、この3点で十分な差が出ると感じています。
みなさんはフード選びで最初にどこを見ますか？",🍖🐾,high,implicit,
2026-09-25,12:00,pet,threads,ペット,"保護犬を勧めるかどうか、私は「飼い主の経験値次第」で分ける派です。
初めて犬を迎える人には、まず性格や病歴が把握しやすいブリーダーや里親会経由の子をすすめることが多いです。反対に、一度でも犬と暮らした経験がある人には、保護犬の相性の良さを伝えることが多いです。
どちらが正しいという話ではなく、経験値によって向き不向きがあると感じています。
みなさんは保護犬派・ブリーダー派、どちらですか？その理由も聞いてみたいです。",🐕💭,high,implicit,
2026-09-25,19:00,pet,threads,ペット,結論、ペットフード選びで見るべき基準は3つだけでいいと考えています。①原材料の1番目が肉・魚であること②着色料・香料が無添加であること③粒の大きさが顎の力に合っていること。それ以外の細かい成分表はあまり気にしなくていいというのが私の立場です。保存しておいて買い物のときに見返せる基準にしてもらえたら。あなたが一番重視しているポイントは①〜③のどれですか？,🐾📝,high,none,
2026-09-25,21:00,pet,threads,ペット,朝5時に起こしにくる猫は珍しくないと思っています。個人的には、これは甘えではなく「生活リズムの主張」だと捉えるのが一番しっくりきます。無理に直そうとするより、前日の夜ご飯の時間を30分後ろにずらすだけで改善したという声もよく聞きます。しつけの失敗ではなく、リズムの調整で解決できるケースが多い印象です。同じように早朝に起こされている人、どう対処してますか？,🐱⏰,medium,implicit,
2026-09-25,07:00,sleep,threads,睡眠,"結論、寝る1時間前のスマホは「明るさ」より「情報量」が問題だと思ってる。
脳が“処理待ちの情報”を抱えたまま横になると、光を落としても入眠が長引く。
私が試して良かった基準は3つだけ。
①通知は音もバイブも切る
②SNSは開いても「見る専用」にしてコメントしない
③ベッドに入ったらスマホは手の届かない場所に置く
これだけで「あれこれ考えて寝れない」時間が減った人、他にもいる？",🌙📵,high,implicit,
2026-09-25,12:00,sleep,threads,睡眠,"深部体温は入浴後90分でストンと下がる。私はこの90分ルールを知ってから、入浴時間を「寝る直前」から「寝る1.5時間前」に変えた派。
体感で変わったのはここ。
・布団に入ってからの寝つきまでの体感時間が短くなった
・夜中に一度目が覚める回数が減った気がする
入浴のタイミングを変えるだけで体感が変わった経験、ある人いる？どのくらい前に入ってる？",🛁⏰,high,implicit,
2026-09-25,19:00,sleep,threads,睡眠,"結論、寝る90分前の入浴が一番コスパがいいと思う。
深部体温が下がるタイミングで入眠すると寝つきが変わる、というのを試してから朝の目覚めが軽くなった気がする。
チェックすべきは3つだけ。
①湯温38〜40度
②浸かる時間10〜15分
③入浴後は照明を落として画面を見ない
これだけで「寝つくまでの時間」が変わる人は多いはず。
みんなは入浴と寝つきの関係、意識してる？",🛁🌙,high,implicit,
2026-09-25,21:00,sleep,threads,睡眠,"私は「起床時間固定」派。就寝時間より起きる時間を揺らさない方が睡眠の質は安定すると感じている。
休日に寝坊すると月曜がしんどくなるのは、体内時計がズレるから。
目安にしてるのはこの3つ。
・平日と休日の起床差は1時間以内
・起きたらすぐ日光を浴びる
・二度寝は15分以内で切る
シンプルだけど効果を感じやすい基準だと思う。
起床時間、みんなはどのくらいブレてる？",⏰☀️,medium,implicit,
2026-09-26,07:00,konkatsu,threads,婚活,"結論、婚活が長引く人の多くは「審査モード」に入り込んでいると感じる。条件確認から入るほど、相手も身構えて距離が縮まらない。

■審査モードに入っているサイン3つ
・初対面でいきなり年収/実家/将来設計を聞く
・沈黙が怖くて質問攻めになる
・LINEが「今度会いましょう」で止まり日程を詰めない

私は「面接官をやめた瞬間に、婚活は前に進む」派。条件を通過した先に好意があるのではなく、条件を忘れた瞬間に好意が生まれるものだと思う。

あなたは直近のデート、趣味の話に何分使えた？",💍🤔,high,implicit,
2026-09-26,12:00,konkatsu,threads,婚活,"結論、同棲の話し合いは「言葉が同じでも意味が違う」ことが多いと思う。

先日、地下鉄で隣になった20代後半くらいの2人の会話がふと耳に入った。「一緒に住もう」という同じ一言に対して、片方は現状維持のつもりで、もう片方は結婚への準備のつもりで話しているように聞こえた。

■同棲前にすり合わせておきたい3つ
・同棲のゴール（結婚時期）をいつまでに話すか
・生活費・家事の分担ルール
・将来の話題が出たときの反応を観察する

私は「同棲の意味は、言葉より態度で確認するべき」派。

あなたは同棲、通過点派？それとも結婚への準備派？",🏠💬,high,implicit,
2026-09-26,19:00,konkatsu,threads,婚活,"結論、婚活で停滞する人の多くは「審査モード」に入りすぎていると感じる。
最初は『どんな人だろう』だったのに、気づけば年収・学歴・実家の話ばかり聞いていないだろうか。
私は、条件確認より先に『素の自分が出せる相手かどうか』を見る派。
■審査モードに入っているサイン
・沈黙が怖くて質問攻めになる
・LINEが用件だけのやり取りに変わる
・会うたびに品定めされている感覚が強くなる
一つでも当てはまったら、条件リストより会話の中身を見直した方がいいと思っている。
あなたは今、どちらのモードだと思う？",💍📝,high,implicit,
2026-09-26,21:00,konkatsu,threads,婚活,"初対面から3回目のデートまでずっと敬語のまま、というのは珍しいことではないと観察している。
私は『3回目で下の名前を呼べているか』を進展の分かれ目として見ている派。
■距離感が縮まっているかのチェック
・沈黙になっても気まずくならない
・LINEの文末に絵文字や砕けた言い回しが増える
・次の予定を相手から提案してくるようになる
逆にこれが3回目を過ぎても変わらない場合、関係は仮交際のまま止まりやすいと感じている。
あなたの婚活で、距離感が変わった瞬間はどんなタイミングだった？",📏💬,medium,implicit,
2026-09-26,07:00,sidejob,threads,副業,副業アプリを3つ以上掛け持ちしてる人、正直成果が分散して伸びにくいと感じる。私は「1つに集中→一定期間で反応が出なければ乗り換え」派です。乗り換えるかどうかの判断基準は3つ。①初月に実際に手を動かした時間 ②得られた反応・問い合わせ数 ③自分の得意分野との相性。増やす前に一度この3つで立ち止まってみてほしい。あなたは掛け持ち派？集中派？,📝✅,high,implicit,
2026-09-26,12:00,sidejob,threads,副業,在宅ワークの求人、応募者の多くが単価だけを見て選んでいる印象がある。私は「継続して依頼が来るかどうか」で選ぶべき派。単価が高くても更新されない案件は結局稼働ゼロになりやすい。見るべきポイントは①募集期間の長さ ②依頼主のレビュー数 ③初回対応の速さ、の3つ。単価と継続率、どちらを優先して選んでる？,🔍,medium,none,
2026-09-26,19:00,sidejob,threads,副業,"結論、副業初心者はまず「在庫を持たない」ジャンルから始めるべきだと思っています。
挑戦してすぐ挫折する人の共通点は、初期費用を先に使いすぎることです。
私が見てきた中で続きやすかった順番はこちら👇
①スキル販売（時間さえあれば元手0円）
②アフィリエイト（在庫ゼロ・発送ゼロ）
③物販（在庫リスクあり・最後に検討）
あなたが最初に選んだのはどのタイプでしたか？",👇,high,implicit,
2026-09-26,21:00,sidejob,threads,副業,"体感、副業が続かない人の8割は「毎日投稿」を目標にしすぎていると思っています。
私は質より先に「継続できる頻度」を決める派です。
挫折しやすい人によく見られる特徴はこちら👇
・初日から気合を入れすぎる
・反応がないとすぐやめる
・比較対象がいきなり月収100万円の人
まずは週2投稿を3ヶ月続けるほうが、結果的に早く積み上がります。
今の投稿頻度、少し無理していませんか？",👇,high,implicit,
2026-09-26,07:00,beauty,threads,美容,"「盛れるコスメ」より「自分に合う色」を選んだ方が結局盛れる、と最近よく思う。
私はパーツを強調するメイクより、肌なじみ優先の似合わせ盛り派。
セルフチェックは、①ファンデを頬と顎で色比べする②チークは骨格の一番高い位置に薄く③リップは唇の血色に近い色を選ぶ、の3つだけ。
パーツ盛りで浮いていた頃より、似合わせを意識してからの方が『変わったね』と言われる気がしている。
最近メイクで意識してること、ある？",💄🪞,medium,implicit,
2026-09-26,12:00,beauty,threads,美容,"結論、今話題の「再生系成分」は成分名で選ぶより、悩み別に使い分けるほうが失敗しにくいと感じています。
見ている基準は3つ→①乾燥か赤みかで系統を選ぶ②新成分は少量から試す③3週間は変化を様子見してから判断。
情報が多い時期ほど「基準を先に決める」ほうが近道だと思うのですが、みなさんは成分選びで何を一番重視していますか？",✅🧪,high,implicit,
2026-09-26,19:00,beauty,threads,美容,"私は「攻める美容医療級ケア」より「守る土台ケア」を先に固める派です。
季節の変化で肌がゆらぐという声は美容メディアでもよく指摘されています。
土台ケアの基準は3つ→①バリアを壊さない洗顔に一時切り替え②低刺激処方を選ぶ③肌が落ち着いてから攻めケアを再開。
今の時期、攻めと守りどちらを優先していますか？",🛡️🌿,high,implicit,
2026-09-26,21:00,beauty,threads,美容,"結論、乾燥小ジワ対策は「保湿の量」より「重ねるタイミング」だと思っている。
私がチェックしている基準は3つ。
①洗顔後1分以内に化粧水を1プッシュ
②乳液は手のひらで軽く温めてから伸ばす
③夜だけ保湿量を1.5倍にする
この3つのうち、1つでもやってないと乾燥が戻りやすい印象。
みなさんは重ねるタイミング、意識してますか？",🧴💧,high,implicit,
2026-09-26,07:00,bodymake,threads,筋トレ,結論、筋トレは週3〜4回に抑える派でいる。毎日追い込むより、部位ごとに48〜72時間の回復時間を空けたほうが、扱う重量が結果的に伸びやすいと感じている。曜日固定より「前回の筋肉痛が抜けたか」で次のトレ日を決める人が周りには多い印象。あなたは頻度、何回で回してる？,💪📅,high,implicit,
2026-09-26,12:00,bodymake,threads,筋トレ,結論、筋トレの継続力は「準備の手間を何分削れるか」で9割決まると思っている。続けられている人に共通して見えるのは①ウェアを前夜に出す②ジムバッグを玄関に置く③行った日だけカレンダーに丸をつける、の3つだけ。根性で乗り切るより仕組みを変える方が再現性が高い気がしている。あなたが取り入れてる『続く仕組み』、ひとつだけ教えて？,🗓️✅,medium,implicit,
2026-09-26,19:00,bodymake,threads,筋トレ,"結論、筋トレが続くかどうかは「最初の2週間の頻度設計」でほぼ決まると思っている。理由はシンプルで、習慣が固まる前に高頻度・高強度にすると、心身の負荷でやめやすくなるから。
続けやすい人に共通する初期設計はこの3つ。
・週2〜3回からスタートする
・同じ部位を連続で追い込まない
・「休む日」を先にカレンダーへ入れておく
この3つを外している人ほど、3週間以内に離脱しやすい印象がある。あなたは最初の2週間、どんな頻度で始めた（始める予定）？",📅💪,high,implicit,
2026-09-26,21:00,bodymake,threads,筋トレ,"「筋肉痛が出ないと効いていない」というのは半分間違いだと思っている。筋肉痛はダメージの指標であって、成長そのものの指標ではないからだ。
実際、扱う重量や回数の推移が右肩上がりなら、筋肉痛がなくても筋力・筋量は伸びているケースがある。
成長判断に使えるチェックポイントはこの3つ。
・同じ種目の重量が3週間前より伸びているか
・同じ重量でのフォームが安定してきたか
・翌日の「動ける感覚」を疲労感より重視できているか
この3つを記録し始めると、筋肉痛の有無に一喜一憂しなくなる気がしている。あなたは何を基準に伸びを判断してる？",📊🔥,high,implicit,
2026-09-26,07:00,education,threads,教育,"結論、テストの点数は見せてもらう派です。
点数そのものより「どこで間違えたか」を一緒に確認する材料になると考えています。
我が家で決めているチェックポイントは3つ。
①70点以下は原因を一緒に探す
②90点以上は結果より過程を一言褒める
③点数の良し悪しでその日の機嫌を変えない
見せなくていい派のご家庭は、どんな基準でやる気を守っていますか？",📊✏️,high,implicit,
2026-09-26,12:00,education,threads,教育,"結論、家庭のご褒美設計は「プロセス評価8割・結果評価2割」がちょうどいいと感じている。
テストの点数だけを見ていると、点数が伸びない時期にやる気の土台まで崩れやすい。
・机に向かった時間
・声に出して読んだ回数
・分からない問題に粘った時間
このあたりを記録して、月末にまとめて結果と紐づけるくらいが現実的だと思う。
みなさんの家庭では、どちらの比重が大きいですか？",🎯📝,high,implicit,
2026-09-26,19:00,education,threads,教育,"結論、子どもの「できない」は「まだ」に言い換えるだけで行動が変わりやすいと感じている。
言い換えの基準はシンプルに3つ。
①結果ではなく直前の行動を言葉にする
②比較は「昨日の自分」に限定する
③できたことは具体的な数字で伝える（例：10分早く着席できた）
抽象的な励ましより、この方が次の一歩につながりやすい気がする。
他に効果を感じた言い換え、あれば教えてください。",📌✨,high,implicit,
2026-09-26,21:00,education,threads,教育,"結論、プログラミングはもう『習い事の選択肢』ではなく『受験科目の準備』だと私は見ています。
情報Ⅰが共通テストに入ってから、周囲の相談内容は「楽しく触れさせたい」から「間に合わせたい」に変わってきました。
判断基準はシンプルに2段階、
・中学までに触れて型に慣れる
・高校からは演習量を増やす
この順番で考えると迷いにくいです。
みなさんはいつから対策を意識し始めましたか？",📝,high,implicit,
2026-09-26,07:00,setsuyaku,threads,節約,"月額3000円以上のスマホ代を払ってる人、結論そのままだと損してます。

私は「基本料＋事務手数料＋通話料」の総額でしか比較しない派です。

見るべきポイントは3つだけ。
① 直近3ヶ月の平均データ使用量（設定画面で確認）
② 通話は月何分か（かけ放題が必要か）
③ 契約時の事務手数料込みの実質月額

表面の月額だけ見て選ぶと、結局高くつくケースをよく見かけます。

みんなは乗り換えるとき、月額以外にどこ見て決めてます？",📱,high,implicit,
2026-09-26,12:00,setsuyaku,threads,節約,"ふるさと納税、12月にまとめてやる人が多いですが、私は「夏のうちに上限額だけ確認しておく」派です。

理由はシンプルで、年末は返礼品が品切れ・発送遅延になりやすいから。

やることは2つだけ。
① 今年の想定年収からざっくり上限額を計算
② 上限の8割くらいまでで一度申し込んでおく

『年末にまとめて選ぶ楽しさ』もわかるけど、選択肢が減ってから焦るより早めの方が結局お得だと感じます。

みなさんは毎年いつ頃やってますか？",🍅,medium,implicit,
2026-09-26,19:00,setsuyaku,threads,節約,"月の固定費が3万円台に収まるかどうかで、貯金体質は9割決まると思っている。私は結論、食費を削るより先に固定費を見直すべき派です。
見直す優先順位は①通信費②サブスク③保険④電気ガスの順が効率的。
チェックリスト
・スマホ代が月5000円を超えていないか
・使っていないサブスクが3つ以上ないか
・保険に『なんとなく』で入っていないか
固定費、最後に見直したのいつですか？",💰📝,high,implicit,
2026-09-26,21:00,setsuyaku,threads,節約,"食費を切り詰めるより、惰性で払っている固定費を削る方が続けやすいと思う。私はここ数年、食費より先に契約系の見直しから手をつける派です。
節約が続かない人に共通するのは、我慢を積み重ねて疲れてしまうこと。一度手続きすれば自動的に減る仕組みの方が挫折しにくい。
変動費と固定費、みなさんはどっちから見直しましたか？",🧾💡,medium,implicit,
2026-09-26,07:00,tenshoku,threads,転職,"求職者の6割が「買い手市場」だと感じているのに、実際の有効求人倍率は高止まりしている。このギャップ、放置すると自己評価を下げすぎる原因になると思っている。
結論、求人数の多さと「自分に合う求人があるか」は別問題。
見るべきは求人票の数ではなく、応募先の中で自分の経験がそのまま活きる求人が何件あるかどうか。
数字に振り回されて動けなくなってる人、意外と多い気がする。",📊,medium,none,
2026-09-26,12:00,tenshoku,threads,転職,"年収600万円以上の人の約6割がSNS経由でスカウトを受けた経験があるらしい。
私はこの数字、思ったより低くないなと感じている。

プロフィールを整えるだけで声がかかる可能性があるなら、やらない理由がない。
最低限チェックしたいのはこの3つ。
☑ 職種・スキルが一目でわかる自己紹介文になっているか
☑ 実績は数字ベースで書けているか
☑ 発信内容に一貫性があるか

整っていない人ほど「見られている」意識が抜けている印象。

あなたのプロフィール、この3つ埋まってますか？",📈🧾,high,implicit,
2026-09-26,19:00,tenshoku,threads,転職,"転職活動で後悔するのは「情報収集を怠ったこと」より「決断を先延ばしにしたこと」だと私は思う。
情報はいくら集めても、決める基準がないと堂々巡りになる。

私が決断前に確認している基準はこの4つ。
① 給与は現状維持以上か
② 裁量権は増えるか減るか
③ 通勤・働き方の負荷は許容範囲か
④ 1年後にスキルとして残るものがあるか

全部満たさなくてもいいけど、2つ以下ならまだ動くタイミングじゃない気がしている。

この基準、あなたなら何を足しますか？",🧭✅,high,none,
2026-09-26,21:00,tenshoku,threads,転職,"第二新卒・既卒向けの転職支援をいくつか調べて、入口が「無料カウンセリング」のものと「登録だけ」のものに分かれる印象があった。

比較するときに見ていたのは3つ。
・初回が面談か、登録完了か
・条件の棚卸しが先か、求人提示が先か
・入社後の記述があるか

今の自分は、情報収集と応募のどちらが先だと思いますか？",🗂️,medium,implicit,
2026-09-26,07:00,pet,threads,ペット,"結論、犬の留守番対策は""環境""より""合図の習慣化""で決まると考えている。
チェックリスト
・出る前と帰宅後の声かけを毎回同じ言葉にする
・退屈対策グッズは3日おきに入れ替える
・室温と換気は数値で管理し感覚に頼らない
この3点を意識するだけで留守番中の様子が変わったという報告は多い。あなたの家ではどれを優先している？",🐕📝,high,none,
2026-09-26,12:00,pet,threads,ペット,"猫の1日の飲水量は体重1kgあたり50mlが目安とされている。私はこの数字を下回った日は要注意ラインだと考える派。
判断基準
・器の水は最低1日1回入れ替える
・複数の器を離れた場所に置く
・冬場は基準値を下回りやすいので温度も確認する
数字で管理すると変化に気づきやすいという声が多い。普段、水分量はどう確認してる？",🐈💧,high,none,
2026-09-26,19:00,pet,threads,ペット,犬が『ご褒美用おやつ』の匂いを嗅いだ瞬間に真顔になる瞬間、あれは表情筋より『間』で感情を伝えている証拠だと思う。結論、指示を出す前に3秒待つだけで反応がはっきり変わることが多い。急かすより『待たせる』方が実は伝わりやすいという観察、共感する飼い主さん多い印象。みなさんの子は何秒くらい待てますか？,🐶⏱️,medium,implicit,
2026-09-26,21:00,pet,threads,ペット,35℃の日、アスファルト表面温度は60℃近くまで上がることがある。結論、日中の散歩は避けて『朝5時台』か『夜9時以降』の二択でいいと思う。チェックすべきは3つだけ。①手の甲を5秒地面につけて熱くないか②肉球の色や歩き方に違和感がないか③水分補給用のボトルを常に携帯しているか。この3つを守るだけで熱中症リスクはかなり下げられる印象。みなさんは散歩の時間、いつにずらしてますか？,🌡️🐾,high,implicit,
2026-09-26,07:00,sleep,threads,睡眠,"結論、夜中に何度も目が覚めるなら“質問”より先に“室温”を疑ったほうがいいと思う。
チェックリスト
・寝室が27℃以下か
・除湿は40〜60%目安になっているか
・扇風機の風が体に直接当たっていないか
一つでも当てはまらないなら、まずそこから見直すのが近道。今の時期、何度目が覚める？",🌙💦,high,implicit,
2026-09-26,12:00,sleep,threads,睡眠,"結論、お盆休みで夜型になった人は、今が一番戻しにくい時期だと思う。
観察していると崩れがちなのはこの2パターン
・起床時間だけ元に戻して就寝時間はそのまま
・寝る前のスマホ時間だけ伸びたまま
休み明け、みんなはどう立て直してる？",🌅📱,medium,implicit,
2026-09-26,19:00,sleep,threads,睡眠,入眠までの目安は10〜20分。30分以上かかる日が続くなら、寝具より先に環境を疑ったほうがいいというのが私の考え。チェックすべきは3つだけ。①寝る1時間前のスマホ②寝室の温度③寝る直前の入浴タイミング。今の暑い時期は①②の影響が特に大きいと感じている。あなたはこの3つのうち、どれが一番崩れやすい？,🌙💤,high,implicit,
2026-09-26,21:00,sleep,threads,睡眠,結論、寝苦しい夜に安眠グッズを増やすより先にやることがある。それは『室温を下げる』の一択だと思っている。手順はシンプル。①就寝1時間前にエアコンを26〜27℃設定②寝る直前の熱いシャワーはNG、ぬるめの湯船かシャワーのみ③掛け布団は接触冷感素材に変える。この3つを順番通りにやるだけで体感はかなり変わるという声をよく見かける。今夜、この中でどれから試せそう？,🌡️😴,high,implicit,
2026-09-27,07:00,konkatsu,threads,婚活,"結論、婚活で本気度を見るべきは「学歴」より「質問の数」だと思う。
先週、婚活パーティー会場のロビーで順番待ちをしていた2人の会話が耳に入った。
一方はプロフィールの年収や勤務先ばかり確認し、もう一方は相手の休日の過ごし方を3つも質問していた。
■本気度が高い人に共通する質問の傾向
・相手の「好きなもの」を聞いているか
・条件確認より過去のエピソードを聞いているか
・沈黙の後も会話を続けようとしているか
条件を聞く人より、好きなものを聞く人の方が、関係が進みやすいと感じている。
直近のデートで「質問攻めだったな」と感じた瞬間、ありましたか？",🤔📝,high,implicit,
2026-09-27,12:00,konkatsu,threads,婚活,"私は、婚活が停滞する一番の原因は「年収」より「審査モードが抜けないこと」だと思う。
最初はときめきで会っていたはずなのに、3回目あたりから急に条件確認モードに切り替わる人を何人も見てきた。
■審査モードに入っているサイン
・会話の8割が確認作業になっている
・相手の弱みより強みばかり探している
・楽しかった記憶より条件の一致率で判断している
審査を忘れられた瞬間からしか、関係は前に進まないと考えている。
最近のデートで、つい確認モードになってしまった瞬間はありましたか？",💭✅,high,implicit,
2026-09-27,19:00,konkatsu,threads,婚活,"婚活中の人の話を聞いていると、プロフ写真で一番差が出るのは加工より表情だと感じる。
結論、自己紹介文の雰囲気と写真の表情が一致していないと不成立になりやすい気がする。
■見直しポイント
・自然光で撮っているか
・口角より目が笑っているか
・年齢に見合った雰囲気か
プロフ迷子、意外と多い印象。みんなは写真何枚使ってる？",👀,medium,implicit,
2026-09-27,21:00,konkatsu,threads,婚活,"婚活で一番もったいないのは、最初の「楽しみ」が数ヶ月で「条件確認」に変わることだと思う。私は、会話の中心が年収や実家の話ばかりになったら一度立ち止まる派。

■審査モードに入っているサイン3つ
・話題の中心が「年収・職種・実家・将来設計」に偏っている
・LINEの文面が事務連絡っぽくなっている
・会う前から次の候補を探し始めている

この3つに当てはまったら、条件より「一緒にいて楽か」を見直すタイミングかもしれない。
あなたはどんな瞬間に審査モードに気づく？",💍🔍,high,implicit,
2026-09-27,07:00,sidejob,threads,副業,"住民税の『20万円以下なら申告しなくていい』は、所得税だけの話。私は副業収入の金額に関わらず、住民税の申告はする派です。
確定申告のときにチェックしておきたいのはこの3点。
・確定申告書 第二表の『住民税に関する事項』欄
・徴収方法が『普通徴収』になっているか
・提出前に控えを1部残しておく
これだけで会社に知られる不安はかなり減らせます。
みなさんは毎年、どちらを選んでいますか？",🧾✅,high,none,
2026-09-27,12:00,sidejob,threads,副業,"副業アカウントが伸び悩む一番の原因は、発信テーマがブレていることだと思っています。私は『1テーマ1切り口』を徹底する派です。
見直すべきチェックはこの3つ。
・プロフィールで発信テーマが一言で伝わるか
・投稿ごとにテーマが変わっていないか
・手順や基準など保存したくなる実用情報が入っているか
これだけで反応の土台が変わることが多いです。
みなさんは発信テーマ、何で絞っていますか？",📌,medium,implicit,
2026-09-27,19:00,sidejob,threads,副業,"結論、副業は「単価の高さ」より「再現性」で選んでいい。
単価だけで案件を選ぶと、続かないケースが多い印象。
私が案件を判断する基準は次の5つ。
✅ 週5時間以内で完結するか
✅ マニュアル化できる作業か
✅ 単発でなく継続案件があるか
✅ クライアントとの連絡頻度が多すぎないか
✅ 身につくスキルが翌月以降も使い回せるか
この基準に当てはまらない案件は、単価が高くても長続きしにくいと感じています。
今やってる副業、この5つに何個当てはまりますか？",✅📝,high,implicit,
2026-09-27,21:00,sidejob,threads,副業,"体感で言うと、副業が続かない人の共通点は「毎日更新」をノルマにしていること。
逆に半年以上続けられている人ほど、最初から「週3日でいい」とハードルを下げている印象がある。
理由はシンプルで、一度更新が止まると再開のハードルが一気に上がるから。
私は投稿頻度より「破綻しない仕組み」を優先する派です。
毎日更新、まだ続けられていますか？",🗓️💭,medium,implicit,
2026-09-27,07:00,beauty,threads,美容,"肌がゆらいでいるサイン、私は3つだけ見れば十分だと思っている。
①いつもより赤みが出やすい
②化粧水がしみる
③皮膚科で「肌が薄い」と言われたことがある
どれか1つでも当てはまる人は、攻めのケア（レチノール・酸系）を毎日から週2〜3回に落として、保湿を厚めにするだけで印象が変わることが多いらしい。
攻めと守り、今どっちを優先してますか？",🌿✨,high,implicit,
2026-09-27,12:00,beauty,threads,美容,肌がゆらいでいるサインは、実は3つだけ覚えておけば十分だと思っている。①化粧水がしみる②いつもより赤みが出やすい③皮膚科で「乾燥・バリア機能が低下」と言われた。結論、1つでも当てはまったら攻めケア（レチノールや酸系）は週1〜2回まで落として、保湿を厚めにするだけで扱いやすくなる、という印象がある。今の時期、当てはまる人ってどのくらいいるんだろう？,🧴✋,high,implicit,
2026-09-27,19:00,beauty,threads,美容,"結論、スキンケアは「順番」より「温度」で変える方が肌に合うと思っている。
夏は化粧水を体温に近づけてから重ね付け、冬は乳液を早めに足して蒸発を防ぐイメージ。
チェックしたいのは①肌がつっぱる時間帯②メイクがヨレる場所③週末の肌荒れ頻度、の3つ。
1つでも当てはまったら、季節ごとに順番を見直すサインだと思う。
みんなは季節で使う順番、変えてる？",🧴☀️❄️,high,implicit,
2026-09-27,21:00,beauty,threads,美容,"レチノールは毎日より、週3〜4回+保湿多めの方が続けやすいと思っている。
肌がゆらいでいるサインは次の3つ。
①いつもより赤みが出やすい
②化粧水がしみる
③皮膚科で「乾燥・薄い」と言われたことがある
1つでも当てはまるなら、頻度を落として保湿を厚くするのも選択肢だと思う。
毎日派？休み休み派？コメントで教えて",🌙✨,high,implicit,
2026-09-27,07:00,bodymake,threads,筋トレ,"停滞期に入ったとき、種目を増やす前に見直されがちなポイントをメモ。
① 睡眠時間が最近削れていないか
② 同じ重量・回数が何週も続いていないか
③ 体重の変化に対して食事量が合っているか
この3つから確認する、という考え方があるらしい。
みんなは停滞期、まず何から見直す？
📝",📝,high,implicit,
2026-09-27,12:00,bodymake,threads,筋トレ,体重×1.5gのタンパク質量、いきなり計算しなくていい。私が続けているのは「卵1個＋納豆1パック」を毎日の食事に固定で足すだけのルール。数字を追うより“いつもの食事に1品足す”方式の方が続く気がしている。今日の食事、あと何を足せそう？,🥚,medium,implicit,
2026-09-27,19:00,bodymake,threads,筋トレ,結論、忙しい日ほど「10分メニュー」でいいと思っている。私が実践しているのはスクワット10回・腕立て10回・プランク30秒の3つだけ。完璧な60分より、ゼロの日を作らないことの方が半年後の差になる気がしている。あなたが忙しい日に削るなら、種目？時間？それとも回数？,💪🏠,high,implicit,
2026-09-27,21:00,bodymake,threads,筋トレ,私は「タイミングより合計量」派。筋トレ後30分以内にこだわるより、朝・昼・夜でタンパク質を1品ずつ足す方が結局続く。目安は卵1個・納豆1パック・ヨーグルト1個をそれぞれ別の食事に足すだけ。細かい計算より『足す習慣』を先に作る方が挫折しにくいと感じている。みんなはタイミング重視？合計量重視？,🍳⏱️,high,implicit,
2026-09-27,07:00,education,threads,教育,"結論、子どもの『できない』への返しは、否定せず現在地を示す一言に変えるだけで反応が変わると感じています。
私が意識しているのは3段階の言い換えです。
・否定しない→「まだ途中だね」
・現在地を示す→「ここまではできてるね」
・次に繋げる→「次はここをやってみようか」
この順番を守るだけで表情が変わることがあります。
みなさんが使っている言い換え、コメントで教えてください。",📌,high,implicit,
2026-09-27,12:00,education,threads,教育,"結論、子どもの「できない」への返しは具体性一択だと思っています。
・「まだできてないだけ」→現在地の言い換え
・「ここまでできてるね」→進捗の可視化
・「一緒に考えてみようか」→伴走宣言
保存版チェックリストとして使ってみてください。他に使っている言い換え、あれば教えてください。",📌✏️,high,implicit,
2026-09-27,19:00,education,threads,教育,"結論、子どもの「できない」への返しは、行動を主語にすると変わると思う。
私は「あなたはできない」ではなく「このやり方がまだ合ってないだけ」と伝える派です。
・成果より途中経過を認める
・他の子と比較しない基準を先に決めておく
・次の一歩だけを具体的に提案する
保存版のつもりで書きました。皆さんが実際に使ってる言い換え、どんなのがありますか？",📝,high,implicit,
2026-09-27,21:00,education,threads,教育,"結論、ロボット教室とプログラミング教室は「入り口」で選べば失敗しにくいと思う。
私は、手を動かすのが好きな子にはロボット、画面の中で完結させたい子にはプログラミングを勧める派です。
判断の目安：
・工作や分解が好き→ロボット系
・ゲームや動画を作りたい→プログラミング系
・両方好きそう→まずは両方の体験だけ受けてみる
どちらのタイプか、迷ってる人はお子さんの普段の遊び方どっちに近いですか？",🤖,high,implicit,
2026-09-27,07:00,setsuyaku,threads,節約,"結論、節約はまず固定費から。食費を削るのは一番最後でいい。
通信費・サブスク・保険の3つは、一度見直せば効果がずっと続くのが強み。
手順はシンプル↓
1) 契約中のサブスクを全部書き出す
2) 直近1ヶ月使っていないものを解約
3) 保険の保障内容が重複していないか確認
食費や外食を我慢するより、心理的なストレスが少ないのが固定費見直しの良いところ。
みんなは固定費、最後に見直したのいつ？",🏠📝,high,implicit,
2026-09-27,12:00,setsuyaku,threads,節約,"結論、節約で家庭がギスギスするのは『我慢の分担』がズレてるだけだと思う。
サブスクは放置なのに子どものおやつだけ削られる、みたいな家庭は意外と多い。
削る前にやっておきたいこと↓
・家族それぞれの『削れそうなもの』を出し合う
・一人にだけ我慢を集中させない
・小さな楽しみは最後まで残す
節約は根性より仕組みで続ける方が長持ちする気がしている。
うちはこうしてる、という工夫があれば教えてほしい。",👨‍👩‍👧🍰,medium,implicit,
2026-09-27,19:00,setsuyaku,threads,節約,"電気・ガス・水道の明細、先月分と見比べたことありますか？

同じ生活スタイルでも季節や使い方のクセで数百円〜千円単位の差が出ていることがあります。

私は「先月比」を見る習慣をつけてから、無駄遣いに気づきやすくなりました。

みなさんは光熱費、どのタイミングでチェックしていますか？",💡📊,medium,implicit,
2026-09-27,21:00,setsuyaku,threads,節約,サブスク、平均5個以上契約してる人が多いらしい。私は「年1回、全部書き出して先月の利用回数がゼロなら即解約」をルール化するのが一番効くと思う派。①契約中サービスを紙に書き出す②先月使った回数を書く③ゼロなら解約、これだけで固定費は減らせる。今月見直した人、何個解約できた？,📝,high,implicit,
2026-09-27,07:00,tenshoku,threads,転職,"20代の転職記事を読んでいると、「職務経歴書の添削」や「模擬面接」まで書く支援と、求人紹介が中心の支援が混在している。

整理した観点:
1. 支援の範囲が公開ページに書いてあるか
2. 対象（第二新卒／既卒／フリーター）が自分と重なるか
3. 無料の範囲がどこまでか

あなたが先に確認したいのは、支援の中身と対象、どちらですか？",📝,medium,implicit,
2026-09-27,12:00,tenshoku,threads,転職,"20〜30代向けの転職エージェントをいくつか調べると、「成長企業」と書くところと「求人数」と書くところに分かれる印象があった。

比較するときに見ていたのは3つ。
・対象年齢が公開ページに書いてあるか
・入口が登録か、面談か
・無料の範囲がどこまでか

今の自分は、情報収集と応募のどちらが先だと思いますか？",🗂️,medium,implicit,
2026-09-27,19:00,tenshoku,threads,転職,"採用側の視点として、書類選考で見られやすいポイントは「年齢」だけでなく「マネジメント経験の有無」や「新しく学んでいること」だとよく言われます。

特に最近はAIなど、業務外での学習をアピールする人が増えている印象です。

保存しておくと、職務経歴書を見直すときに役立つかもしれません📝",📝,high,implicit,
2026-09-27,21:00,tenshoku,threads,転職,"「石の上にも3年」って、まだ信じてますか？
最初の会社は我慢の場所だと思っていた人ほど、体調に変化が出てから初めて気づくことが多いようです。
続けることが正解とは限らない環境、意外と多いのかもしれません。
あなたの周りにも、そんな話ありますか？",🤔💭,high,implicit,
2026-09-27,07:00,pet,threads,ペット,"うちの猫、掃除機をかけた日は決まって半日ふてくされてる。もう3年目だけど毎回同じ反応。

私は正直、掃除機のタイミングは猫の機嫌優先派。多少部屋が汚くても、猫が隠れて出てこない時間を作らない方が結果的にストレス少ないと思ってる。

音に敏感な子への対策、うちでやってるのは
・掃除機前におやつで別室に誘導
・掃除の直前に一声かける
・終わったらすぐ横に座って様子を見る

これくらいで様子見の時間は結構減った。

みんなの子は掃除機、平気なタイプ？それとも即逃走タイプ？",🐱🧹,high,implicit,
2026-09-27,12:00,pet,threads,ペット,"月の餌代、犬猫1匹あたり5,000〜8,000円が「普通」だと思ってる。これより極端に安い場合は原材料を一度見直した方がいいと感じる。

私はコスパより「原材料の最初の3つが何か」を優先派。安さだけで選んで体調を崩された経験があるので、そこは譲れないラインにしてる。

選ぶときにチェックしてる基準はこの3つ。
① 主原料が穀物メインじゃないか
② 添加物表記がシンプルか
③ 年齢・体重に合った粒サイズか

この基準にしてから、うちの子は毛艶と便の状態が安定した。

餌選び、みんなは価格重視？成分重視？",🐾🍖,medium,implicit,
2026-09-27,19:00,pet,threads,ペット,"結論、フード選びで一番見るべきは「原材料表示の順番」だと思っている。

最初の3つに肉・魚由来のタンパク源が入っているかで、だいたいの品質は判断できる。

保存版チェックリスト↓
□ 原材料の1〜3番目にタンパク源があるか
□ 添加物の種類が多すぎないか
□ 便の状態（硬さ・匂い）が切り替え後2週間で安定したか
□ 粒の大きさが顎の力に合っているか

毎回パッケージ裏を見返すのが面倒な人向けの基準です。

みなさんはフード選びで一番重視してる項目、何ですか？",🐾📋,high,implicit,
2026-09-27,21:00,pet,threads,ペット,"猫が急に飼い主の膝から降りて、少し離れた場所で丸くなるのは「嫌い」じゃなくて「安心してる証拠」だと思っている。

ベタベタ甘えるだけが愛情表現じゃなくて、視界に入る距離で寛いでいること自体が信頼のサインというのが私の見方。

同じ空間にいるのに触れ合わない時間、うちのコだけかと思ってたけど意外とあるあるらしい。

猫飼いのみなさん、この「つかず離れず」感じたことあります？",🐈,medium,none,
2026-09-27,07:00,sleep,threads,睡眠,"結論、入浴は寝る90分前が一番効果を感じやすいと思っています。私は「90分前入浴派」。理由は体温が下がり始めるタイミングと、入眠に向かう体内リズムが噛み合うから。
今日からできる3ステップ↓
①38〜40度で10〜15分浸かる
②上がったらすぐ靴下を脱ぐ
③照明を落として画面を見ない
これだけで寝つきが変わったという声、よく見かけます。あなたは何分前派ですか？",🛁🌙,high,implicit,
2026-09-27,12:00,sleep,threads,睡眠,"室温は18〜20度が睡眠の質に一番影響すると感じています。私は「寒め設定＋厚手ブランケット派」。エアコンをタイマーで切って朝方に室温が上がり、中途覚醒するという相談が地味に多いです。
チェックリスト↓
・就寝時は18〜20度に設定
・タイマーではなく朝までつけっぱなしが安定
・掛け布団は薄手を2枚で微調整
今の寝室、何度に設定してますか？",🌡️😴,high,implicit,
2026-09-27,19:00,sleep,threads,睡眠,"結論、夜中に何度も目が覚めるのは「気にしすぎ」より先に室温と光を疑ったほうがいい派です。
目安にしているチェックはこの3つ↓
①寝る1時間前は暖色照明に切り替えているか
②布団の中の温度が高すぎないか
③起床時刻を平日休日で大きくズラしていないか
どれか当てはまる人、地味に多いはず。あなたはどれが一番怪しいと思う？",🌙💤,high,implicit,
2026-09-27,21:00,sleep,threads,睡眠,"最近「夜中に3回以上目が覚める」という声をよく見かける。私はこれ、スマホより『布団の中で考え事をする時間』の影響のほうが大きいと思っている派です。
試している人が多い対策はシンプルで、
・寝る前に『明日やること』を紙に書き出す
・布団に入ったら考え事を一旦保留にする
これだけで中途覚醒が減ったという話をよく聞きます。同じタイプの人いる？",🛌📝,medium,implicit,
2026-09-28,07:00,konkatsu,threads,婚活,"先週、電車で隣に座った2人の会話が最後まで敬語のままだったのを見かけた。私は、3回目のデート以降も敬語や距離感が変わらない相手とは、進展が鈍いことが多いと感じている。

■距離感が縮まっているかの判断基準
・下の名前や愛称で呼べているか
・沈黙があっても気まずくないか
・LINEの返信が短文でも成立しているか

条件よりも先にこの「距離感」を見たほうが、後の失敗が減る気がしている。
あなたは何回目のデートで距離感の変化を感じる？",🚃💬,medium,implicit,
2026-09-28,12:00,konkatsu,threads,婚活,"結論、婚活が長引く人の多くは「審査モード」に入り込んでいると感じる。条件確認から入るほど、相手も身構えて距離が縮まらない。

■審査モードに入っているサイン3つ
・初対面でいきなり年収/実家/将来設計を聞く
・沈黙が怖くて質問攻めになる
・LINEが「今度会いましょう」で止まり日程を詰めない

私は「面接官をやめた瞬間に、婚活は前に進む」派。条件を通過した先に好意があるのではなく、条件を忘れた瞬間に好意が生まれるものだと思う。

あなたは直近のデート、趣味の話に何分使えた？",💍🤔,high,implicit,
2026-09-28,19:00,konkatsu,threads,婚活,"結論、同棲の話し合いは「言葉が同じでも意味が違う」ことが多いと思う。

先日、地下鉄で隣になった20代後半くらいの2人の会話がふと耳に入った。「一緒に住もう」という同じ一言に対して、片方は現状維持のつもりで、もう片方は結婚への準備のつもりで話しているように聞こえた。

■同棲前にすり合わせておきたい3つ
・同棲のゴール（結婚時期）をいつまでに話すか
・生活費・家事の分担ルール
・将来の話題が出たときの反応を観察する

私は「同棲の意味は、言葉より態度で確認するべき」派。

あなたは同棲、通過点派？それとも結婚への準備派？",🏠💬,high,implicit,
2026-09-28,21:00,konkatsu,threads,婚活,"結論、婚活で停滞する人の多くは「審査モード」に入りすぎていると感じる。
最初は『どんな人だろう』だったのに、気づけば年収・学歴・実家の話ばかり聞いていないだろうか。
私は、条件確認より先に『素の自分が出せる相手かどうか』を見る派。
■審査モードに入っているサイン
・沈黙が怖くて質問攻めになる
・LINEが用件だけのやり取りに変わる
・会うたびに品定めされている感覚が強くなる
一つでも当てはまったら、条件リストより会話の中身を見直した方がいいと思っている。
あなたは今、どちらのモードだと思う？",💍📝,high,implicit,
2026-09-28,07:00,sidejob,threads,副業,"結論、副業を選ぶ基準は「単価」より「再現性」だと思う。

高単価でも自分にしか売れないスキルは長続きしにくい。逆に単価が低くても、毎回同じ手順で数字が読める仕組みの方が結果的に続けやすいと感じる。

副業を選ぶ前に見るチェックリスト
・作業時間が毎回大きくブレないか
・自分が休んでも仕組みが回るか
・成果が数字で見える仕組みか

これに当てはまらない副業は、始める前に一度立ち止まった方がいいと思う。

みんなは副業選びで何を一番重視してる？",📝✅,high,implicit,
2026-09-28,12:00,sidejob,threads,副業,"丁寧に書きすぎた投稿ほど伸びない、というのは副業アカウントを見ていてよく感じること。

長文で背景から説明するより、3行で言い切る投稿の方が反応が良い印象がある。通勤時間にサッと読める分量に収まっているかどうかは、地味だけど大きな差になっている気がする。

短く言い切る投稿の型
・1行目で結論を言う
・2行目で理由をひとつだけ添える
・3行目で行動か問いで締める

丁寧に書きすぎて逆に反応が伸びなかった経験、心当たりある人いる？",✂️💭,medium,implicit,
2026-09-28,19:00,sidejob,threads,副業,"結論、初心者が最初に手を出すべき副業は「在庫を持たない系」だと考えています。
判断基準はシンプルに3つ。①初期費用1万円以下②即日撤退できる③スキマ時間で完結する。
この3条件を満たさない副業話は、契約前に一度立ち止まる価値があると思います。
あなたが今検討している副業、この基準に当てはまりますか？",📝✅,high,implicit,
2026-09-28,21:00,sidejob,threads,副業,"副業を始めて早期にやめる人に共通するのは、「完璧な準備」を先にやろうとする傾向だと感じています。
私は「まず小さく1件動いてから改善する」派です。
準備期間が長くなるほど、実行に踏み出す心理的ハードルが上がっていく現象、周りで見かけませんか？",💭🔍,medium,implicit,
2026-09-28,07:00,beauty,threads,美容,"結論、秋の乾燥対策は「化粧水の量」より「重ねる回数」がカギだと思う。
チェックしてほしいポイントは3つ。
①肌がつっぱる時間帯が朝か夜かで違うか
②メイクのヨレが増えたか
③使うアイテムを季節で変えているか
1つでも当てはまるなら、量を増やす前に重ねづけの回数を見直すのがおすすめ。
秋の乾燥、対策変えた人います？",🍂✨,high,implicit,
2026-09-28,12:00,beauty,threads,美容,"私は「毛穴パック」より「保湿の均一化」を優先する派。
乾燥した部分ほど皮脂が過剰に出て毛穴が目立ちやすくなると考えているから。
見直すポイントは2つだけ。
①Tゾーンと頬で化粧水の量を変えていないか
②夜だけ保湿して朝は省略していないか
この2つを直すだけで印象が変わったという声もよく見かける。
毛穴対策、今どうしてますか？",🔍✨,medium,implicit,
2026-09-28,19:00,beauty,threads,美容,"結論、毛穴とくすみは「隠す」より「土台から整える」ほうが長期的には楽だと思っている。
私の基準はシンプルで、①下地前に毛穴用の下地を一枚挟む②くすみは色ムラよりまず乾燥ケアを先にする③厚塗りで誤魔化す日は週1以下にする、の3つだけ。
特別な日だけ気合いを入れるより、日常の延長で整えるほうが結局続く気がしている。
あなたは「隠す派」「土台から整える派」どっち？",🧴✨,medium,implicit,
2026-09-28,21:00,beauty,threads,美容,"はっきり言うと、肌だけ頑張っても髪がパサついていると顔全体の印象がくすんで見えると思っている。
私が意識しているのは、①乾かす前にオイルを一滴つける②アイロン前も同じ工程を挟む③ディープトリートメントは週1回だけ、の3ステップだけ。
肌の透明感を仕込む前に髪のツヤを仕込んだほうが、写真の伸びが早い気がしている。
今、肌ケアと髪ケア、時間をかけているのはどっち？",💇‍♀️✨,medium,implicit,
2026-09-28,07:00,bodymake,threads,筋トレ,"結論、タンパク質は体重×1.2gで十分だと思っている。厳密に計算するより「今日どれだけ実行できたか」の方が重要。
続けやすさの基準は①朝に卵か納豆を1品追加②間食を加工食品からゆで卵やヨーグルトに変える③体重は2週間単位で見る、の3つだけ。
量より継続、どっちを優先してる？",🥚💪,high,implicit,
2026-09-28,12:00,bodymake,threads,筋トレ,"筋トレより睡眠を優先する、が私の結論。追い込んだ日ほど回復が遅れている人を見ていると、そう感じる。
チェックしたいのは①就寝1時間前はスマホを置く②筋トレは就寝3時間前までに終える③入浴で深部体温を上げすぎない、の3つだけ。
あなたは何時間睡眠を目標にしてる？",😴🛏️,high,implicit,
2026-09-28,19:00,bodymake,threads,筋トレ,"結論、筋トレの伸び悩みは「追い込み不足」より「寝不足」が原因なことが多いと感じている。
📝睡眠チェックリスト
□ 就寝1時間前はスマホを触らない
□ 就寝時刻を毎日そろえる
□ 起床後にタンパク質を摂る
□ 週2回は7時間以上眠る
ここで2つ以上×がついた人は、フォーム改善より先に睡眠を整える方が結果につながりやすい気がしている。
あなたは何個当てはまった？",😴📝💪,high,none,
2026-09-28,21:00,bodymake,threads,筋トレ,"私はタイミングより「1日の合計摂取量」を優先する派です。
体重×1.6g前後を目安に朝昼晩で分けて摂る方が、30分以内のゴールデンタイムを狙うより現実的に続けられると感じている。
📋今日から試せる分け方
・朝：卵or納豆
・昼：鶏むねor魚
・夜：プロテインor豆腐
厳密さより『今日も合計は届いた』の積み重ねが継続の鍵な気がしている。
あなたはタイミング派？合計量派？",🍳📋⏱️,high,none,
2026-09-28,07:00,education,threads,教育,"結論、宿題タイムは「机に向かう時間の長さ」より「始めるまでのハードルの低さ」を優先した方がうまくいくと感じている。
声かけで意識しているのは次の3つ。
①「10分だけやろう」と時間を区切る
②最初の1問だけ一緒に解く
③終わったら丸つけより先に「お疲れさま」を言う
完璧な計画より、始めやすさを優先する家庭の方が続いている印象がある。
あなたの家庭は、始める工夫と終わる工夫、どちらを重視していますか？",📝✏️,high,implicit,
2026-09-28,12:00,education,threads,教育,"私は「通知表の点数」より先に「本人が一番頑張ったと思う教科」を聞く派です。
点数だけを見ると、努力が結果に出なかった教科がどうしても目に入りにくい。
先に本人の実感を聞いてから点数を見ると、声のかけ方が変わってくる。
点数の話は、そのあとでいい。
みなさんは、点数と本人の実感、どちらを先に聞きますか？",🗣️📖,high,implicit,
2026-09-28,19:00,education,threads,教育,"通信制高校を調べると、オンラインと通学を両方持つところがあるらしい。

資料請求前に見ていた点は3つ。
・授業の受け方
・相談窓口の有無
・費用の内訳が資料で分かるか

進路の候補に、通信制は入っていますか？",📚,medium,implicit,
2026-09-28,21:00,education,threads,教育,"幼児教室と小学校受験の教室をいくつか調べると、「無料体験の予約」が入口のものがあるらしい。

体験の前に見ていた点は3つ。
・対象年齢が公開ページに書いてあるか
・体験が無料か
・受験対策の範囲がどこまでか

習い事の候補に、教室型は入っていますか？",📚,medium,implicit,
2026-09-28,07:00,setsuyaku,threads,節約,節約って我慢することだと思われがちだけど、私は逆だと思う派。通信・保険・サブスクみたいな固定費を一度整えれば、あとは我慢ゼロで自動的に浮き続ける。逆に食費や外食を削る方法は継続コストが高くて挫折しやすい。あなたが最初に見直すなら、通信費・保険・サブスクのどれから手をつける？,💡,medium,implicit,
2026-09-28,12:00,setsuyaku,threads,節約,"結論、ふるさと納税は9月中に済ませておくべき派です。

2026年10月から返礼品の地場産品基準が厳格化され、家電や域外加工の食品などが対象から外れる可能性があるとされています。欲しい返礼品が決まっている人ほど先延ばしは損になりやすいです。

寄付前にチェックしたい3点↓
✅ 欲しい返礼品が『地場産品基準厳格化』の対象カテゴリか確認
✅ 上限額シミュレーターで控除枠を再確認
✅ 決済方法（クレカ・キャッシュレス）でポイント上乗せがあるか比較

制度が変わるたびに『前のルールのまま』損している人、意外と多い印象です。
みなさんは今年、もう寄付済みですか？",🍤✅,high,implicit,
2026-09-28,19:00,setsuyaku,threads,節約,"結論、固定費の見直しは『通信費→保険→サブスク』の順でやるのが効率いい派です。

理由はシンプルで、通信費は一度見直せば手間なく効果が数年続くから。保険やサブスクは見直しに時間がかかる割にリターンが小さいことが多いです。

見直し前のミニチェックリスト↓
✅ 直近3ヶ月の携帯代の平均額を出す
✅ 使っていないサブスクを1つでも洗い出す
✅ 保険は『同じ保障で安いプランがないか』だけ確認

完璧を目指すと疲れて続かないので、まず1項目だけでいいと思っています。
みなさんが最初に手をつけるならどれですか？",📱💡,medium,implicit,
2026-09-28,21:00,setsuyaku,threads,節約,"結論、固定費は「通信→保険→サブスク」の順で見直すのが一番効率がいいと思っている。

理由は単純で、この3つは一度見直せば毎月ずっと効果が続くから。

見直す時に自分がチェックしてる基準はこの3つだけ。
①使ってる機能を実際に使っているか
②同条件でもっと安いプランがあるか
③解約・変更の手間が数千円以上の価値に見合うか

節約系の発信をしてると「頑張って我慢する」系のアドバイスが多いけど、個人的には我慢より仕組みを変える方がラクだし続くと感じてる。

みんなは固定費、どこから手をつけた？",💡📱,high,implicit,
2026-09-28,07:00,tenshoku,threads,転職,"2026年、育児・介護休業法の改正で「小学校3年生まで時短勤務が可能」になった会社、実はまだ知られていません。
求人票だけでは分からない“制度の運用実態”こそ、会社選びで見落とされがちなポイントかもしれません。
面接で聞いてよかった質問、ある人は教えてください🙏",📋✨,high,implicit,
2026-09-28,12:00,tenshoku,threads,転職,"面接で落ちる人の多くは「逆質問」で損してると思う。
私はこれまで採用側・支援側の両方を見てきたけど、ここを軽視してる人が本当に多い。

チェックしてほしいのはこの3つ：
・給与や休暇の確認だけで終わっていないか
・入社後にどう貢献したいかを語れているか
・面接官の反応を見て一段深掘りできているか

どれか1つでも欠けると、印象は一気に薄くなる。

あなたは逆質問、何を準備してる？",📝✅,high,implicit,
2026-09-28,19:00,tenshoku,threads,転職,"「今の会社が嫌」だけで転職活動を始めると、正直うまくいかないケースが多いと感じている。

私が見てきた中で、うまくいっている人には共通点があった。
・辞めたい理由より「叶えたい条件」を先に言語化している
・年収だけでなく働き方の優先順位が決まっている
・応募前の自己分析にちゃんと時間をかけている

逆に勢いだけで書類を出す人ほど、入社後にミスマッチを感じやすい印象がある。

今の転職理由、「逃げ」より「叶えたいこと」で言えてる？",💭🔍,high,implicit,
2026-09-28,21:00,tenshoku,threads,転職,"面接で給与交渉をしない人がまだ8割くらいいる気がする。
私は「交渉しない方がリスク」派。

交渉するタイミングの基準はこの3つだけ見てる。
①内定通知後、入社日確定前
②他社オファーがある場合は先に開示
③希望額は根拠（前職給与・市場相場）とセットで出す

これだけでも印象は悪くならないし、下がることはほぼない。

みんなは給与交渉、したことある派？しない派？",💬📈,high,implicit,
2026-09-28,07:00,pet,threads,ペット,"結論、初心者ほど多頭飼いより先に「通院費の備え」を整えるべきだと思う。保険の有無で、通院するかどうかの判断が変わる場面をよく見かける。

【通院前チェック】
・年1回の健康診断予定はあるか
・通院費の上限額を決めているか
・持病の有無を把握しているか

これだけで「まさかの通院」への心構えがかなり変わる、というのが個人的な結論。みなさんは通院費の目安、決めていますか？",🐾🏥,medium,none,
2026-09-28,12:00,pet,threads,ペット,"うちの子が季節の変わり目にフードを残す——これ、あるあるだと思う。結論、フードを変える前にまず「量」を見直すのが先。

【原因を絞る3チェック】
1) 体重の増減
2) おやつの量
3) 運動量の変化

これで大体の原因は絞れる、というのが観察してきた実感。みなさんの子は食欲の波、どう対策してますか？",🐶🍚,medium,none,
2026-09-28,19:00,pet,threads,ペット,"ドッグフードのパッケージ、私は上位3つの原材料しか見ていません。それで十分と思う派です。
選ぶときに確認しているポイントはこの3つです。
・主原料が肉や魚など動物性たんぱくか
・添加物表記が少ないか
・年齢や体重に合わせたカロリー設計になっているか
細かい成分表より、この3点で十分な差が出ると感じています。
みなさんはフード選びで最初にどこを見ますか？",🍖🐾,high,implicit,
2026-09-28,21:00,pet,threads,ペット,"保護犬を勧めるかどうか、私は「飼い主の経験値次第」で分ける派です。
初めて犬を迎える人には、まず性格や病歴が把握しやすいブリーダーや里親会経由の子をすすめることが多いです。反対に、一度でも犬と暮らした経験がある人には、保護犬の相性の良さを伝えることが多いです。
どちらが正しいという話ではなく、経験値によって向き不向きがあると感じています。
みなさんは保護犬派・ブリーダー派、どちらですか？その理由も聞いてみたいです。",🐕💭,high,implicit,
2026-09-28,07:00,sleep,threads,睡眠,"結論、寝る前90分のスマホ断ちが一番コスパの良い睡眠改善策だと思う。

私は『デジタル門限』と呼んで人に勧めている。

やることはシンプル：
・22:30以降は通知オフ
・照明は暖色系に切り替え
・ベッドでは本かストレッチのみ

これだけで『布団に入ってからのスマホ時間』が減り、入眠までの体感時間が短くなったという声が多い。

みんなは寝る前、何時にスマホを手放してる？",📱🌙,high,implicit,
2026-09-28,12:00,sleep,threads,睡眠,"夜中に『明日ちゃんと起きられるかな』と不安になって、逆に目が冴えた経験がある人は多いはず。

私はこの手の不安は『予定への責任感の裏返し』だと思っている。だから無理に寝ようとせず、一度アラームを2つ確認するだけで安心して眠れることが多い。

完璧に寝ようとするより、『最低限起きられる保険』を作る方が結果的に眠りやすい派です。

みんなは寝る前、そういう不安どう対処してる？",⏰😌,high,none,
2026-09-28,19:00,sleep,threads,睡眠,"結論、寝る1時間前のスマホは「明るさ」より「情報量」が問題だと思ってる。
脳が“処理待ちの情報”を抱えたまま横になると、光を落としても入眠が長引く。
私が試して良かった基準は3つだけ。
①通知は音もバイブも切る
②SNSは開いても「見る専用」にしてコメントしない
③ベッドに入ったらスマホは手の届かない場所に置く
これだけで「あれこれ考えて寝れない」時間が減った人、他にもいる？",🌙📵,high,implicit,
2026-09-28,21:00,sleep,threads,睡眠,"深部体温は入浴後90分でストンと下がる。私はこの90分ルールを知ってから、入浴時間を「寝る直前」から「寝る1.5時間前」に変えた派。
体感で変わったのはここ。
・布団に入ってからの寝つきまでの体感時間が短くなった
・夜中に一度目が覚める回数が減った気がする
入浴のタイミングを変えるだけで体感が変わった経験、ある人いる？どのくらい前に入ってる？",🛁⏰,high,implicit,
2026-09-29,07:00,konkatsu,threads,婚活,"初対面から3回目のデートまでずっと敬語のまま、というのは珍しいことではないと観察している。
私は『3回目で下の名前を呼べているか』を進展の分かれ目として見ている派。
■距離感が縮まっているかのチェック
・沈黙になっても気まずくならない
・LINEの文末に絵文字や砕けた言い回しが増える
・次の予定を相手から提案してくるようになる
逆にこれが3回目を過ぎても変わらない場合、関係は仮交際のまま止まりやすいと感じている。
あなたの婚活で、距離感が変わった瞬間はどんなタイミングだった？",📏💬,medium,implicit,
2026-09-29,12:00,konkatsu,threads,婚活,"結論、婚活で本気度を見るべきは「学歴」より「質問の数」だと思う。
先週、婚活パーティー会場のロビーで順番待ちをしていた2人の会話が耳に入った。
一方はプロフィールの年収や勤務先ばかり確認し、もう一方は相手の休日の過ごし方を3つも質問していた。
■本気度が高い人に共通する質問の傾向
・相手の「好きなもの」を聞いているか
・条件確認より過去のエピソードを聞いているか
・沈黙の後も会話を続けようとしているか
条件を聞く人より、好きなものを聞く人の方が、関係が進みやすいと感じている。
直近のデートで「質問攻めだったな」と感じた瞬間、ありましたか？",🤔📝,high,implicit,
2026-09-29,19:00,konkatsu,threads,婚活,"私は、婚活が停滞する一番の原因は「年収」より「審査モードが抜けないこと」だと思う。
最初はときめきで会っていたはずなのに、3回目あたりから急に条件確認モードに切り替わる人を何人も見てきた。
■審査モードに入っているサイン
・会話の8割が確認作業になっている
・相手の弱みより強みばかり探している
・楽しかった記憶より条件の一致率で判断している
審査を忘れられた瞬間からしか、関係は前に進まないと考えている。
最近のデートで、つい確認モードになってしまった瞬間はありましたか？",💭✅,high,implicit,
2026-09-29,21:00,konkatsu,threads,婚活,"婚活中の人の話を聞いていると、プロフ写真で一番差が出るのは加工より表情だと感じる。
結論、自己紹介文の雰囲気と写真の表情が一致していないと不成立になりやすい気がする。
■見直しポイント
・自然光で撮っているか
・口角より目が笑っているか
・年齢に見合った雰囲気か
プロフ迷子、意外と多い印象。みんなは写真何枚使ってる？",👀,medium,implicit,
2026-09-29,07:00,sidejob,threads,副業,副業アプリを3つ以上掛け持ちしてる人、正直成果が分散して伸びにくいと感じる。私は「1つに集中→一定期間で反応が出なければ乗り換え」派です。乗り換えるかどうかの判断基準は3つ。①初月に実際に手を動かした時間 ②得られた反応・問い合わせ数 ③自分の得意分野との相性。増やす前に一度この3つで立ち止まってみてほしい。あなたは掛け持ち派？集中派？,📝✅,high,implicit,
2026-09-29,12:00,sidejob,threads,副業,在宅ワークの求人、応募者の多くが単価だけを見て選んでいる印象がある。私は「継続して依頼が来るかどうか」で選ぶべき派。単価が高くても更新されない案件は結局稼働ゼロになりやすい。見るべきポイントは①募集期間の長さ ②依頼主のレビュー数 ③初回対応の速さ、の3つ。単価と継続率、どちらを優先して選んでる？,🔍,medium,none,
2026-09-29,19:00,sidejob,threads,副業,"結論、副業初心者はまず「在庫を持たない」ジャンルから始めるべきだと思っています。
挑戦してすぐ挫折する人の共通点は、初期費用を先に使いすぎることです。
私が見てきた中で続きやすかった順番はこちら👇
①スキル販売（時間さえあれば元手0円）
②アフィリエイト（在庫ゼロ・発送ゼロ）
③物販（在庫リスクあり・最後に検討）
あなたが最初に選んだのはどのタイプでしたか？",👇,high,implicit,
2026-09-29,21:00,sidejob,threads,副業,"体感、副業が続かない人の8割は「毎日投稿」を目標にしすぎていると思っています。
私は質より先に「継続できる頻度」を決める派です。
挫折しやすい人によく見られる特徴はこちら👇
・初日から気合を入れすぎる
・反応がないとすぐやめる
・比較対象がいきなり月収100万円の人
まずは週2投稿を3ヶ月続けるほうが、結果的に早く積み上がります。
今の投稿頻度、少し無理していませんか？",👇,high,implicit,
2026-09-29,07:00,beauty,threads,美容,"「盛れるコスメ」より「自分に合う色」を選んだ方が結局盛れる、と最近よく思う。
私はパーツを強調するメイクより、肌なじみ優先の似合わせ盛り派。
セルフチェックは、①ファンデを頬と顎で色比べする②チークは骨格の一番高い位置に薄く③リップは唇の血色に近い色を選ぶ、の3つだけ。
パーツ盛りで浮いていた頃より、似合わせを意識してからの方が『変わったね』と言われる気がしている。
最近メイクで意識してること、ある？",💄🪞,medium,implicit,
2026-09-29,12:00,beauty,threads,美容,"結論、今話題の「再生系成分」は成分名で選ぶより、悩み別に使い分けるほうが失敗しにくいと感じています。
見ている基準は3つ→①乾燥か赤みかで系統を選ぶ②新成分は少量から試す③3週間は変化を様子見してから判断。
情報が多い時期ほど「基準を先に決める」ほうが近道だと思うのですが、みなさんは成分選びで何を一番重視していますか？",✅🧪,high,implicit,
2026-09-29,19:00,beauty,threads,美容,"私は「攻める美容医療級ケア」より「守る土台ケア」を先に固める派です。
季節の変化で肌がゆらぐという声は美容メディアでもよく指摘されています。
土台ケアの基準は3つ→①バリアを壊さない洗顔に一時切り替え②低刺激処方を選ぶ③肌が落ち着いてから攻めケアを再開。
今の時期、攻めと守りどちらを優先していますか？",🛡️🌿,high,implicit,
2026-09-29,21:00,beauty,threads,美容,"結論、乾燥小ジワ対策は「保湿の量」より「重ねるタイミング」だと思っている。
私がチェックしている基準は3つ。
①洗顔後1分以内に化粧水を1プッシュ
②乳液は手のひらで軽く温めてから伸ばす
③夜だけ保湿量を1.5倍にする
この3つのうち、1つでもやってないと乾燥が戻りやすい印象。
みなさんは重ねるタイミング、意識してますか？",🧴💧,high,implicit,
2026-09-29,07:00,bodymake,threads,筋トレ,"私は「準備の手間を先に減らす」派。
・前夜にジムバッグを玄関に置く
・着替えを枕元に用意する
・補給用のドリンクを冷蔵庫に常備する
この3つだけで、朝の重い腰がかなり軽くなったという声をよく見かける。
次の朝トレ、あなたは前夜に何を準備しておく？",🎒⏰,medium,implicit,
2026-09-29,12:00,bodymake,threads,筋トレ,結論、筋トレは週3〜4回に抑える派でいる。毎日追い込むより、部位ごとに48〜72時間の回復時間を空けたほうが、扱う重量が結果的に伸びやすいと感じている。曜日固定より「前回の筋肉痛が抜けたか」で次のトレ日を決める人が周りには多い印象。あなたは頻度、何回で回してる？,💪📅,high,implicit,
2026-09-29,19:00,bodymake,threads,筋トレ,結論、筋トレの継続力は「準備の手間を何分削れるか」で9割決まると思っている。続けられている人に共通して見えるのは①ウェアを前夜に出す②ジムバッグを玄関に置く③行った日だけカレンダーに丸をつける、の3つだけ。根性で乗り切るより仕組みを変える方が再現性が高い気がしている。あなたが取り入れてる『続く仕組み』、ひとつだけ教えて？,🗓️✅,medium,implicit,
2026-09-29,21:00,bodymake,threads,筋トレ,"結論、筋トレが続くかどうかは「最初の2週間の頻度設計」でほぼ決まると思っている。理由はシンプルで、習慣が固まる前に高頻度・高強度にすると、心身の負荷でやめやすくなるから。
続けやすい人に共通する初期設計はこの3つ。
・週2〜3回からスタートする
・同じ部位を連続で追い込まない
・「休む日」を先にカレンダーへ入れておく
この3つを外している人ほど、3週間以内に離脱しやすい印象がある。あなたは最初の2週間、どんな頻度で始めた（始める予定）？",📅💪,high,implicit,
2026-09-29,07:00,education,threads,教育,"夏休みの自由研究、テーマ決めから仕上げまで親がかなり伴走する家庭と、子どもにほぼ任せて見守るだけの家庭がある。完成度を重視するか、試行錯誤の過程を重視するかで自然と分かれるポイント。
あなたの家庭は伴走派？見守り派？",☀️,high,implicit,
2026-09-29,12:00,education,threads,教育,"子どもの「朝の準備」、声かけする派としない派で家庭の空気がだいぶ変わる。
毎朝リマインドして一緒に進める家庭もあれば、失敗も経験のうちと見守る家庭も。
どちらも『自分でできるようになってほしい』という気持ちは同じだけど、やり方は真逆になりがち。
あなたの家はどちら派ですか？",🕗,high,implicit,
2026-09-29,19:00,education,threads,教育,"小学生の「音読カード」、地味だけど見落としがちなポイント3つ。
①同じページを繰り返す日があっても問題なし、むしろ定着のサイン
②サインする欄は『聞いた時間帯』も一言添えると先生に伝わりやすい
③声の大きさより『区切って読めているか』の方がチェックポイントとして有効
保存しておくと役立つかもしれません。",📖,medium,implicit,
2026-09-29,21:00,education,threads,教育,"結論、宿題は低学年のうちは隣について見る派です。
理由はシンプルで、伴走ありのほうが「わからない」をその場で解消できるから。
うちで目安にしている切り替えラインはこの3つ。
①漢字の書き取りは3年生から一人でOK
②文章題は「式だけ一緒→計算は一人」に移行
③丸つけは学年関係なく一緒にやる
みなさんの家庭の切り替えラインはいつ頃でしたか？",📐📝,high,implicit,
2026-09-29,07:00,setsuyaku,threads,節約,"ふるさと納税、毎年12月に慌てて申し込む人が多いけど、私は「夏〜秋のうちに上限額だけ計算しておく派」。

理由は、年末は返礼品の人気商品が売り切れやすいから。

上限額を計算する時に見てる項目はこれだけ。
・今年の給与収入（見込みでOK）
・扶養家族の人数
・他の控除（iDeCoやふるさと納税以外の寄付）の有無

この3つが分かれば、シミュレーターでだいたいの上限は出せる。

毎年ギリギリで焦る人、意外と多くない？",🍅📝,medium,implicit,
2026-09-29,12:00,setsuyaku,threads,節約,ふるさと納税、いまだに『返礼品ランキング』から選んでる人が多い気がする。私は先に控除上限額を計算してから探す派。手順はシンプルで、①年収から上限額を出す②米や洗剤など普段使いのカテゴリで探す③届く時期を分散させる、この3ステップだけ。年末に慌てて選ぶより今の時期に動いた方が選択肢が多い。今年もう申し込んだ人いる？,🍚📦,high,implicit,
2026-09-29,19:00,setsuyaku,threads,節約,先月のスーパー、去年と同じ買い物カゴなのに800円くらい高くなってた気がする。値上げの実感って数字にすると結構でかい。私は毎回レシートを前月分と見比べる派で、家計簿アプリより肌感覚が掴みやすいと思ってる。細かい値上げ、みんなはどの商品で一番感じてる？,🧾📈,high,implicit,
2026-09-29,21:00,setsuyaku,threads,節約,"月額3000円以上のスマホ代を払ってる人、結論そのままだと損してます。

私は「基本料＋事務手数料＋通話料」の総額でしか比較しない派です。

見るべきポイントは3つだけ。
① 直近3ヶ月の平均データ使用量（設定画面で確認）
② 通話は月何分か（かけ放題が必要か）
③ 契約時の事務手数料込みの実質月額

表面の月額だけ見て選ぶと、結局高くつくケースをよく見かけます。

みんなは乗り換えるとき、月額以外にどこ見て決めてます？",📱,high,implicit,
2026-09-29,07:00,tenshoku,threads,転職,"求人サイトの倍率が高くても、現場の実感は「買い手市場」という人が6割超えてるらしい。
私はこのギャップこそが転職活動の落とし穴だと思ってる。

『本当に人が足りてる会社』を見極める基準はこの3つ。
・面接官が2回以上変わる＝選考が慎重＝実は余裕がある可能性
・スカウトの文面が定型文か個別かで温度感が分かる
・求人票の「即日入社歓迎」は逆に警戒したほうがいい

数字だけで判断すると痛い目を見る。

このギャップ、実際に感じたことある人いる？",🔍📊,high,implicit,
2026-09-29,12:00,tenshoku,threads,転職,"私は「転職エージェント3社登録」派です。理由は単純で、求人の出方が会社によって全然違うから。
1社だけだと紹介される求人の数も業界の偏りも大きい、という声はよく聞きます。

登録前に見るべきチェックリストはこの3つ。
・得意業界（IT/メーカーなど）が自分と合っているか
・担当者の初回提案までのスピード
・面談の日程調整のしやすさ

これだけで「合わないエージェント」に時間を溶かすリスクはかなり減らせます。

みなさんは何社登録していますか？",📋,high,none,
2026-09-29,19:00,tenshoku,threads,転職,"結論、面接での退職理由は「ポジティブ変換一択」だと思っている。
「人間関係が嫌だった」ではなく「よりチームで成果を出せる環境を求めた」に言い換えるだけで、面接官の受け取り方は変わる、という声は多い。

言い換えの基準はシンプル。
・ネガティブワードを削る
・未来志向の言葉に変える
・具体的な行動やスキルにつなげる

これを意識するだけで、同じ経歴でも印象は大きく変わるはず。

みんなはどう言い換えてる？",💬,medium,implicit,
2026-09-29,21:00,tenshoku,threads,転職,"転職エージェントは1社より3社使う方が良いと思う。理由は求人の偏りと担当者の当たり外れをなくすため。
比較するときに見てるポイントはこの4つ。
・提案してくる求人の幅
・年収交渉の実績
・担当者の業界理解度
・面接後のフィードバックの速さ
1社だけだと『その担当者の得意分野』しか見えてこない。みなさんは何社くらい使ってますか？",📝✅,high,none,
2026-09-29,07:00,pet,threads,ペット,結論、ペットフード選びで見るべき基準は3つだけでいいと考えています。①原材料の1番目が肉・魚であること②着色料・香料が無添加であること③粒の大きさが顎の力に合っていること。それ以外の細かい成分表はあまり気にしなくていいというのが私の立場です。保存しておいて買い物のときに見返せる基準にしてもらえたら。あなたが一番重視しているポイントは①〜③のどれですか？,🐾📝,high,none,
2026-09-29,12:00,pet,threads,ペット,朝5時に起こしにくる猫は珍しくないと思っています。個人的には、これは甘えではなく「生活リズムの主張」だと捉えるのが一番しっくりきます。無理に直そうとするより、前日の夜ご飯の時間を30分後ろにずらすだけで改善したという声もよく聞きます。しつけの失敗ではなく、リズムの調整で解決できるケースが多い印象です。同じように早朝に起こされている人、どう対処してますか？,🐱⏰,medium,implicit,
2026-09-29,19:00,pet,threads,ペット,"結論、犬の留守番対策は""環境""より""合図の習慣化""で決まると考えている。
チェックリスト
・出る前と帰宅後の声かけを毎回同じ言葉にする
・退屈対策グッズは3日おきに入れ替える
・室温と換気は数値で管理し感覚に頼らない
この3点を意識するだけで留守番中の様子が変わったという報告は多い。あなたの家ではどれを優先している？",🐕📝,high,none,
2026-09-29,21:00,pet,threads,ペット,"猫の1日の飲水量は体重1kgあたり50mlが目安とされている。私はこの数字を下回った日は要注意ラインだと考える派。
判断基準
・器の水は最低1日1回入れ替える
・複数の器を離れた場所に置く
・冬場は基準値を下回りやすいので温度も確認する
数字で管理すると変化に気づきやすいという声が多い。普段、水分量はどう確認してる？",🐈💧,high,none,
2026-09-29,07:00,sleep,threads,睡眠,"結論、寝る90分前の入浴が一番コスパがいいと思う。
深部体温が下がるタイミングで入眠すると寝つきが変わる、というのを試してから朝の目覚めが軽くなった気がする。
チェックすべきは3つだけ。
①湯温38〜40度
②浸かる時間10〜15分
③入浴後は照明を落として画面を見ない
これだけで「寝つくまでの時間」が変わる人は多いはず。
みんなは入浴と寝つきの関係、意識してる？",🛁🌙,high,implicit,
2026-09-29,12:00,sleep,threads,睡眠,"私は「起床時間固定」派。就寝時間より起きる時間を揺らさない方が睡眠の質は安定すると感じている。
休日に寝坊すると月曜がしんどくなるのは、体内時計がズレるから。
目安にしてるのはこの3つ。
・平日と休日の起床差は1時間以内
・起きたらすぐ日光を浴びる
・二度寝は15分以内で切る
シンプルだけど効果を感じやすい基準だと思う。
起床時間、みんなはどのくらいブレてる？",⏰☀️,medium,implicit,
2026-09-29,19:00,sleep,threads,睡眠,"結論、夜中に何度も目が覚めるなら“質問”より先に“室温”を疑ったほうがいいと思う。
チェックリスト
・寝室が27℃以下か
・除湿は40〜60%目安になっているか
・扇風機の風が体に直接当たっていないか
一つでも当てはまらないなら、まずそこから見直すのが近道。今の時期、何度目が覚める？",🌙💦,high,implicit,
2026-09-29,21:00,sleep,threads,睡眠,"結論、お盆休みで夜型になった人は、今が一番戻しにくい時期だと思う。
観察していると崩れがちなのはこの2パターン
・起床時間だけ元に戻して就寝時間はそのまま
・寝る前のスマホ時間だけ伸びたまま
休み明け、みんなはどう立て直してる？",🌅📱,medium,implicit,
2026-09-30,07:00,konkatsu,threads,婚活,"婚活で一番もったいないのは、最初の「楽しみ」が数ヶ月で「条件確認」に変わることだと思う。私は、会話の中心が年収や実家の話ばかりになったら一度立ち止まる派。

■審査モードに入っているサイン3つ
・話題の中心が「年収・職種・実家・将来設計」に偏っている
・LINEの文面が事務連絡っぽくなっている
・会う前から次の候補を探し始めている

この3つに当てはまったら、条件より「一緒にいて楽か」を見直すタイミングかもしれない。
あなたはどんな瞬間に審査モードに気づく？",💍🔍,high,implicit,
2026-09-30,12:00,konkatsu,threads,婚活,"先週、電車で隣に座った2人の会話が最後まで敬語のままだったのを見かけた。私は、3回目のデート以降も敬語や距離感が変わらない相手とは、進展が鈍いことが多いと感じている。

■距離感が縮まっているかの判断基準
・下の名前や愛称で呼べているか
・沈黙があっても気まずくないか
・LINEの返信が短文でも成立しているか

条件よりも先にこの「距離感」を見たほうが、後の失敗が減る気がしている。
あなたは何回目のデートで距離感の変化を感じる？",🚃💬,medium,implicit,
2026-09-30,19:00,konkatsu,threads,婚活,"結論、婚活が長引く人の多くは「審査モード」に入り込んでいると感じる。条件確認から入るほど、相手も身構えて距離が縮まらない。

■審査モードに入っているサイン3つ
・初対面でいきなり年収/実家/将来設計を聞く
・沈黙が怖くて質問攻めになる
・LINEが「今度会いましょう」で止まり日程を詰めない

私は「面接官をやめた瞬間に、婚活は前に進む」派。条件を通過した先に好意があるのではなく、条件を忘れた瞬間に好意が生まれるものだと思う。

あなたは直近のデート、趣味の話に何分使えた？",💍🤔,high,implicit,
2026-09-30,21:00,konkatsu,threads,婚活,"結論、同棲の話し合いは「言葉が同じでも意味が違う」ことが多いと思う。

先日、地下鉄で隣になった20代後半くらいの2人の会話がふと耳に入った。「一緒に住もう」という同じ一言に対して、片方は現状維持のつもりで、もう片方は結婚への準備のつもりで話しているように聞こえた。

■同棲前にすり合わせておきたい3つ
・同棲のゴール（結婚時期）をいつまでに話すか
・生活費・家事の分担ルール
・将来の話題が出たときの反応を観察する

私は「同棲の意味は、言葉より態度で確認するべき」派。

あなたは同棲、通過点派？それとも結婚への準備派？",🏠💬,high,implicit,
2026-09-30,07:00,sidejob,threads,副業,"住民税の『20万円以下なら申告しなくていい』は、所得税だけの話。私は副業収入の金額に関わらず、住民税の申告はする派です。
確定申告のときにチェックしておきたいのはこの3点。
・確定申告書 第二表の『住民税に関する事項』欄
・徴収方法が『普通徴収』になっているか
・提出前に控えを1部残しておく
これだけで会社に知られる不安はかなり減らせます。
みなさんは毎年、どちらを選んでいますか？",🧾✅,high,none,
2026-09-30,12:00,sidejob,threads,副業,"副業アカウントが伸び悩む一番の原因は、発信テーマがブレていることだと思っています。私は『1テーマ1切り口』を徹底する派です。
見直すべきチェックはこの3つ。
・プロフィールで発信テーマが一言で伝わるか
・投稿ごとにテーマが変わっていないか
・手順や基準など保存したくなる実用情報が入っているか
これだけで反応の土台が変わることが多いです。
みなさんは発信テーマ、何で絞っていますか？",📌,medium,implicit,
2026-09-30,19:00,sidejob,threads,副業,"結論、副業は「単価の高さ」より「再現性」で選んでいい。
単価だけで案件を選ぶと、続かないケースが多い印象。
私が案件を判断する基準は次の5つ。
✅ 週5時間以内で完結するか
✅ マニュアル化できる作業か
✅ 単発でなく継続案件があるか
✅ クライアントとの連絡頻度が多すぎないか
✅ 身につくスキルが翌月以降も使い回せるか
この基準に当てはまらない案件は、単価が高くても長続きしにくいと感じています。
今やってる副業、この5つに何個当てはまりますか？",✅📝,high,implicit,
2026-09-30,21:00,sidejob,threads,副業,"体感で言うと、副業が続かない人の共通点は「毎日更新」をノルマにしていること。
逆に半年以上続けられている人ほど、最初から「週3日でいい」とハードルを下げている印象がある。
理由はシンプルで、一度更新が止まると再開のハードルが一気に上がるから。
私は投稿頻度より「破綻しない仕組み」を優先する派です。
毎日更新、まだ続けられていますか？",🗓️💭,medium,implicit,
2026-09-30,07:00,beauty,threads,美容,"肌がゆらいでいるサイン、私は3つだけ見れば十分だと思っている。
①いつもより赤みが出やすい
②化粧水がしみる
③皮膚科で「肌が薄い」と言われたことがある
どれか1つでも当てはまる人は、攻めのケア（レチノール・酸系）を毎日から週2〜3回に落として、保湿を厚めにするだけで印象が変わることが多いらしい。
攻めと守り、今どっちを優先してますか？",🌿✨,high,implicit,
2026-09-30,12:00,beauty,threads,美容,肌がゆらいでいるサインは、実は3つだけ覚えておけば十分だと思っている。①化粧水がしみる②いつもより赤みが出やすい③皮膚科で「乾燥・バリア機能が低下」と言われた。結論、1つでも当てはまったら攻めケア（レチノールや酸系）は週1〜2回まで落として、保湿を厚めにするだけで扱いやすくなる、という印象がある。今の時期、当てはまる人ってどのくらいいるんだろう？,🧴✋,high,implicit,
2026-09-30,19:00,beauty,threads,美容,"結論、スキンケアは「順番」より「温度」で変える方が肌に合うと思っている。
夏は化粧水を体温に近づけてから重ね付け、冬は乳液を早めに足して蒸発を防ぐイメージ。
チェックしたいのは①肌がつっぱる時間帯②メイクがヨレる場所③週末の肌荒れ頻度、の3つ。
1つでも当てはまったら、季節ごとに順番を見直すサインだと思う。
みんなは季節で使う順番、変えてる？",🧴☀️❄️,high,implicit,
2026-09-30,21:00,beauty,threads,美容,"レチノールは毎日より、週3〜4回+保湿多めの方が続けやすいと思っている。
肌がゆらいでいるサインは次の3つ。
①いつもより赤みが出やすい
②化粧水がしみる
③皮膚科で「乾燥・薄い」と言われたことがある
1つでも当てはまるなら、頻度を落として保湿を厚くするのも選択肢だと思う。
毎日派？休み休み派？コメントで教えて",🌙✨,high,implicit,
2026-09-30,07:00,bodymake,threads,筋トレ,"「筋肉痛が出ないと効いていない」というのは半分間違いだと思っている。筋肉痛はダメージの指標であって、成長そのものの指標ではないからだ。
実際、扱う重量や回数の推移が右肩上がりなら、筋肉痛がなくても筋力・筋量は伸びているケースがある。
成長判断に使えるチェックポイントはこの3つ。
・同じ種目の重量が3週間前より伸びているか
・同じ重量でのフォームが安定してきたか
・翌日の「動ける感覚」を疲労感より重視できているか
この3つを記録し始めると、筋肉痛の有無に一喜一憂しなくなる気がしている。あなたは何を基準に伸びを判断してる？",📊🔥,high,implicit,
2026-09-30,12:00,bodymake,threads,筋トレ,"停滞期に入ったとき、種目を増やす前に見直されがちなポイントをメモ。
① 睡眠時間が最近削れていないか
② 同じ重量・回数が何週も続いていないか
③ 体重の変化に対して食事量が合っているか
この3つから確認する、という考え方があるらしい。
みんなは停滞期、まず何から見直す？
📝",📝,high,implicit,
2026-09-30,19:00,bodymake,threads,筋トレ,体重×1.5gのタンパク質量、いきなり計算しなくていい。私が続けているのは「卵1個＋納豆1パック」を毎日の食事に固定で足すだけのルール。数字を追うより“いつもの食事に1品足す”方式の方が続く気がしている。今日の食事、あと何を足せそう？,🥚,medium,implicit,
2026-09-30,21:00,bodymake,threads,筋トレ,結論、忙しい日ほど「10分メニュー」でいいと思っている。私が実践しているのはスクワット10回・腕立て10回・プランク30秒の3つだけ。完璧な60分より、ゼロの日を作らないことの方が半年後の差になる気がしている。あなたが忙しい日に削るなら、種目？時間？それとも回数？,💪🏠,high,implicit,
2026-09-30,07:00,education,threads,教育,"結論、テストの点数は見せてもらう派です。
点数そのものより「どこで間違えたか」を一緒に確認する材料になると考えています。
我が家で決めているチェックポイントは3つ。
①70点以下は原因を一緒に探す
②90点以上は結果より過程を一言褒める
③点数の良し悪しでその日の機嫌を変えない
見せなくていい派のご家庭は、どんな基準でやる気を守っていますか？",📊✏️,high,implicit,
2026-09-30,12:00,education,threads,教育,"結論、家庭のご褒美設計は「プロセス評価8割・結果評価2割」がちょうどいいと感じている。
テストの点数だけを見ていると、点数が伸びない時期にやる気の土台まで崩れやすい。
・机に向かった時間
・声に出して読んだ回数
・分からない問題に粘った時間
このあたりを記録して、月末にまとめて結果と紐づけるくらいが現実的だと思う。
みなさんの家庭では、どちらの比重が大きいですか？",🎯📝,high,implicit,
2026-09-30,19:00,education,threads,教育,"結論、子どもの「できない」は「まだ」に言い換えるだけで行動が変わりやすいと感じている。
言い換えの基準はシンプルに3つ。
①結果ではなく直前の行動を言葉にする
②比較は「昨日の自分」に限定する
③できたことは具体的な数字で伝える（例：10分早く着席できた）
抽象的な励ましより、この方が次の一歩につながりやすい気がする。
他に効果を感じた言い換え、あれば教えてください。",📌✨,high,implicit,
2026-09-30,21:00,education,threads,教育,"結論、プログラミングはもう『習い事の選択肢』ではなく『受験科目の準備』だと私は見ています。
情報Ⅰが共通テストに入ってから、周囲の相談内容は「楽しく触れさせたい」から「間に合わせたい」に変わってきました。
判断基準はシンプルに2段階、
・中学までに触れて型に慣れる
・高校からは演習量を増やす
この順番で考えると迷いにくいです。
みなさんはいつから対策を意識し始めましたか？",📝,high,implicit,
2026-09-30,07:00,setsuyaku,threads,節約,"ふるさと納税、12月にまとめてやる人が多いですが、私は「夏のうちに上限額だけ確認しておく」派です。

理由はシンプルで、年末は返礼品が品切れ・発送遅延になりやすいから。

やることは2つだけ。
① 今年の想定年収からざっくり上限額を計算
② 上限の8割くらいまでで一度申し込んでおく

『年末にまとめて選ぶ楽しさ』もわかるけど、選択肢が減ってから焦るより早めの方が結局お得だと感じます。

みなさんは毎年いつ頃やってますか？",🍅,medium,implicit,
2026-09-30,12:00,setsuyaku,threads,節約,"月の固定費が3万円台に収まるかどうかで、貯金体質は9割決まると思っている。私は結論、食費を削るより先に固定費を見直すべき派です。
見直す優先順位は①通信費②サブスク③保険④電気ガスの順が効率的。
チェックリスト
・スマホ代が月5000円を超えていないか
・使っていないサブスクが3つ以上ないか
・保険に『なんとなく』で入っていないか
固定費、最後に見直したのいつですか？",💰📝,high,implicit,
2026-09-30,19:00,setsuyaku,threads,節約,"食費を切り詰めるより、惰性で払っている固定費を削る方が続けやすいと思う。私はここ数年、食費より先に契約系の見直しから手をつける派です。
節約が続かない人に共通するのは、我慢を積み重ねて疲れてしまうこと。一度手続きすれば自動的に減る仕組みの方が挫折しにくい。
変動費と固定費、みなさんはどっちから見直しましたか？",🧾💡,medium,implicit,
2026-09-30,21:00,setsuyaku,threads,節約,"結論、節約はまず固定費から。食費を削るのは一番最後でいい。
通信費・サブスク・保険の3つは、一度見直せば効果がずっと続くのが強み。
手順はシンプル↓
1) 契約中のサブスクを全部書き出す
2) 直近1ヶ月使っていないものを解約
3) 保険の保障内容が重複していないか確認
食費や外食を我慢するより、心理的なストレスが少ないのが固定費見直しの良いところ。
みんなは固定費、最後に見直したのいつ？",🏠📝,high,implicit,
2026-09-30,07:00,tenshoku,threads,転職,"転職理由を『人間関係』とそのまま面接で言う人は少ないと感じる。結論、本音と建前は最初から分けて整理しておいた方がいい。
・本音（自己分析用）：人間関係、給与、将来不安
・建前（面接用）：キャリアアップ、スキル活用
本音を隠すのではなく、面接用に翻訳しておくイメージ。みなさんは本音と建前、どう線引きしてますか？",🗣️🔍,high,implicit,
2026-09-30,12:00,tenshoku,threads,転職,"有効求人倍率1.18倍でも、書類選考の通過率は体感で下がっている。私は「応募数より一社ごとの準備の質」派。
最低限これだけは揃えてから出すべきだと思っている項目↓
・職務経歴書は求人票の文言に合わせて言い換える
・志望動機は「なぜこの会社か」まで踏み込む
・退職理由はネガティブ→前向きに変換して1行で言えるようにする
ここまでやって落ちるなら、応募先の相性の問題だと切り替えていい。
今の転職活動、数で勝負派？質で勝負派？",📝,high,implicit,
2026-09-30,19:00,tenshoku,threads,転職,"求職者の6割が「買い手市場」だと感じているのに、実際の有効求人倍率は高止まりしている。このギャップ、放置すると自己評価を下げすぎる原因になると思っている。
結論、求人数の多さと「自分に合う求人があるか」は別問題。
見るべきは求人票の数ではなく、応募先の中で自分の経験がそのまま活きる求人が何件あるかどうか。
数字に振り回されて動けなくなってる人、意外と多い気がする。",📊,medium,none,
2026-09-30,21:00,tenshoku,threads,転職,"年収600万円以上の人の約6割がSNS経由でスカウトを受けた経験があるらしい。
私はこの数字、思ったより低くないなと感じている。

プロフィールを整えるだけで声がかかる可能性があるなら、やらない理由がない。
最低限チェックしたいのはこの3つ。
☑ 職種・スキルが一目でわかる自己紹介文になっているか
☑ 実績は数字ベースで書けているか
☑ 発信内容に一貫性があるか

整っていない人ほど「見られている」意識が抜けている印象。

あなたのプロフィール、この3つ埋まってますか？",📈🧾,high,implicit,
2026-09-30,07:00,pet,threads,ペット,犬が『ご褒美用おやつ』の匂いを嗅いだ瞬間に真顔になる瞬間、あれは表情筋より『間』で感情を伝えている証拠だと思う。結論、指示を出す前に3秒待つだけで反応がはっきり変わることが多い。急かすより『待たせる』方が実は伝わりやすいという観察、共感する飼い主さん多い印象。みなさんの子は何秒くらい待てますか？,🐶⏱️,medium,implicit,
2026-09-30,12:00,pet,threads,ペット,35℃の日、アスファルト表面温度は60℃近くまで上がることがある。結論、日中の散歩は避けて『朝5時台』か『夜9時以降』の二択でいいと思う。チェックすべきは3つだけ。①手の甲を5秒地面につけて熱くないか②肉球の色や歩き方に違和感がないか③水分補給用のボトルを常に携帯しているか。この3つを守るだけで熱中症リスクはかなり下げられる印象。みなさんは散歩の時間、いつにずらしてますか？,🌡️🐾,high,implicit,
2026-09-30,19:00,pet,threads,ペット,"うちの猫、掃除機をかけた日は決まって半日ふてくされてる。もう3年目だけど毎回同じ反応。

私は正直、掃除機のタイミングは猫の機嫌優先派。多少部屋が汚くても、猫が隠れて出てこない時間を作らない方が結果的にストレス少ないと思ってる。

音に敏感な子への対策、うちでやってるのは
・掃除機前におやつで別室に誘導
・掃除の直前に一声かける
・終わったらすぐ横に座って様子を見る

これくらいで様子見の時間は結構減った。

みんなの子は掃除機、平気なタイプ？それとも即逃走タイプ？",🐱🧹,high,implicit,
2026-09-30,21:00,pet,threads,ペット,"月の餌代、犬猫1匹あたり5,000〜8,000円が「普通」だと思ってる。これより極端に安い場合は原材料を一度見直した方がいいと感じる。

私はコスパより「原材料の最初の3つが何か」を優先派。安さだけで選んで体調を崩された経験があるので、そこは譲れないラインにしてる。

選ぶときにチェックしてる基準はこの3つ。
① 主原料が穀物メインじゃないか
② 添加物表記がシンプルか
③ 年齢・体重に合った粒サイズか

この基準にしてから、うちの子は毛艶と便の状態が安定した。

餌選び、みんなは価格重視？成分重視？",🐾🍖,medium,implicit,
2026-09-30,07:00,sleep,threads,睡眠,入眠までの目安は10〜20分。30分以上かかる日が続くなら、寝具より先に環境を疑ったほうがいいというのが私の考え。チェックすべきは3つだけ。①寝る1時間前のスマホ②寝室の温度③寝る直前の入浴タイミング。今の暑い時期は①②の影響が特に大きいと感じている。あなたはこの3つのうち、どれが一番崩れやすい？,🌙💤,high,implicit,
2026-09-30,12:00,sleep,threads,睡眠,結論、寝苦しい夜に安眠グッズを増やすより先にやることがある。それは『室温を下げる』の一択だと思っている。手順はシンプル。①就寝1時間前にエアコンを26〜27℃設定②寝る直前の熱いシャワーはNG、ぬるめの湯船かシャワーのみ③掛け布団は接触冷感素材に変える。この3つを順番通りにやるだけで体感はかなり変わるという声をよく見かける。今夜、この中でどれから試せそう？,🌡️😴,high,implicit,
2026-09-30,19:00,sleep,threads,睡眠,"結論、入浴は寝る90分前が一番効果を感じやすいと思っています。私は「90分前入浴派」。理由は体温が下がり始めるタイミングと、入眠に向かう体内リズムが噛み合うから。
今日からできる3ステップ↓
①38〜40度で10〜15分浸かる
②上がったらすぐ靴下を脱ぐ
③照明を落として画面を見ない
これだけで寝つきが変わったという声、よく見かけます。あなたは何分前派ですか？",🛁🌙,high,implicit,
2026-09-30,21:00,sleep,threads,睡眠,"室温は18〜20度が睡眠の質に一番影響すると感じています。私は「寒め設定＋厚手ブランケット派」。エアコンをタイマーで切って朝方に室温が上がり、中途覚醒するという相談が地味に多いです。
チェックリスト↓
・就寝時は18〜20度に設定
・タイマーではなく朝までつけっぱなしが安定
・掛け布団は薄手を2枚で微調整
今の寝室、何度に設定してますか？",🌡️😴,high,implicit,
2026-10-01,07:00,konkatsu,threads,婚活,"結論、婚活で停滞する人の多くは「審査モード」に入りすぎていると感じる。
最初は『どんな人だろう』だったのに、気づけば年収・学歴・実家の話ばかり聞いていないだろうか。
私は、条件確認より先に『素の自分が出せる相手かどうか』を見る派。
■審査モードに入っているサイン
・沈黙が怖くて質問攻めになる
・LINEが用件だけのやり取りに変わる
・会うたびに品定めされている感覚が強くなる
一つでも当てはまったら、条件リストより会話の中身を見直した方がいいと思っている。
あなたは今、どちらのモードだと思う？",💍📝,high,implicit,
2026-10-01,12:00,konkatsu,threads,婚活,"初対面から3回目のデートまでずっと敬語のまま、というのは珍しいことではないと観察している。
私は『3回目で下の名前を呼べているか』を進展の分かれ目として見ている派。
■距離感が縮まっているかのチェック
・沈黙になっても気まずくならない
・LINEの文末に絵文字や砕けた言い回しが増える
・次の予定を相手から提案してくるようになる
逆にこれが3回目を過ぎても変わらない場合、関係は仮交際のまま止まりやすいと感じている。
あなたの婚活で、距離感が変わった瞬間はどんなタイミングだった？",📏💬,medium,implicit,
2026-10-01,19:00,konkatsu,threads,婚活,"結論、婚活で本気度を見るべきは「学歴」より「質問の数」だと思う。
先週、婚活パーティー会場のロビーで順番待ちをしていた2人の会話が耳に入った。
一方はプロフィールの年収や勤務先ばかり確認し、もう一方は相手の休日の過ごし方を3つも質問していた。
■本気度が高い人に共通する質問の傾向
・相手の「好きなもの」を聞いているか
・条件確認より過去のエピソードを聞いているか
・沈黙の後も会話を続けようとしているか
条件を聞く人より、好きなものを聞く人の方が、関係が進みやすいと感じている。
直近のデートで「質問攻めだったな」と感じた瞬間、ありましたか？",🤔📝,high,implicit,
2026-10-01,21:00,konkatsu,threads,婚活,"私は、婚活が停滞する一番の原因は「年収」より「審査モードが抜けないこと」だと思う。
最初はときめきで会っていたはずなのに、3回目あたりから急に条件確認モードに切り替わる人を何人も見てきた。
■審査モードに入っているサイン
・会話の8割が確認作業になっている
・相手の弱みより強みばかり探している
・楽しかった記憶より条件の一致率で判断している
審査を忘れられた瞬間からしか、関係は前に進まないと考えている。
最近のデートで、つい確認モードになってしまった瞬間はありましたか？",💭✅,high,implicit,
2026-10-01,07:00,sidejob,threads,副業,"結論、副業を選ぶ基準は「単価」より「再現性」だと思う。

高単価でも自分にしか売れないスキルは長続きしにくい。逆に単価が低くても、毎回同じ手順で数字が読める仕組みの方が結果的に続けやすいと感じる。

副業を選ぶ前に見るチェックリスト
・作業時間が毎回大きくブレないか
・自分が休んでも仕組みが回るか
・成果が数字で見える仕組みか

これに当てはまらない副業は、始める前に一度立ち止まった方がいいと思う。

みんなは副業選びで何を一番重視してる？",📝✅,high,implicit,
2026-10-01,12:00,sidejob,threads,副業,"丁寧に書きすぎた投稿ほど伸びない、というのは副業アカウントを見ていてよく感じること。

長文で背景から説明するより、3行で言い切る投稿の方が反応が良い印象がある。通勤時間にサッと読める分量に収まっているかどうかは、地味だけど大きな差になっている気がする。

短く言い切る投稿の型
・1行目で結論を言う
・2行目で理由をひとつだけ添える
・3行目で行動か問いで締める

丁寧に書きすぎて逆に反応が伸びなかった経験、心当たりある人いる？",✂️💭,medium,implicit,
2026-10-01,19:00,sidejob,threads,副業,"結論、初心者が最初に手を出すべき副業は「在庫を持たない系」だと考えています。
判断基準はシンプルに3つ。①初期費用1万円以下②即日撤退できる③スキマ時間で完結する。
この3条件を満たさない副業話は、契約前に一度立ち止まる価値があると思います。
あなたが今検討している副業、この基準に当てはまりますか？",📝✅,high,implicit,
2026-10-01,21:00,sidejob,threads,副業,"副業を始めて早期にやめる人に共通するのは、「完璧な準備」を先にやろうとする傾向だと感じています。
私は「まず小さく1件動いてから改善する」派です。
準備期間が長くなるほど、実行に踏み出す心理的ハードルが上がっていく現象、周りで見かけませんか？",💭🔍,medium,implicit,
2026-10-01,07:00,beauty,threads,美容,"結論、秋の乾燥対策は「化粧水の量」より「重ねる回数」がカギだと思う。
チェックしてほしいポイントは3つ。
①肌がつっぱる時間帯が朝か夜かで違うか
②メイクのヨレが増えたか
③使うアイテムを季節で変えているか
1つでも当てはまるなら、量を増やす前に重ねづけの回数を見直すのがおすすめ。
秋の乾燥、対策変えた人います？",🍂✨,high,implicit,
2026-10-01,12:00,beauty,threads,美容,"私は「毛穴パック」より「保湿の均一化」を優先する派。
乾燥した部分ほど皮脂が過剰に出て毛穴が目立ちやすくなると考えているから。
見直すポイントは2つだけ。
①Tゾーンと頬で化粧水の量を変えていないか
②夜だけ保湿して朝は省略していないか
この2つを直すだけで印象が変わったという声もよく見かける。
毛穴対策、今どうしてますか？",🔍✨,medium,implicit,
2026-10-01,19:00,beauty,threads,美容,"結論、毛穴とくすみは「隠す」より「土台から整える」ほうが長期的には楽だと思っている。
私の基準はシンプルで、①下地前に毛穴用の下地を一枚挟む②くすみは色ムラよりまず乾燥ケアを先にする③厚塗りで誤魔化す日は週1以下にする、の3つだけ。
特別な日だけ気合いを入れるより、日常の延長で整えるほうが結局続く気がしている。
あなたは「隠す派」「土台から整える派」どっち？",🧴✨,medium,implicit,
2026-10-01,21:00,beauty,threads,美容,"はっきり言うと、肌だけ頑張っても髪がパサついていると顔全体の印象がくすんで見えると思っている。
私が意識しているのは、①乾かす前にオイルを一滴つける②アイロン前も同じ工程を挟む③ディープトリートメントは週1回だけ、の3ステップだけ。
肌の透明感を仕込む前に髪のツヤを仕込んだほうが、写真の伸びが早い気がしている。
今、肌ケアと髪ケア、時間をかけているのはどっち？",💇‍♀️✨,medium,implicit,
2026-10-01,07:00,bodymake,threads,筋トレ,私は「タイミングより合計量」派。筋トレ後30分以内にこだわるより、朝・昼・夜でタンパク質を1品ずつ足す方が結局続く。目安は卵1個・納豆1パック・ヨーグルト1個をそれぞれ別の食事に足すだけ。細かい計算より『足す習慣』を先に作る方が挫折しにくいと感じている。みんなはタイミング重視？合計量重視？,🍳⏱️,high,implicit,
2026-10-01,12:00,bodymake,threads,筋トレ,"結論、タンパク質は体重×1.2gで十分だと思っている。厳密に計算するより「今日どれだけ実行できたか」の方が重要。
続けやすさの基準は①朝に卵か納豆を1品追加②間食を加工食品からゆで卵やヨーグルトに変える③体重は2週間単位で見る、の3つだけ。
量より継続、どっちを優先してる？",🥚💪,high,implicit,
2026-10-01,19:00,bodymake,threads,筋トレ,"筋トレより睡眠を優先する、が私の結論。追い込んだ日ほど回復が遅れている人を見ていると、そう感じる。
チェックしたいのは①就寝1時間前はスマホを置く②筋トレは就寝3時間前までに終える③入浴で深部体温を上げすぎない、の3つだけ。
あなたは何時間睡眠を目標にしてる？",😴🛏️,high,implicit,
2026-10-01,21:00,bodymake,threads,筋トレ,"結論、筋トレの伸び悩みは「追い込み不足」より「寝不足」が原因なことが多いと感じている。
📝睡眠チェックリスト
□ 就寝1時間前はスマホを触らない
□ 就寝時刻を毎日そろえる
□ 起床後にタンパク質を摂る
□ 週2回は7時間以上眠る
ここで2つ以上×がついた人は、フォーム改善より先に睡眠を整える方が結果につながりやすい気がしている。
あなたは何個当てはまった？",😴📝💪,high,none,
2026-10-01,07:00,education,threads,教育,"結論、子どもの『できない』への返しは、否定せず現在地を示す一言に変えるだけで反応が変わると感じています。
私が意識しているのは3段階の言い換えです。
・否定しない→「まだ途中だね」
・現在地を示す→「ここまではできてるね」
・次に繋げる→「次はここをやってみようか」
この順番を守るだけで表情が変わることがあります。
みなさんが使っている言い換え、コメントで教えてください。",📌,high,implicit,
2026-10-01,12:00,education,threads,教育,"結論、子どもの「できない」への返しは具体性一択だと思っています。
・「まだできてないだけ」→現在地の言い換え
・「ここまでできてるね」→進捗の可視化
・「一緒に考えてみようか」→伴走宣言
保存版チェックリストとして使ってみてください。他に使っている言い換え、あれば教えてください。",📌✏️,high,implicit,
2026-10-01,19:00,education,threads,教育,"結論、子どもの「できない」への返しは、行動を主語にすると変わると思う。
私は「あなたはできない」ではなく「このやり方がまだ合ってないだけ」と伝える派です。
・成果より途中経過を認める
・他の子と比較しない基準を先に決めておく
・次の一歩だけを具体的に提案する
保存版のつもりで書きました。皆さんが実際に使ってる言い換え、どんなのがありますか？",📝,high,implicit,
2026-10-01,21:00,education,threads,教育,"結論、ロボット教室とプログラミング教室は「入り口」で選べば失敗しにくいと思う。
私は、手を動かすのが好きな子にはロボット、画面の中で完結させたい子にはプログラミングを勧める派です。
判断の目安：
・工作や分解が好き→ロボット系
・ゲームや動画を作りたい→プログラミング系
・両方好きそう→まずは両方の体験だけ受けてみる
どちらのタイプか、迷ってる人はお子さんの普段の遊び方どっちに近いですか？",🤖,high,implicit,
2026-10-01,07:00,setsuyaku,threads,節約,"結論、節約で家庭がギスギスするのは『我慢の分担』がズレてるだけだと思う。
サブスクは放置なのに子どものおやつだけ削られる、みたいな家庭は意外と多い。
削る前にやっておきたいこと↓
・家族それぞれの『削れそうなもの』を出し合う
・一人にだけ我慢を集中させない
・小さな楽しみは最後まで残す
節約は根性より仕組みで続ける方が長持ちする気がしている。
うちはこうしてる、という工夫があれば教えてほしい。",👨‍👩‍👧🍰,medium,implicit,
2026-10-01,12:00,setsuyaku,threads,節約,"電気・ガス・水道の明細、先月分と見比べたことありますか？

同じ生活スタイルでも季節や使い方のクセで数百円〜千円単位の差が出ていることがあります。

私は「先月比」を見る習慣をつけてから、無駄遣いに気づきやすくなりました。

みなさんは光熱費、どのタイミングでチェックしていますか？",💡📊,medium,implicit,
2026-10-01,19:00,setsuyaku,threads,節約,サブスク、平均5個以上契約してる人が多いらしい。私は「年1回、全部書き出して先月の利用回数がゼロなら即解約」をルール化するのが一番効くと思う派。①契約中サービスを紙に書き出す②先月使った回数を書く③ゼロなら解約、これだけで固定費は減らせる。今月見直した人、何個解約できた？,📝,high,implicit,
2026-10-01,21:00,setsuyaku,threads,節約,節約って我慢することだと思われがちだけど、私は逆だと思う派。通信・保険・サブスクみたいな固定費を一度整えれば、あとは我慢ゼロで自動的に浮き続ける。逆に食費や外食を削る方法は継続コストが高くて挫折しやすい。あなたが最初に見直すなら、通信費・保険・サブスクのどれから手をつける？,💡,medium,implicit,
2026-10-01,07:00,tenshoku,threads,転職,"転職活動で後悔するのは「情報収集を怠ったこと」より「決断を先延ばしにしたこと」だと私は思う。
情報はいくら集めても、決める基準がないと堂々巡りになる。

私が決断前に確認している基準はこの4つ。
① 給与は現状維持以上か
② 裁量権は増えるか減るか
③ 通勤・働き方の負荷は許容範囲か
④ 1年後にスキルとして残るものがあるか

全部満たさなくてもいいけど、2つ以下ならまだ動くタイミングじゃない気がしている。

この基準、あなたなら何を足しますか？",🧭✅,high,none,
2026-10-01,12:00,tenshoku,threads,転職,"第二新卒・既卒向けの転職支援をいくつか調べて、入口が「無料カウンセリング」のものと「登録だけ」のものに分かれる印象があった。

比較するときに見ていたのは3つ。
・初回が面談か、登録完了か
・条件の棚卸しが先か、求人提示が先か
・入社後の記述があるか

今の自分は、情報収集と応募のどちらが先だと思いますか？",🗂️,medium,implicit,
2026-10-01,19:00,tenshoku,threads,転職,"20代の転職記事を読んでいると、「職務経歴書の添削」や「模擬面接」まで書く支援と、求人紹介が中心の支援が混在している。

整理した観点:
1. 支援の範囲が公開ページに書いてあるか
2. 対象（第二新卒／既卒／フリーター）が自分と重なるか
3. 無料の範囲がどこまでか

あなたが先に確認したいのは、支援の中身と対象、どちらですか？",📝,medium,implicit,
2026-10-01,21:00,tenshoku,threads,転職,"20〜30代向けの転職エージェントをいくつか調べると、「成長企業」と書くところと「求人数」と書くところに分かれる印象があった。

比較するときに見ていたのは3つ。
・対象年齢が公開ページに書いてあるか
・入口が登録か、面談か
・無料の範囲がどこまでか

今の自分は、情報収集と応募のどちらが先だと思いますか？",🗂️,medium,implicit,
2026-10-01,07:00,pet,threads,ペット,"結論、フード選びで一番見るべきは「原材料表示の順番」だと思っている。

最初の3つに肉・魚由来のタンパク源が入っているかで、だいたいの品質は判断できる。

保存版チェックリスト↓
□ 原材料の1〜3番目にタンパク源があるか
□ 添加物の種類が多すぎないか
□ 便の状態（硬さ・匂い）が切り替え後2週間で安定したか
□ 粒の大きさが顎の力に合っているか

毎回パッケージ裏を見返すのが面倒な人向けの基準です。

みなさんはフード選びで一番重視してる項目、何ですか？",🐾📋,high,implicit,
2026-10-01,12:00,pet,threads,ペット,"猫が急に飼い主の膝から降りて、少し離れた場所で丸くなるのは「嫌い」じゃなくて「安心してる証拠」だと思っている。

ベタベタ甘えるだけが愛情表現じゃなくて、視界に入る距離で寛いでいること自体が信頼のサインというのが私の見方。

同じ空間にいるのに触れ合わない時間、うちのコだけかと思ってたけど意外とあるあるらしい。

猫飼いのみなさん、この「つかず離れず」感じたことあります？",🐈,medium,none,
2026-10-01,19:00,pet,threads,ペット,"結論、初心者ほど多頭飼いより先に「通院費の備え」を整えるべきだと思う。保険の有無で、通院するかどうかの判断が変わる場面をよく見かける。

【通院前チェック】
・年1回の健康診断予定はあるか
・通院費の上限額を決めているか
・持病の有無を把握しているか

これだけで「まさかの通院」への心構えがかなり変わる、というのが個人的な結論。みなさんは通院費の目安、決めていますか？",🐾🏥,medium,none,
2026-10-01,21:00,pet,threads,ペット,"うちの子が季節の変わり目にフードを残す——これ、あるあるだと思う。結論、フードを変える前にまず「量」を見直すのが先。

【原因を絞る3チェック】
1) 体重の増減
2) おやつの量
3) 運動量の変化

これで大体の原因は絞れる、というのが観察してきた実感。みなさんの子は食欲の波、どう対策してますか？",🐶🍚,medium,none,
2026-10-01,07:00,sleep,threads,睡眠,"結論、夜中に何度も目が覚めるのは「気にしすぎ」より先に室温と光を疑ったほうがいい派です。
目安にしているチェックはこの3つ↓
①寝る1時間前は暖色照明に切り替えているか
②布団の中の温度が高すぎないか
③起床時刻を平日休日で大きくズラしていないか
どれか当てはまる人、地味に多いはず。あなたはどれが一番怪しいと思う？",🌙💤,high,implicit,
2026-10-01,12:00,sleep,threads,睡眠,"最近「夜中に3回以上目が覚める」という声をよく見かける。私はこれ、スマホより『布団の中で考え事をする時間』の影響のほうが大きいと思っている派です。
試している人が多い対策はシンプルで、
・寝る前に『明日やること』を紙に書き出す
・布団に入ったら考え事を一旦保留にする
これだけで中途覚醒が減ったという話をよく聞きます。同じタイプの人いる？",🛌📝,medium,implicit,
2026-10-01,19:00,sleep,threads,睡眠,"結論、寝る前90分のスマホ断ちが一番コスパの良い睡眠改善策だと思う。

私は『デジタル門限』と呼んで人に勧めている。

やることはシンプル：
・22:30以降は通知オフ
・照明は暖色系に切り替え
・ベッドでは本かストレッチのみ

これだけで『布団に入ってからのスマホ時間』が減り、入眠までの体感時間が短くなったという声が多い。

みんなは寝る前、何時にスマホを手放してる？",📱🌙,high,implicit,
2026-10-01,21:00,sleep,threads,睡眠,"夜中に『明日ちゃんと起きられるかな』と不安になって、逆に目が冴えた経験がある人は多いはず。

私はこの手の不安は『予定への責任感の裏返し』だと思っている。だから無理に寝ようとせず、一度アラームを2つ確認するだけで安心して眠れることが多い。

完璧に寝ようとするより、『最低限起きられる保険』を作る方が結果的に眠りやすい派です。

みんなは寝る前、そういう不安どう対処してる？",⏰😌,high,none,
2026-10-02,07:00,konkatsu,threads,婚活,"婚活中の人の話を聞いていると、プロフ写真で一番差が出るのは加工より表情だと感じる。
結論、自己紹介文の雰囲気と写真の表情が一致していないと不成立になりやすい気がする。
■見直しポイント
・自然光で撮っているか
・口角より目が笑っているか
・年齢に見合った雰囲気か
プロフ迷子、意外と多い印象。みんなは写真何枚使ってる？",👀,medium,implicit,
2026-10-02,12:00,konkatsu,threads,婚活,"婚活で一番もったいないのは、最初の「楽しみ」が数ヶ月で「条件確認」に変わることだと思う。私は、会話の中心が年収や実家の話ばかりになったら一度立ち止まる派。

■審査モードに入っているサイン3つ
・話題の中心が「年収・職種・実家・将来設計」に偏っている
・LINEの文面が事務連絡っぽくなっている
・会う前から次の候補を探し始めている

この3つに当てはまったら、条件より「一緒にいて楽か」を見直すタイミングかもしれない。
あなたはどんな瞬間に審査モードに気づく？",💍🔍,high,implicit,
2026-10-02,19:00,konkatsu,threads,婚活,"先週、電車で隣に座った2人の会話が最後まで敬語のままだったのを見かけた。私は、3回目のデート以降も敬語や距離感が変わらない相手とは、進展が鈍いことが多いと感じている。

■距離感が縮まっているかの判断基準
・下の名前や愛称で呼べているか
・沈黙があっても気まずくないか
・LINEの返信が短文でも成立しているか

条件よりも先にこの「距離感」を見たほうが、後の失敗が減る気がしている。
あなたは何回目のデートで距離感の変化を感じる？",🚃💬,medium,implicit,
2026-10-02,21:00,konkatsu,threads,婚活,"結論、婚活が長引く人の多くは「審査モード」に入り込んでいると感じる。条件確認から入るほど、相手も身構えて距離が縮まらない。

■審査モードに入っているサイン3つ
・初対面でいきなり年収/実家/将来設計を聞く
・沈黙が怖くて質問攻めになる
・LINEが「今度会いましょう」で止まり日程を詰めない

私は「面接官をやめた瞬間に、婚活は前に進む」派。条件を通過した先に好意があるのではなく、条件を忘れた瞬間に好意が生まれるものだと思う。

あなたは直近のデート、趣味の話に何分使えた？",💍🤔,high,implicit,
2026-10-02,07:00,sidejob,threads,副業,副業アプリを3つ以上掛け持ちしてる人、正直成果が分散して伸びにくいと感じる。私は「1つに集中→一定期間で反応が出なければ乗り換え」派です。乗り換えるかどうかの判断基準は3つ。①初月に実際に手を動かした時間 ②得られた反応・問い合わせ数 ③自分の得意分野との相性。増やす前に一度この3つで立ち止まってみてほしい。あなたは掛け持ち派？集中派？,📝✅,high,implicit,
2026-10-02,12:00,sidejob,threads,副業,在宅ワークの求人、応募者の多くが単価だけを見て選んでいる印象がある。私は「継続して依頼が来るかどうか」で選ぶべき派。単価が高くても更新されない案件は結局稼働ゼロになりやすい。見るべきポイントは①募集期間の長さ ②依頼主のレビュー数 ③初回対応の速さ、の3つ。単価と継続率、どちらを優先して選んでる？,🔍,medium,none,
2026-10-02,19:00,sidejob,threads,副業,"結論、副業初心者はまず「在庫を持たない」ジャンルから始めるべきだと思っています。
挑戦してすぐ挫折する人の共通点は、初期費用を先に使いすぎることです。
私が見てきた中で続きやすかった順番はこちら👇
①スキル販売（時間さえあれば元手0円）
②アフィリエイト（在庫ゼロ・発送ゼロ）
③物販（在庫リスクあり・最後に検討）
あなたが最初に選んだのはどのタイプでしたか？",👇,high,implicit,
2026-10-02,21:00,sidejob,threads,副業,"体感、副業が続かない人の8割は「毎日投稿」を目標にしすぎていると思っています。
私は質より先に「継続できる頻度」を決める派です。
挫折しやすい人によく見られる特徴はこちら👇
・初日から気合を入れすぎる
・反応がないとすぐやめる
・比較対象がいきなり月収100万円の人
まずは週2投稿を3ヶ月続けるほうが、結果的に早く積み上がります。
今の投稿頻度、少し無理していませんか？",👇,high,implicit,
2026-10-02,07:00,beauty,threads,美容,"「盛れるコスメ」より「自分に合う色」を選んだ方が結局盛れる、と最近よく思う。
私はパーツを強調するメイクより、肌なじみ優先の似合わせ盛り派。
セルフチェックは、①ファンデを頬と顎で色比べする②チークは骨格の一番高い位置に薄く③リップは唇の血色に近い色を選ぶ、の3つだけ。
パーツ盛りで浮いていた頃より、似合わせを意識してからの方が『変わったね』と言われる気がしている。
最近メイクで意識してること、ある？",💄🪞,medium,implicit,
2026-10-02,12:00,beauty,threads,美容,"結論、今話題の「再生系成分」は成分名で選ぶより、悩み別に使い分けるほうが失敗しにくいと感じています。
見ている基準は3つ→①乾燥か赤みかで系統を選ぶ②新成分は少量から試す③3週間は変化を様子見してから判断。
情報が多い時期ほど「基準を先に決める」ほうが近道だと思うのですが、みなさんは成分選びで何を一番重視していますか？",✅🧪,high,implicit,
2026-10-02,19:00,beauty,threads,美容,"私は「攻める美容医療級ケア」より「守る土台ケア」を先に固める派です。
季節の変化で肌がゆらぐという声は美容メディアでもよく指摘されています。
土台ケアの基準は3つ→①バリアを壊さない洗顔に一時切り替え②低刺激処方を選ぶ③肌が落ち着いてから攻めケアを再開。
今の時期、攻めと守りどちらを優先していますか？",🛡️🌿,high,implicit,
2026-10-02,21:00,beauty,threads,美容,"結論、乾燥小ジワ対策は「保湿の量」より「重ねるタイミング」だと思っている。
私がチェックしている基準は3つ。
①洗顔後1分以内に化粧水を1プッシュ
②乳液は手のひらで軽く温めてから伸ばす
③夜だけ保湿量を1.5倍にする
この3つのうち、1つでもやってないと乾燥が戻りやすい印象。
みなさんは重ねるタイミング、意識してますか？",🧴💧,high,implicit,
2026-10-02,07:00,bodymake,threads,筋トレ,"私はタイミングより「1日の合計摂取量」を優先する派です。
体重×1.6g前後を目安に朝昼晩で分けて摂る方が、30分以内のゴールデンタイムを狙うより現実的に続けられると感じている。
📋今日から試せる分け方
・朝：卵or納豆
・昼：鶏むねor魚
・夜：プロテインor豆腐
厳密さより『今日も合計は届いた』の積み重ねが継続の鍵な気がしている。
あなたはタイミング派？合計量派？",🍳📋⏱️,high,none,
2026-10-02,12:00,bodymake,threads,筋トレ,"私は「準備の手間を先に減らす」派。
・前夜にジムバッグを玄関に置く
・着替えを枕元に用意する
・補給用のドリンクを冷蔵庫に常備する
この3つだけで、朝の重い腰がかなり軽くなったという声をよく見かける。
次の朝トレ、あなたは前夜に何を準備しておく？",🎒⏰,medium,implicit,
2026-10-02,19:00,bodymake,threads,筋トレ,結論、筋トレは週3〜4回に抑える派でいる。毎日追い込むより、部位ごとに48〜72時間の回復時間を空けたほうが、扱う重量が結果的に伸びやすいと感じている。曜日固定より「前回の筋肉痛が抜けたか」で次のトレ日を決める人が周りには多い印象。あなたは頻度、何回で回してる？,💪📅,high,implicit,
2026-10-02,21:00,bodymake,threads,筋トレ,結論、筋トレの継続力は「準備の手間を何分削れるか」で9割決まると思っている。続けられている人に共通して見えるのは①ウェアを前夜に出す②ジムバッグを玄関に置く③行った日だけカレンダーに丸をつける、の3つだけ。根性で乗り切るより仕組みを変える方が再現性が高い気がしている。あなたが取り入れてる『続く仕組み』、ひとつだけ教えて？,🗓️✅,medium,implicit,
2026-10-02,07:00,education,threads,教育,"結論、宿題タイムは「机に向かう時間の長さ」より「始めるまでのハードルの低さ」を優先した方がうまくいくと感じている。
声かけで意識しているのは次の3つ。
①「10分だけやろう」と時間を区切る
②最初の1問だけ一緒に解く
③終わったら丸つけより先に「お疲れさま」を言う
完璧な計画より、始めやすさを優先する家庭の方が続いている印象がある。
あなたの家庭は、始める工夫と終わる工夫、どちらを重視していますか？",📝✏️,high,implicit,
2026-10-02,12:00,education,threads,教育,"私は「通知表の点数」より先に「本人が一番頑張ったと思う教科」を聞く派です。
点数だけを見ると、努力が結果に出なかった教科がどうしても目に入りにくい。
先に本人の実感を聞いてから点数を見ると、声のかけ方が変わってくる。
点数の話は、そのあとでいい。
みなさんは、点数と本人の実感、どちらを先に聞きますか？",🗣️📖,high,implicit,
2026-10-02,19:00,education,threads,教育,"通信制高校を調べると、オンラインと通学を両方持つところがあるらしい。

資料請求前に見ていた点は3つ。
・授業の受け方
・相談窓口の有無
・費用の内訳が資料で分かるか

進路の候補に、通信制は入っていますか？",📚,medium,implicit,
2026-10-02,21:00,education,threads,教育,"幼児教室と小学校受験の教室をいくつか調べると、「無料体験の予約」が入口のものがあるらしい。

体験の前に見ていた点は3つ。
・対象年齢が公開ページに書いてあるか
・体験が無料か
・受験対策の範囲がどこまでか

習い事の候補に、教室型は入っていますか？",📚,medium,implicit,
2026-10-02,07:00,setsuyaku,threads,節約,"結論、ふるさと納税は9月中に済ませておくべき派です。

2026年10月から返礼品の地場産品基準が厳格化され、家電や域外加工の食品などが対象から外れる可能性があるとされています。欲しい返礼品が決まっている人ほど先延ばしは損になりやすいです。

寄付前にチェックしたい3点↓
✅ 欲しい返礼品が『地場産品基準厳格化』の対象カテゴリか確認
✅ 上限額シミュレーターで控除枠を再確認
✅ 決済方法（クレカ・キャッシュレス）でポイント上乗せがあるか比較

制度が変わるたびに『前のルールのまま』損している人、意外と多い印象です。
みなさんは今年、もう寄付済みですか？",🍤✅,high,implicit,
2026-10-02,12:00,setsuyaku,threads,節約,"結論、固定費の見直しは『通信費→保険→サブスク』の順でやるのが効率いい派です。

理由はシンプルで、通信費は一度見直せば手間なく効果が数年続くから。保険やサブスクは見直しに時間がかかる割にリターンが小さいことが多いです。

見直し前のミニチェックリスト↓
✅ 直近3ヶ月の携帯代の平均額を出す
✅ 使っていないサブスクを1つでも洗い出す
✅ 保険は『同じ保障で安いプランがないか』だけ確認

完璧を目指すと疲れて続かないので、まず1項目だけでいいと思っています。
みなさんが最初に手をつけるならどれですか？",📱💡,medium,implicit,
2026-10-02,19:00,setsuyaku,threads,節約,"結論、固定費は「通信→保険→サブスク」の順で見直すのが一番効率がいいと思っている。

理由は単純で、この3つは一度見直せば毎月ずっと効果が続くから。

見直す時に自分がチェックしてる基準はこの3つだけ。
①使ってる機能を実際に使っているか
②同条件でもっと安いプランがあるか
③解約・変更の手間が数千円以上の価値に見合うか

節約系の発信をしてると「頑張って我慢する」系のアドバイスが多いけど、個人的には我慢より仕組みを変える方がラクだし続くと感じてる。

みんなは固定費、どこから手をつけた？",💡📱,high,implicit,
2026-10-02,21:00,setsuyaku,threads,節約,"ふるさと納税、毎年12月に慌てて申し込む人が多いけど、私は「夏〜秋のうちに上限額だけ計算しておく派」。

理由は、年末は返礼品の人気商品が売り切れやすいから。

上限額を計算する時に見てる項目はこれだけ。
・今年の給与収入（見込みでOK）
・扶養家族の人数
・他の控除（iDeCoやふるさと納税以外の寄付）の有無

この3つが分かれば、シミュレーターでだいたいの上限は出せる。

毎年ギリギリで焦る人、意外と多くない？",🍅📝,medium,implicit,
2026-10-02,07:00,tenshoku,threads,転職,"採用側の視点として、書類選考で見られやすいポイントは「年齢」だけでなく「マネジメント経験の有無」や「新しく学んでいること」だとよく言われます。

特に最近はAIなど、業務外での学習をアピールする人が増えている印象です。

保存しておくと、職務経歴書を見直すときに役立つかもしれません📝",📝,high,implicit,
2026-10-02,12:00,tenshoku,threads,転職,"「石の上にも3年」って、まだ信じてますか？
最初の会社は我慢の場所だと思っていた人ほど、体調に変化が出てから初めて気づくことが多いようです。
続けることが正解とは限らない環境、意外と多いのかもしれません。
あなたの周りにも、そんな話ありますか？",🤔💭,high,implicit,
2026-10-02,19:00,tenshoku,threads,転職,"2026年、育児・介護休業法の改正で「小学校3年生まで時短勤務が可能」になった会社、実はまだ知られていません。
求人票だけでは分からない“制度の運用実態”こそ、会社選びで見落とされがちなポイントかもしれません。
面接で聞いてよかった質問、ある人は教えてください🙏",📋✨,high,implicit,
2026-10-02,21:00,tenshoku,threads,転職,"面接で落ちる人の多くは「逆質問」で損してると思う。
私はこれまで採用側・支援側の両方を見てきたけど、ここを軽視してる人が本当に多い。

チェックしてほしいのはこの3つ：
・給与や休暇の確認だけで終わっていないか
・入社後にどう貢献したいかを語れているか
・面接官の反応を見て一段深掘りできているか

どれか1つでも欠けると、印象は一気に薄くなる。

あなたは逆質問、何を準備してる？",📝✅,high,implicit,
2026-10-02,07:00,pet,threads,ペット,"ドッグフードのパッケージ、私は上位3つの原材料しか見ていません。それで十分と思う派です。
選ぶときに確認しているポイントはこの3つです。
・主原料が肉や魚など動物性たんぱくか
・添加物表記が少ないか
・年齢や体重に合わせたカロリー設計になっているか
細かい成分表より、この3点で十分な差が出ると感じています。
みなさんはフード選びで最初にどこを見ますか？",🍖🐾,high,implicit,
2026-10-02,12:00,pet,threads,ペット,"保護犬を勧めるかどうか、私は「飼い主の経験値次第」で分ける派です。
初めて犬を迎える人には、まず性格や病歴が把握しやすいブリーダーや里親会経由の子をすすめることが多いです。反対に、一度でも犬と暮らした経験がある人には、保護犬の相性の良さを伝えることが多いです。
どちらが正しいという話ではなく、経験値によって向き不向きがあると感じています。
みなさんは保護犬派・ブリーダー派、どちらですか？その理由も聞いてみたいです。",🐕💭,high,implicit,
2026-10-02,19:00,pet,threads,ペット,結論、ペットフード選びで見るべき基準は3つだけでいいと考えています。①原材料の1番目が肉・魚であること②着色料・香料が無添加であること③粒の大きさが顎の力に合っていること。それ以外の細かい成分表はあまり気にしなくていいというのが私の立場です。保存しておいて買い物のときに見返せる基準にしてもらえたら。あなたが一番重視しているポイントは①〜③のどれですか？,🐾📝,high,none,
2026-10-02,21:00,pet,threads,ペット,朝5時に起こしにくる猫は珍しくないと思っています。個人的には、これは甘えではなく「生活リズムの主張」だと捉えるのが一番しっくりきます。無理に直そうとするより、前日の夜ご飯の時間を30分後ろにずらすだけで改善したという声もよく聞きます。しつけの失敗ではなく、リズムの調整で解決できるケースが多い印象です。同じように早朝に起こされている人、どう対処してますか？,🐱⏰,medium,implicit,
2026-10-02,07:00,sleep,threads,睡眠,"結論、寝る1時間前のスマホは「明るさ」より「情報量」が問題だと思ってる。
脳が“処理待ちの情報”を抱えたまま横になると、光を落としても入眠が長引く。
私が試して良かった基準は3つだけ。
①通知は音もバイブも切る
②SNSは開いても「見る専用」にしてコメントしない
③ベッドに入ったらスマホは手の届かない場所に置く
これだけで「あれこれ考えて寝れない」時間が減った人、他にもいる？",🌙📵,high,implicit,
2026-10-02,12:00,sleep,threads,睡眠,"深部体温は入浴後90分でストンと下がる。私はこの90分ルールを知ってから、入浴時間を「寝る直前」から「寝る1.5時間前」に変えた派。
体感で変わったのはここ。
・布団に入ってからの寝つきまでの体感時間が短くなった
・夜中に一度目が覚める回数が減った気がする
入浴のタイミングを変えるだけで体感が変わった経験、ある人いる？どのくらい前に入ってる？",🛁⏰,high,implicit,
2026-10-02,19:00,sleep,threads,睡眠,"結論、寝る90分前の入浴が一番コスパがいいと思う。
深部体温が下がるタイミングで入眠すると寝つきが変わる、というのを試してから朝の目覚めが軽くなった気がする。
チェックすべきは3つだけ。
①湯温38〜40度
②浸かる時間10〜15分
③入浴後は照明を落として画面を見ない
これだけで「寝つくまでの時間」が変わる人は多いはず。
みんなは入浴と寝つきの関係、意識してる？",🛁🌙,high,implicit,
2026-10-02,21:00,sleep,threads,睡眠,"私は「起床時間固定」派。就寝時間より起きる時間を揺らさない方が睡眠の質は安定すると感じている。
休日に寝坊すると月曜がしんどくなるのは、体内時計がズレるから。
目安にしてるのはこの3つ。
・平日と休日の起床差は1時間以内
・起きたらすぐ日光を浴びる
・二度寝は15分以内で切る
シンプルだけど効果を感じやすい基準だと思う。
起床時間、みんなはどのくらいブレてる？",⏰☀️,medium,implicit,
2026-10-03,07:00,konkatsu,threads,婚活,"結論、同棲の話し合いは「言葉が同じでも意味が違う」ことが多いと思う。

先日、地下鉄で隣になった20代後半くらいの2人の会話がふと耳に入った。「一緒に住もう」という同じ一言に対して、片方は現状維持のつもりで、もう片方は結婚への準備のつもりで話しているように聞こえた。

■同棲前にすり合わせておきたい3つ
・同棲のゴール（結婚時期）をいつまでに話すか
・生活費・家事の分担ルール
・将来の話題が出たときの反応を観察する

私は「同棲の意味は、言葉より態度で確認するべき」派。

あなたは同棲、通過点派？それとも結婚への準備派？",🏠💬,high,implicit,
2026-10-03,12:00,konkatsu,threads,婚活,"結論、婚活で停滞する人の多くは「審査モード」に入りすぎていると感じる。
最初は『どんな人だろう』だったのに、気づけば年収・学歴・実家の話ばかり聞いていないだろうか。
私は、条件確認より先に『素の自分が出せる相手かどうか』を見る派。
■審査モードに入っているサイン
・沈黙が怖くて質問攻めになる
・LINEが用件だけのやり取りに変わる
・会うたびに品定めされている感覚が強くなる
一つでも当てはまったら、条件リストより会話の中身を見直した方がいいと思っている。
あなたは今、どちらのモードだと思う？",💍📝,high,implicit,
2026-10-03,19:00,konkatsu,threads,婚活,"初対面から3回目のデートまでずっと敬語のまま、というのは珍しいことではないと観察している。
私は『3回目で下の名前を呼べているか』を進展の分かれ目として見ている派。
■距離感が縮まっているかのチェック
・沈黙になっても気まずくならない
・LINEの文末に絵文字や砕けた言い回しが増える
・次の予定を相手から提案してくるようになる
逆にこれが3回目を過ぎても変わらない場合、関係は仮交際のまま止まりやすいと感じている。
あなたの婚活で、距離感が変わった瞬間はどんなタイミングだった？",📏💬,medium,implicit,
2026-10-03,21:00,konkatsu,threads,婚活,"結論、婚活で本気度を見るべきは「学歴」より「質問の数」だと思う。
先週、婚活パーティー会場のロビーで順番待ちをしていた2人の会話が耳に入った。
一方はプロフィールの年収や勤務先ばかり確認し、もう一方は相手の休日の過ごし方を3つも質問していた。
■本気度が高い人に共通する質問の傾向
・相手の「好きなもの」を聞いているか
・条件確認より過去のエピソードを聞いているか
・沈黙の後も会話を続けようとしているか
条件を聞く人より、好きなものを聞く人の方が、関係が進みやすいと感じている。
直近のデートで「質問攻めだったな」と感じた瞬間、ありましたか？",🤔📝,high,implicit,
2026-10-03,07:00,sidejob,threads,副業,"住民税の『20万円以下なら申告しなくていい』は、所得税だけの話。私は副業収入の金額に関わらず、住民税の申告はする派です。
確定申告のときにチェックしておきたいのはこの3点。
・確定申告書 第二表の『住民税に関する事項』欄
・徴収方法が『普通徴収』になっているか
・提出前に控えを1部残しておく
これだけで会社に知られる不安はかなり減らせます。
みなさんは毎年、どちらを選んでいますか？",🧾✅,high,none,
2026-10-03,12:00,sidejob,threads,副業,"副業アカウントが伸び悩む一番の原因は、発信テーマがブレていることだと思っています。私は『1テーマ1切り口』を徹底する派です。
見直すべきチェックはこの3つ。
・プロフィールで発信テーマが一言で伝わるか
・投稿ごとにテーマが変わっていないか
・手順や基準など保存したくなる実用情報が入っているか
これだけで反応の土台が変わることが多いです。
みなさんは発信テーマ、何で絞っていますか？",📌,medium,implicit,
2026-10-03,19:00,sidejob,threads,副業,"結論、副業は「単価の高さ」より「再現性」で選んでいい。
単価だけで案件を選ぶと、続かないケースが多い印象。
私が案件を判断する基準は次の5つ。
✅ 週5時間以内で完結するか
✅ マニュアル化できる作業か
✅ 単発でなく継続案件があるか
✅ クライアントとの連絡頻度が多すぎないか
✅ 身につくスキルが翌月以降も使い回せるか
この基準に当てはまらない案件は、単価が高くても長続きしにくいと感じています。
今やってる副業、この5つに何個当てはまりますか？",✅📝,high,implicit,
2026-10-03,21:00,sidejob,threads,副業,"体感で言うと、副業が続かない人の共通点は「毎日更新」をノルマにしていること。
逆に半年以上続けられている人ほど、最初から「週3日でいい」とハードルを下げている印象がある。
理由はシンプルで、一度更新が止まると再開のハードルが一気に上がるから。
私は投稿頻度より「破綻しない仕組み」を優先する派です。
毎日更新、まだ続けられていますか？",🗓️💭,medium,implicit,
2026-10-03,07:00,beauty,threads,美容,"肌がゆらいでいるサイン、私は3つだけ見れば十分だと思っている。
①いつもより赤みが出やすい
②化粧水がしみる
③皮膚科で「肌が薄い」と言われたことがある
どれか1つでも当てはまる人は、攻めのケア（レチノール・酸系）を毎日から週2〜3回に落として、保湿を厚めにするだけで印象が変わることが多いらしい。
攻めと守り、今どっちを優先してますか？",🌿✨,high,implicit,
2026-10-03,12:00,beauty,threads,美容,肌がゆらいでいるサインは、実は3つだけ覚えておけば十分だと思っている。①化粧水がしみる②いつもより赤みが出やすい③皮膚科で「乾燥・バリア機能が低下」と言われた。結論、1つでも当てはまったら攻めケア（レチノールや酸系）は週1〜2回まで落として、保湿を厚めにするだけで扱いやすくなる、という印象がある。今の時期、当てはまる人ってどのくらいいるんだろう？,🧴✋,high,implicit,
2026-10-03,19:00,beauty,threads,美容,"結論、スキンケアは「順番」より「温度」で変える方が肌に合うと思っている。
夏は化粧水を体温に近づけてから重ね付け、冬は乳液を早めに足して蒸発を防ぐイメージ。
チェックしたいのは①肌がつっぱる時間帯②メイクがヨレる場所③週末の肌荒れ頻度、の3つ。
1つでも当てはまったら、季節ごとに順番を見直すサインだと思う。
みんなは季節で使う順番、変えてる？",🧴☀️❄️,high,implicit,
2026-10-03,21:00,beauty,threads,美容,"レチノールは毎日より、週3〜4回+保湿多めの方が続けやすいと思っている。
肌がゆらいでいるサインは次の3つ。
①いつもより赤みが出やすい
②化粧水がしみる
③皮膚科で「乾燥・薄い」と言われたことがある
1つでも当てはまるなら、頻度を落として保湿を厚くするのも選択肢だと思う。
毎日派？休み休み派？コメントで教えて",🌙✨,high,implicit,
2026-10-03,07:00,bodymake,threads,筋トレ,"結論、筋トレが続くかどうかは「最初の2週間の頻度設計」でほぼ決まると思っている。理由はシンプルで、習慣が固まる前に高頻度・高強度にすると、心身の負荷でやめやすくなるから。
続けやすい人に共通する初期設計はこの3つ。
・週2〜3回からスタートする
・同じ部位を連続で追い込まない
・「休む日」を先にカレンダーへ入れておく
この3つを外している人ほど、3週間以内に離脱しやすい印象がある。あなたは最初の2週間、どんな頻度で始めた（始める予定）？",📅💪,high,implicit,
2026-10-03,12:00,bodymake,threads,筋トレ,"「筋肉痛が出ないと効いていない」というのは半分間違いだと思っている。筋肉痛はダメージの指標であって、成長そのものの指標ではないからだ。
実際、扱う重量や回数の推移が右肩上がりなら、筋肉痛がなくても筋力・筋量は伸びているケースがある。
成長判断に使えるチェックポイントはこの3つ。
・同じ種目の重量が3週間前より伸びているか
・同じ重量でのフォームが安定してきたか
・翌日の「動ける感覚」を疲労感より重視できているか
この3つを記録し始めると、筋肉痛の有無に一喜一憂しなくなる気がしている。あなたは何を基準に伸びを判断してる？",📊🔥,high,implicit,
2026-10-03,19:00,bodymake,threads,筋トレ,"停滞期に入ったとき、種目を増やす前に見直されがちなポイントをメモ。
① 睡眠時間が最近削れていないか
② 同じ重量・回数が何週も続いていないか
③ 体重の変化に対して食事量が合っているか
この3つから確認する、という考え方があるらしい。
みんなは停滞期、まず何から見直す？
📝",📝,high,implicit,
2026-10-03,21:00,bodymake,threads,筋トレ,体重×1.5gのタンパク質量、いきなり計算しなくていい。私が続けているのは「卵1個＋納豆1パック」を毎日の食事に固定で足すだけのルール。数字を追うより“いつもの食事に1品足す”方式の方が続く気がしている。今日の食事、あと何を足せそう？,🥚,medium,implicit,
2026-10-03,07:00,education,threads,教育,"夏休みの自由研究、テーマ決めから仕上げまで親がかなり伴走する家庭と、子どもにほぼ任せて見守るだけの家庭がある。完成度を重視するか、試行錯誤の過程を重視するかで自然と分かれるポイント。
あなたの家庭は伴走派？見守り派？",☀️,high,implicit,
2026-10-03,12:00,education,threads,教育,"子どもの「朝の準備」、声かけする派としない派で家庭の空気がだいぶ変わる。
毎朝リマインドして一緒に進める家庭もあれば、失敗も経験のうちと見守る家庭も。
どちらも『自分でできるようになってほしい』という気持ちは同じだけど、やり方は真逆になりがち。
あなたの家はどちら派ですか？",🕗,high,implicit,
2026-10-03,19:00,education,threads,教育,"小学生の「音読カード」、地味だけど見落としがちなポイント3つ。
①同じページを繰り返す日があっても問題なし、むしろ定着のサイン
②サインする欄は『聞いた時間帯』も一言添えると先生に伝わりやすい
③声の大きさより『区切って読めているか』の方がチェックポイントとして有効
保存しておくと役立つかもしれません。",📖,medium,implicit,
2026-10-03,21:00,education,threads,教育,"結論、宿題は低学年のうちは隣について見る派です。
理由はシンプルで、伴走ありのほうが「わからない」をその場で解消できるから。
うちで目安にしている切り替えラインはこの3つ。
①漢字の書き取りは3年生から一人でOK
②文章題は「式だけ一緒→計算は一人」に移行
③丸つけは学年関係なく一緒にやる
みなさんの家庭の切り替えラインはいつ頃でしたか？",📐📝,high,implicit,
2026-10-03,07:00,setsuyaku,threads,節約,ふるさと納税、いまだに『返礼品ランキング』から選んでる人が多い気がする。私は先に控除上限額を計算してから探す派。手順はシンプルで、①年収から上限額を出す②米や洗剤など普段使いのカテゴリで探す③届く時期を分散させる、この3ステップだけ。年末に慌てて選ぶより今の時期に動いた方が選択肢が多い。今年もう申し込んだ人いる？,🍚📦,high,implicit,
2026-10-03,12:00,setsuyaku,threads,節約,先月のスーパー、去年と同じ買い物カゴなのに800円くらい高くなってた気がする。値上げの実感って数字にすると結構でかい。私は毎回レシートを前月分と見比べる派で、家計簿アプリより肌感覚が掴みやすいと思ってる。細かい値上げ、みんなはどの商品で一番感じてる？,🧾📈,high,implicit,
2026-10-03,19:00,setsuyaku,threads,節約,"月額3000円以上のスマホ代を払ってる人、結論そのままだと損してます。

私は「基本料＋事務手数料＋通話料」の総額でしか比較しない派です。

見るべきポイントは3つだけ。
① 直近3ヶ月の平均データ使用量（設定画面で確認）
② 通話は月何分か（かけ放題が必要か）
③ 契約時の事務手数料込みの実質月額

表面の月額だけ見て選ぶと、結局高くつくケースをよく見かけます。

みんなは乗り換えるとき、月額以外にどこ見て決めてます？",📱,high,implicit,
2026-10-03,21:00,setsuyaku,threads,節約,"ふるさと納税、12月にまとめてやる人が多いですが、私は「夏のうちに上限額だけ確認しておく」派です。

理由はシンプルで、年末は返礼品が品切れ・発送遅延になりやすいから。

やることは2つだけ。
① 今年の想定年収からざっくり上限額を計算
② 上限の8割くらいまでで一度申し込んでおく

『年末にまとめて選ぶ楽しさ』もわかるけど、選択肢が減ってから焦るより早めの方が結局お得だと感じます。

みなさんは毎年いつ頃やってますか？",🍅,medium,implicit,
2026-10-03,07:00,tenshoku,threads,転職,"「今の会社が嫌」だけで転職活動を始めると、正直うまくいかないケースが多いと感じている。

私が見てきた中で、うまくいっている人には共通点があった。
・辞めたい理由より「叶えたい条件」を先に言語化している
・年収だけでなく働き方の優先順位が決まっている
・応募前の自己分析にちゃんと時間をかけている

逆に勢いだけで書類を出す人ほど、入社後にミスマッチを感じやすい印象がある。

今の転職理由、「逃げ」より「叶えたいこと」で言えてる？",💭🔍,high,implicit,
2026-10-03,12:00,tenshoku,threads,転職,"面接で給与交渉をしない人がまだ8割くらいいる気がする。
私は「交渉しない方がリスク」派。

交渉するタイミングの基準はこの3つだけ見てる。
①内定通知後、入社日確定前
②他社オファーがある場合は先に開示
③希望額は根拠（前職給与・市場相場）とセットで出す

これだけでも印象は悪くならないし、下がることはほぼない。

みんなは給与交渉、したことある派？しない派？",💬📈,high,implicit,
2026-10-03,19:00,tenshoku,threads,転職,"求人サイトの倍率が高くても、現場の実感は「買い手市場」という人が6割超えてるらしい。
私はこのギャップこそが転職活動の落とし穴だと思ってる。

『本当に人が足りてる会社』を見極める基準はこの3つ。
・面接官が2回以上変わる＝選考が慎重＝実は余裕がある可能性
・スカウトの文面が定型文か個別かで温度感が分かる
・求人票の「即日入社歓迎」は逆に警戒したほうがいい

数字だけで判断すると痛い目を見る。

このギャップ、実際に感じたことある人いる？",🔍📊,high,implicit,
2026-10-03,21:00,tenshoku,threads,転職,"私は「転職エージェント3社登録」派です。理由は単純で、求人の出方が会社によって全然違うから。
1社だけだと紹介される求人の数も業界の偏りも大きい、という声はよく聞きます。

登録前に見るべきチェックリストはこの3つ。
・得意業界（IT/メーカーなど）が自分と合っているか
・担当者の初回提案までのスピード
・面談の日程調整のしやすさ

これだけで「合わないエージェント」に時間を溶かすリスクはかなり減らせます。

みなさんは何社登録していますか？",📋,high,none,
2026-10-03,07:00,pet,threads,ペット,"結論、犬の留守番対策は""環境""より""合図の習慣化""で決まると考えている。
チェックリスト
・出る前と帰宅後の声かけを毎回同じ言葉にする
・退屈対策グッズは3日おきに入れ替える
・室温と換気は数値で管理し感覚に頼らない
この3点を意識するだけで留守番中の様子が変わったという報告は多い。あなたの家ではどれを優先している？",🐕📝,high,none,
2026-10-03,12:00,pet,threads,ペット,"猫の1日の飲水量は体重1kgあたり50mlが目安とされている。私はこの数字を下回った日は要注意ラインだと考える派。
判断基準
・器の水は最低1日1回入れ替える
・複数の器を離れた場所に置く
・冬場は基準値を下回りやすいので温度も確認する
数字で管理すると変化に気づきやすいという声が多い。普段、水分量はどう確認してる？",🐈💧,high,none,
2026-10-03,19:00,pet,threads,ペット,犬が『ご褒美用おやつ』の匂いを嗅いだ瞬間に真顔になる瞬間、あれは表情筋より『間』で感情を伝えている証拠だと思う。結論、指示を出す前に3秒待つだけで反応がはっきり変わることが多い。急かすより『待たせる』方が実は伝わりやすいという観察、共感する飼い主さん多い印象。みなさんの子は何秒くらい待てますか？,🐶⏱️,medium,implicit,
2026-10-03,21:00,pet,threads,ペット,35℃の日、アスファルト表面温度は60℃近くまで上がることがある。結論、日中の散歩は避けて『朝5時台』か『夜9時以降』の二択でいいと思う。チェックすべきは3つだけ。①手の甲を5秒地面につけて熱くないか②肉球の色や歩き方に違和感がないか③水分補給用のボトルを常に携帯しているか。この3つを守るだけで熱中症リスクはかなり下げられる印象。みなさんは散歩の時間、いつにずらしてますか？,🌡️🐾,high,implicit,
2026-10-03,07:00,sleep,threads,睡眠,"結論、夜中に何度も目が覚めるなら“質問”より先に“室温”を疑ったほうがいいと思う。
チェックリスト
・寝室が27℃以下か
・除湿は40〜60%目安になっているか
・扇風機の風が体に直接当たっていないか
一つでも当てはまらないなら、まずそこから見直すのが近道。今の時期、何度目が覚める？",🌙💦,high,implicit,
2026-10-03,12:00,sleep,threads,睡眠,"結論、お盆休みで夜型になった人は、今が一番戻しにくい時期だと思う。
観察していると崩れがちなのはこの2パターン
・起床時間だけ元に戻して就寝時間はそのまま
・寝る前のスマホ時間だけ伸びたまま
休み明け、みんなはどう立て直してる？",🌅📱,medium,implicit,
2026-10-03,19:00,sleep,threads,睡眠,入眠までの目安は10〜20分。30分以上かかる日が続くなら、寝具より先に環境を疑ったほうがいいというのが私の考え。チェックすべきは3つだけ。①寝る1時間前のスマホ②寝室の温度③寝る直前の入浴タイミング。今の暑い時期は①②の影響が特に大きいと感じている。あなたはこの3つのうち、どれが一番崩れやすい？,🌙💤,high,implicit,
2026-10-03,21:00,sleep,threads,睡眠,結論、寝苦しい夜に安眠グッズを増やすより先にやることがある。それは『室温を下げる』の一択だと思っている。手順はシンプル。①就寝1時間前にエアコンを26〜27℃設定②寝る直前の熱いシャワーはNG、ぬるめの湯船かシャワーのみ③掛け布団は接触冷感素材に変える。この3つを順番通りにやるだけで体感はかなり変わるという声をよく見かける。今夜、この中でどれから試せそう？,🌡️😴,high,implicit,
2026-10-04,07:00,konkatsu,threads,婚活,"私は、婚活が停滞する一番の原因は「年収」より「審査モードが抜けないこと」だと思う。
最初はときめきで会っていたはずなのに、3回目あたりから急に条件確認モードに切り替わる人を何人も見てきた。
■審査モードに入っているサイン
・会話の8割が確認作業になっている
・相手の弱みより強みばかり探している
・楽しかった記憶より条件の一致率で判断している
審査を忘れられた瞬間からしか、関係は前に進まないと考えている。
最近のデートで、つい確認モードになってしまった瞬間はありましたか？",💭✅,high,implicit,
2026-10-04,12:00,konkatsu,threads,婚活,"婚活中の人の話を聞いていると、プロフ写真で一番差が出るのは加工より表情だと感じる。
結論、自己紹介文の雰囲気と写真の表情が一致していないと不成立になりやすい気がする。
■見直しポイント
・自然光で撮っているか
・口角より目が笑っているか
・年齢に見合った雰囲気か
プロフ迷子、意外と多い印象。みんなは写真何枚使ってる？",👀,medium,implicit,
2026-10-04,19:00,konkatsu,threads,婚活,"婚活で一番もったいないのは、最初の「楽しみ」が数ヶ月で「条件確認」に変わることだと思う。私は、会話の中心が年収や実家の話ばかりになったら一度立ち止まる派。

■審査モードに入っているサイン3つ
・話題の中心が「年収・職種・実家・将来設計」に偏っている
・LINEの文面が事務連絡っぽくなっている
・会う前から次の候補を探し始めている

この3つに当てはまったら、条件より「一緒にいて楽か」を見直すタイミングかもしれない。
あなたはどんな瞬間に審査モードに気づく？",💍🔍,high,implicit,
2026-10-04,21:00,konkatsu,threads,婚活,"先週、電車で隣に座った2人の会話が最後まで敬語のままだったのを見かけた。私は、3回目のデート以降も敬語や距離感が変わらない相手とは、進展が鈍いことが多いと感じている。

■距離感が縮まっているかの判断基準
・下の名前や愛称で呼べているか
・沈黙があっても気まずくないか
・LINEの返信が短文でも成立しているか

条件よりも先にこの「距離感」を見たほうが、後の失敗が減る気がしている。
あなたは何回目のデートで距離感の変化を感じる？",🚃💬,medium,implicit,
2026-10-04,07:00,sidejob,threads,副業,"結論、副業を選ぶ基準は「単価」より「再現性」だと思う。

高単価でも自分にしか売れないスキルは長続きしにくい。逆に単価が低くても、毎回同じ手順で数字が読める仕組みの方が結果的に続けやすいと感じる。

副業を選ぶ前に見るチェックリスト
・作業時間が毎回大きくブレないか
・自分が休んでも仕組みが回るか
・成果が数字で見える仕組みか

これに当てはまらない副業は、始める前に一度立ち止まった方がいいと思う。

みんなは副業選びで何を一番重視してる？",📝✅,high,implicit,
2026-10-04,12:00,sidejob,threads,副業,"丁寧に書きすぎた投稿ほど伸びない、というのは副業アカウントを見ていてよく感じること。

長文で背景から説明するより、3行で言い切る投稿の方が反応が良い印象がある。通勤時間にサッと読める分量に収まっているかどうかは、地味だけど大きな差になっている気がする。

短く言い切る投稿の型
・1行目で結論を言う
・2行目で理由をひとつだけ添える
・3行目で行動か問いで締める

丁寧に書きすぎて逆に反応が伸びなかった経験、心当たりある人いる？",✂️💭,medium,implicit,
2026-10-04,19:00,sidejob,threads,副業,"結論、初心者が最初に手を出すべき副業は「在庫を持たない系」だと考えています。
判断基準はシンプルに3つ。①初期費用1万円以下②即日撤退できる③スキマ時間で完結する。
この3条件を満たさない副業話は、契約前に一度立ち止まる価値があると思います。
あなたが今検討している副業、この基準に当てはまりますか？",📝✅,high,implicit,
2026-10-04,21:00,sidejob,threads,副業,"副業を始めて早期にやめる人に共通するのは、「完璧な準備」を先にやろうとする傾向だと感じています。
私は「まず小さく1件動いてから改善する」派です。
準備期間が長くなるほど、実行に踏み出す心理的ハードルが上がっていく現象、周りで見かけませんか？",💭🔍,medium,implicit,
2026-10-04,07:00,beauty,threads,美容,"結論、秋の乾燥対策は「化粧水の量」より「重ねる回数」がカギだと思う。
チェックしてほしいポイントは3つ。
①肌がつっぱる時間帯が朝か夜かで違うか
②メイクのヨレが増えたか
③使うアイテムを季節で変えているか
1つでも当てはまるなら、量を増やす前に重ねづけの回数を見直すのがおすすめ。
秋の乾燥、対策変えた人います？",🍂✨,high,implicit,
2026-10-04,12:00,beauty,threads,美容,"私は「毛穴パック」より「保湿の均一化」を優先する派。
乾燥した部分ほど皮脂が過剰に出て毛穴が目立ちやすくなると考えているから。
見直すポイントは2つだけ。
①Tゾーンと頬で化粧水の量を変えていないか
②夜だけ保湿して朝は省略していないか
この2つを直すだけで印象が変わったという声もよく見かける。
毛穴対策、今どうしてますか？",🔍✨,medium,implicit,
2026-10-04,19:00,beauty,threads,美容,"結論、毛穴とくすみは「隠す」より「土台から整える」ほうが長期的には楽だと思っている。
私の基準はシンプルで、①下地前に毛穴用の下地を一枚挟む②くすみは色ムラよりまず乾燥ケアを先にする③厚塗りで誤魔化す日は週1以下にする、の3つだけ。
特別な日だけ気合いを入れるより、日常の延長で整えるほうが結局続く気がしている。
あなたは「隠す派」「土台から整える派」どっち？",🧴✨,medium,implicit,
2026-10-04,21:00,beauty,threads,美容,"はっきり言うと、肌だけ頑張っても髪がパサついていると顔全体の印象がくすんで見えると思っている。
私が意識しているのは、①乾かす前にオイルを一滴つける②アイロン前も同じ工程を挟む③ディープトリートメントは週1回だけ、の3ステップだけ。
肌の透明感を仕込む前に髪のツヤを仕込んだほうが、写真の伸びが早い気がしている。
今、肌ケアと髪ケア、時間をかけているのはどっち？",💇‍♀️✨,medium,implicit,
2026-10-04,07:00,bodymake,threads,筋トレ,結論、忙しい日ほど「10分メニュー」でいいと思っている。私が実践しているのはスクワット10回・腕立て10回・プランク30秒の3つだけ。完璧な60分より、ゼロの日を作らないことの方が半年後の差になる気がしている。あなたが忙しい日に削るなら、種目？時間？それとも回数？,💪🏠,high,implicit,
2026-10-04,12:00,bodymake,threads,筋トレ,私は「タイミングより合計量」派。筋トレ後30分以内にこだわるより、朝・昼・夜でタンパク質を1品ずつ足す方が結局続く。目安は卵1個・納豆1パック・ヨーグルト1個をそれぞれ別の食事に足すだけ。細かい計算より『足す習慣』を先に作る方が挫折しにくいと感じている。みんなはタイミング重視？合計量重視？,🍳⏱️,high,implicit,
2026-10-04,19:00,bodymake,threads,筋トレ,"結論、タンパク質は体重×1.2gで十分だと思っている。厳密に計算するより「今日どれだけ実行できたか」の方が重要。
続けやすさの基準は①朝に卵か納豆を1品追加②間食を加工食品からゆで卵やヨーグルトに変える③体重は2週間単位で見る、の3つだけ。
量より継続、どっちを優先してる？",🥚💪,high,implicit,
2026-10-04,21:00,bodymake,threads,筋トレ,"筋トレより睡眠を優先する、が私の結論。追い込んだ日ほど回復が遅れている人を見ていると、そう感じる。
チェックしたいのは①就寝1時間前はスマホを置く②筋トレは就寝3時間前までに終える③入浴で深部体温を上げすぎない、の3つだけ。
あなたは何時間睡眠を目標にしてる？",😴🛏️,high,implicit,
2026-10-04,07:00,education,threads,教育,"結論、テストの点数は見せてもらう派です。
点数そのものより「どこで間違えたか」を一緒に確認する材料になると考えています。
我が家で決めているチェックポイントは3つ。
①70点以下は原因を一緒に探す
②90点以上は結果より過程を一言褒める
③点数の良し悪しでその日の機嫌を変えない
見せなくていい派のご家庭は、どんな基準でやる気を守っていますか？",📊✏️,high,implicit,
2026-10-04,12:00,education,threads,教育,"結論、家庭のご褒美設計は「プロセス評価8割・結果評価2割」がちょうどいいと感じている。
テストの点数だけを見ていると、点数が伸びない時期にやる気の土台まで崩れやすい。
・机に向かった時間
・声に出して読んだ回数
・分からない問題に粘った時間
このあたりを記録して、月末にまとめて結果と紐づけるくらいが現実的だと思う。
みなさんの家庭では、どちらの比重が大きいですか？",🎯📝,high,implicit,
2026-10-04,19:00,education,threads,教育,"結論、子どもの「できない」は「まだ」に言い換えるだけで行動が変わりやすいと感じている。
言い換えの基準はシンプルに3つ。
①結果ではなく直前の行動を言葉にする
②比較は「昨日の自分」に限定する
③できたことは具体的な数字で伝える（例：10分早く着席できた）
抽象的な励ましより、この方が次の一歩につながりやすい気がする。
他に効果を感じた言い換え、あれば教えてください。",📌✨,high,implicit,
2026-10-04,21:00,education,threads,教育,"結論、プログラミングはもう『習い事の選択肢』ではなく『受験科目の準備』だと私は見ています。
情報Ⅰが共通テストに入ってから、周囲の相談内容は「楽しく触れさせたい」から「間に合わせたい」に変わってきました。
判断基準はシンプルに2段階、
・中学までに触れて型に慣れる
・高校からは演習量を増やす
この順番で考えると迷いにくいです。
みなさんはいつから対策を意識し始めましたか？",📝,high,implicit,
2026-10-04,07:00,setsuyaku,threads,節約,"月の固定費が3万円台に収まるかどうかで、貯金体質は9割決まると思っている。私は結論、食費を削るより先に固定費を見直すべき派です。
見直す優先順位は①通信費②サブスク③保険④電気ガスの順が効率的。
チェックリスト
・スマホ代が月5000円を超えていないか
・使っていないサブスクが3つ以上ないか
・保険に『なんとなく』で入っていないか
固定費、最後に見直したのいつですか？",💰📝,high,implicit,
2026-10-04,12:00,setsuyaku,threads,節約,"食費を切り詰めるより、惰性で払っている固定費を削る方が続けやすいと思う。私はここ数年、食費より先に契約系の見直しから手をつける派です。
節約が続かない人に共通するのは、我慢を積み重ねて疲れてしまうこと。一度手続きすれば自動的に減る仕組みの方が挫折しにくい。
変動費と固定費、みなさんはどっちから見直しましたか？",🧾💡,medium,implicit,
2026-10-04,19:00,setsuyaku,threads,節約,"結論、節約はまず固定費から。食費を削るのは一番最後でいい。
通信費・サブスク・保険の3つは、一度見直せば効果がずっと続くのが強み。
手順はシンプル↓
1) 契約中のサブスクを全部書き出す
2) 直近1ヶ月使っていないものを解約
3) 保険の保障内容が重複していないか確認
食費や外食を我慢するより、心理的なストレスが少ないのが固定費見直しの良いところ。
みんなは固定費、最後に見直したのいつ？",🏠📝,high,implicit,
2026-10-04,21:00,setsuyaku,threads,節約,"結論、節約で家庭がギスギスするのは『我慢の分担』がズレてるだけだと思う。
サブスクは放置なのに子どものおやつだけ削られる、みたいな家庭は意外と多い。
削る前にやっておきたいこと↓
・家族それぞれの『削れそうなもの』を出し合う
・一人にだけ我慢を集中させない
・小さな楽しみは最後まで残す
節約は根性より仕組みで続ける方が長持ちする気がしている。
うちはこうしてる、という工夫があれば教えてほしい。",👨‍👩‍👧🍰,medium,implicit,
2026-10-04,07:00,tenshoku,threads,転職,"結論、面接での退職理由は「ポジティブ変換一択」だと思っている。
「人間関係が嫌だった」ではなく「よりチームで成果を出せる環境を求めた」に言い換えるだけで、面接官の受け取り方は変わる、という声は多い。

言い換えの基準はシンプル。
・ネガティブワードを削る
・未来志向の言葉に変える
・具体的な行動やスキルにつなげる

これを意識するだけで、同じ経歴でも印象は大きく変わるはず。

みんなはどう言い換えてる？",💬,medium,implicit,
2026-10-04,12:00,tenshoku,threads,転職,"転職エージェントは1社より3社使う方が良いと思う。理由は求人の偏りと担当者の当たり外れをなくすため。
比較するときに見てるポイントはこの4つ。
・提案してくる求人の幅
・年収交渉の実績
・担当者の業界理解度
・面接後のフィードバックの速さ
1社だけだと『その担当者の得意分野』しか見えてこない。みなさんは何社くらい使ってますか？",📝✅,high,none,
2026-10-04,19:00,tenshoku,threads,転職,"転職理由を『人間関係』とそのまま面接で言う人は少ないと感じる。結論、本音と建前は最初から分けて整理しておいた方がいい。
・本音（自己分析用）：人間関係、給与、将来不安
・建前（面接用）：キャリアアップ、スキル活用
本音を隠すのではなく、面接用に翻訳しておくイメージ。みなさんは本音と建前、どう線引きしてますか？",🗣️🔍,high,implicit,
2026-10-04,21:00,tenshoku,threads,転職,"有効求人倍率1.18倍でも、書類選考の通過率は体感で下がっている。私は「応募数より一社ごとの準備の質」派。
最低限これだけは揃えてから出すべきだと思っている項目↓
・職務経歴書は求人票の文言に合わせて言い換える
・志望動機は「なぜこの会社か」まで踏み込む
・退職理由はネガティブ→前向きに変換して1行で言えるようにする
ここまでやって落ちるなら、応募先の相性の問題だと切り替えていい。
今の転職活動、数で勝負派？質で勝負派？",📝,high,implicit,
2026-10-04,07:00,pet,threads,ペット,"うちの猫、掃除機をかけた日は決まって半日ふてくされてる。もう3年目だけど毎回同じ反応。

私は正直、掃除機のタイミングは猫の機嫌優先派。多少部屋が汚くても、猫が隠れて出てこない時間を作らない方が結果的にストレス少ないと思ってる。

音に敏感な子への対策、うちでやってるのは
・掃除機前におやつで別室に誘導
・掃除の直前に一声かける
・終わったらすぐ横に座って様子を見る

これくらいで様子見の時間は結構減った。

みんなの子は掃除機、平気なタイプ？それとも即逃走タイプ？",🐱🧹,high,implicit,
2026-10-04,12:00,pet,threads,ペット,"月の餌代、犬猫1匹あたり5,000〜8,000円が「普通」だと思ってる。これより極端に安い場合は原材料を一度見直した方がいいと感じる。

私はコスパより「原材料の最初の3つが何か」を優先派。安さだけで選んで体調を崩された経験があるので、そこは譲れないラインにしてる。

選ぶときにチェックしてる基準はこの3つ。
① 主原料が穀物メインじゃないか
② 添加物表記がシンプルか
③ 年齢・体重に合った粒サイズか

この基準にしてから、うちの子は毛艶と便の状態が安定した。

餌選び、みんなは価格重視？成分重視？",🐾🍖,medium,implicit,
2026-10-04,19:00,pet,threads,ペット,"結論、フード選びで一番見るべきは「原材料表示の順番」だと思っている。

最初の3つに肉・魚由来のタンパク源が入っているかで、だいたいの品質は判断できる。

保存版チェックリスト↓
□ 原材料の1〜3番目にタンパク源があるか
□ 添加物の種類が多すぎないか
□ 便の状態（硬さ・匂い）が切り替え後2週間で安定したか
□ 粒の大きさが顎の力に合っているか

毎回パッケージ裏を見返すのが面倒な人向けの基準です。

みなさんはフード選びで一番重視してる項目、何ですか？",🐾📋,high,implicit,
2026-10-04,21:00,pet,threads,ペット,"猫が急に飼い主の膝から降りて、少し離れた場所で丸くなるのは「嫌い」じゃなくて「安心してる証拠」だと思っている。

ベタベタ甘えるだけが愛情表現じゃなくて、視界に入る距離で寛いでいること自体が信頼のサインというのが私の見方。

同じ空間にいるのに触れ合わない時間、うちのコだけかと思ってたけど意外とあるあるらしい。

猫飼いのみなさん、この「つかず離れず」感じたことあります？",🐈,medium,none,
2026-10-04,07:00,sleep,threads,睡眠,"結論、入浴は寝る90分前が一番効果を感じやすいと思っています。私は「90分前入浴派」。理由は体温が下がり始めるタイミングと、入眠に向かう体内リズムが噛み合うから。
今日からできる3ステップ↓
①38〜40度で10〜15分浸かる
②上がったらすぐ靴下を脱ぐ
③照明を落として画面を見ない
これだけで寝つきが変わったという声、よく見かけます。あなたは何分前派ですか？",🛁🌙,high,implicit,
2026-10-04,12:00,sleep,threads,睡眠,"室温は18〜20度が睡眠の質に一番影響すると感じています。私は「寒め設定＋厚手ブランケット派」。エアコンをタイマーで切って朝方に室温が上がり、中途覚醒するという相談が地味に多いです。
チェックリスト↓
・就寝時は18〜20度に設定
・タイマーではなく朝までつけっぱなしが安定
・掛け布団は薄手を2枚で微調整
今の寝室、何度に設定してますか？",🌡️😴,high,implicit,
2026-10-04,19:00,sleep,threads,睡眠,"結論、夜中に何度も目が覚めるのは「気にしすぎ」より先に室温と光を疑ったほうがいい派です。
目安にしているチェックはこの3つ↓
①寝る1時間前は暖色照明に切り替えているか
②布団の中の温度が高すぎないか
③起床時刻を平日休日で大きくズラしていないか
どれか当てはまる人、地味に多いはず。あなたはどれが一番怪しいと思う？",🌙💤,high,implicit,
2026-10-04,21:00,sleep,threads,睡眠,"最近「夜中に3回以上目が覚める」という声をよく見かける。私はこれ、スマホより『布団の中で考え事をする時間』の影響のほうが大きいと思っている派です。
試している人が多い対策はシンプルで、
・寝る前に『明日やること』を紙に書き出す
・布団に入ったら考え事を一旦保留にする
これだけで中途覚醒が減ったという話をよく聞きます。同じタイプの人いる？",🛌📝,medium,implicit,
2026-10-05,07:00,konkatsu,threads,婚活,"結論、婚活が長引く人の多くは「審査モード」に入り込んでいると感じる。条件確認から入るほど、相手も身構えて距離が縮まらない。

■審査モードに入っているサイン3つ
・初対面でいきなり年収/実家/将来設計を聞く
・沈黙が怖くて質問攻めになる
・LINEが「今度会いましょう」で止まり日程を詰めない

私は「面接官をやめた瞬間に、婚活は前に進む」派。条件を通過した先に好意があるのではなく、条件を忘れた瞬間に好意が生まれるものだと思う。

あなたは直近のデート、趣味の話に何分使えた？",💍🤔,high,implicit,
2026-10-05,12:00,konkatsu,threads,婚活,"結論、同棲の話し合いは「言葉が同じでも意味が違う」ことが多いと思う。

先日、地下鉄で隣になった20代後半くらいの2人の会話がふと耳に入った。「一緒に住もう」という同じ一言に対して、片方は現状維持のつもりで、もう片方は結婚への準備のつもりで話しているように聞こえた。

■同棲前にすり合わせておきたい3つ
・同棲のゴール（結婚時期）をいつまでに話すか
・生活費・家事の分担ルール
・将来の話題が出たときの反応を観察する

私は「同棲の意味は、言葉より態度で確認するべき」派。

あなたは同棲、通過点派？それとも結婚への準備派？",🏠💬,high,implicit,
2026-10-05,19:00,konkatsu,threads,婚活,"結論、婚活で停滞する人の多くは「審査モード」に入りすぎていると感じる。
最初は『どんな人だろう』だったのに、気づけば年収・学歴・実家の話ばかり聞いていないだろうか。
私は、条件確認より先に『素の自分が出せる相手かどうか』を見る派。
■審査モードに入っているサイン
・沈黙が怖くて質問攻めになる
・LINEが用件だけのやり取りに変わる
・会うたびに品定めされている感覚が強くなる
一つでも当てはまったら、条件リストより会話の中身を見直した方がいいと思っている。
あなたは今、どちらのモードだと思う？",💍📝,high,implicit,
2026-10-05,21:00,konkatsu,threads,婚活,"初対面から3回目のデートまでずっと敬語のまま、というのは珍しいことではないと観察している。
私は『3回目で下の名前を呼べているか』を進展の分かれ目として見ている派。
■距離感が縮まっているかのチェック
・沈黙になっても気まずくならない
・LINEの文末に絵文字や砕けた言い回しが増える
・次の予定を相手から提案してくるようになる
逆にこれが3回目を過ぎても変わらない場合、関係は仮交際のまま止まりやすいと感じている。
あなたの婚活で、距離感が変わった瞬間はどんなタイミングだった？",📏💬,medium,implicit,
2026-10-05,07:00,sidejob,threads,副業,副業アプリを3つ以上掛け持ちしてる人、正直成果が分散して伸びにくいと感じる。私は「1つに集中→一定期間で反応が出なければ乗り換え」派です。乗り換えるかどうかの判断基準は3つ。①初月に実際に手を動かした時間 ②得られた反応・問い合わせ数 ③自分の得意分野との相性。増やす前に一度この3つで立ち止まってみてほしい。あなたは掛け持ち派？集中派？,📝✅,high,implicit,
2026-10-05,12:00,sidejob,threads,副業,在宅ワークの求人、応募者の多くが単価だけを見て選んでいる印象がある。私は「継続して依頼が来るかどうか」で選ぶべき派。単価が高くても更新されない案件は結局稼働ゼロになりやすい。見るべきポイントは①募集期間の長さ ②依頼主のレビュー数 ③初回対応の速さ、の3つ。単価と継続率、どちらを優先して選んでる？,🔍,medium,none,
2026-10-05,19:00,sidejob,threads,副業,"結論、副業初心者はまず「在庫を持たない」ジャンルから始めるべきだと思っています。
挑戦してすぐ挫折する人の共通点は、初期費用を先に使いすぎることです。
私が見てきた中で続きやすかった順番はこちら👇
①スキル販売（時間さえあれば元手0円）
②アフィリエイト（在庫ゼロ・発送ゼロ）
③物販（在庫リスクあり・最後に検討）
あなたが最初に選んだのはどのタイプでしたか？",👇,high,implicit,
2026-10-05,21:00,sidejob,threads,副業,"体感、副業が続かない人の8割は「毎日投稿」を目標にしすぎていると思っています。
私は質より先に「継続できる頻度」を決める派です。
挫折しやすい人によく見られる特徴はこちら👇
・初日から気合を入れすぎる
・反応がないとすぐやめる
・比較対象がいきなり月収100万円の人
まずは週2投稿を3ヶ月続けるほうが、結果的に早く積み上がります。
今の投稿頻度、少し無理していませんか？",👇,high,implicit,
2026-10-05,07:00,beauty,threads,美容,"「盛れるコスメ」より「自分に合う色」を選んだ方が結局盛れる、と最近よく思う。
私はパーツを強調するメイクより、肌なじみ優先の似合わせ盛り派。
セルフチェックは、①ファンデを頬と顎で色比べする②チークは骨格の一番高い位置に薄く③リップは唇の血色に近い色を選ぶ、の3つだけ。
パーツ盛りで浮いていた頃より、似合わせを意識してからの方が『変わったね』と言われる気がしている。
最近メイクで意識してること、ある？",💄🪞,medium,implicit,
2026-10-05,12:00,beauty,threads,美容,"結論、今話題の「再生系成分」は成分名で選ぶより、悩み別に使い分けるほうが失敗しにくいと感じています。
見ている基準は3つ→①乾燥か赤みかで系統を選ぶ②新成分は少量から試す③3週間は変化を様子見してから判断。
情報が多い時期ほど「基準を先に決める」ほうが近道だと思うのですが、みなさんは成分選びで何を一番重視していますか？",✅🧪,high,implicit,
2026-10-05,19:00,beauty,threads,美容,"私は「攻める美容医療級ケア」より「守る土台ケア」を先に固める派です。
季節の変化で肌がゆらぐという声は美容メディアでもよく指摘されています。
土台ケアの基準は3つ→①バリアを壊さない洗顔に一時切り替え②低刺激処方を選ぶ③肌が落ち着いてから攻めケアを再開。
今の時期、攻めと守りどちらを優先していますか？",🛡️🌿,high,implicit,
2026-10-05,21:00,beauty,threads,美容,"結論、乾燥小ジワ対策は「保湿の量」より「重ねるタイミング」だと思っている。
私がチェックしている基準は3つ。
①洗顔後1分以内に化粧水を1プッシュ
②乳液は手のひらで軽く温めてから伸ばす
③夜だけ保湿量を1.5倍にする
この3つのうち、1つでもやってないと乾燥が戻りやすい印象。
みなさんは重ねるタイミング、意識してますか？",🧴💧,high,implicit,
2026-10-05,07:00,bodymake,threads,筋トレ,"結論、筋トレの伸び悩みは「追い込み不足」より「寝不足」が原因なことが多いと感じている。
📝睡眠チェックリスト
□ 就寝1時間前はスマホを触らない
□ 就寝時刻を毎日そろえる
□ 起床後にタンパク質を摂る
□ 週2回は7時間以上眠る
ここで2つ以上×がついた人は、フォーム改善より先に睡眠を整える方が結果につながりやすい気がしている。
あなたは何個当てはまった？",😴📝💪,high,none,
2026-10-05,12:00,bodymake,threads,筋トレ,"私はタイミングより「1日の合計摂取量」を優先する派です。
体重×1.6g前後を目安に朝昼晩で分けて摂る方が、30分以内のゴールデンタイムを狙うより現実的に続けられると感じている。
📋今日から試せる分け方
・朝：卵or納豆
・昼：鶏むねor魚
・夜：プロテインor豆腐
厳密さより『今日も合計は届いた』の積み重ねが継続の鍵な気がしている。
あなたはタイミング派？合計量派？",🍳📋⏱️,high,none,
2026-10-05,19:00,bodymake,threads,筋トレ,"私は「準備の手間を先に減らす」派。
・前夜にジムバッグを玄関に置く
・着替えを枕元に用意する
・補給用のドリンクを冷蔵庫に常備する
この3つだけで、朝の重い腰がかなり軽くなったという声をよく見かける。
次の朝トレ、あなたは前夜に何を準備しておく？",🎒⏰,medium,implicit,
2026-10-05,21:00,bodymake,threads,筋トレ,結論、筋トレは週3〜4回に抑える派でいる。毎日追い込むより、部位ごとに48〜72時間の回復時間を空けたほうが、扱う重量が結果的に伸びやすいと感じている。曜日固定より「前回の筋肉痛が抜けたか」で次のトレ日を決める人が周りには多い印象。あなたは頻度、何回で回してる？,💪📅,high,implicit,
2026-10-05,07:00,education,threads,教育,"結論、子どもの『できない』への返しは、否定せず現在地を示す一言に変えるだけで反応が変わると感じています。
私が意識しているのは3段階の言い換えです。
・否定しない→「まだ途中だね」
・現在地を示す→「ここまではできてるね」
・次に繋げる→「次はここをやってみようか」
この順番を守るだけで表情が変わることがあります。
みなさんが使っている言い換え、コメントで教えてください。",📌,high,implicit,
2026-10-05,12:00,education,threads,教育,"結論、子どもの「できない」への返しは具体性一択だと思っています。
・「まだできてないだけ」→現在地の言い換え
・「ここまでできてるね」→進捗の可視化
・「一緒に考えてみようか」→伴走宣言
保存版チェックリストとして使ってみてください。他に使っている言い換え、あれば教えてください。",📌✏️,high,implicit,
2026-10-05,19:00,education,threads,教育,"結論、子どもの「できない」への返しは、行動を主語にすると変わると思う。
私は「あなたはできない」ではなく「このやり方がまだ合ってないだけ」と伝える派です。
・成果より途中経過を認める
・他の子と比較しない基準を先に決めておく
・次の一歩だけを具体的に提案する
保存版のつもりで書きました。皆さんが実際に使ってる言い換え、どんなのがありますか？",📝,high,implicit,
2026-10-05,21:00,education,threads,教育,"結論、ロボット教室とプログラミング教室は「入り口」で選べば失敗しにくいと思う。
私は、手を動かすのが好きな子にはロボット、画面の中で完結させたい子にはプログラミングを勧める派です。
判断の目安：
・工作や分解が好き→ロボット系
・ゲームや動画を作りたい→プログラミング系
・両方好きそう→まずは両方の体験だけ受けてみる
どちらのタイプか、迷ってる人はお子さんの普段の遊び方どっちに近いですか？",🤖,high,implicit,
2026-10-05,07:00,setsuyaku,threads,節約,"電気・ガス・水道の明細、先月分と見比べたことありますか？

同じ生活スタイルでも季節や使い方のクセで数百円〜千円単位の差が出ていることがあります。

私は「先月比」を見る習慣をつけてから、無駄遣いに気づきやすくなりました。

みなさんは光熱費、どのタイミングでチェックしていますか？",💡📊,medium,implicit,
2026-10-05,12:00,setsuyaku,threads,節約,サブスク、平均5個以上契約してる人が多いらしい。私は「年1回、全部書き出して先月の利用回数がゼロなら即解約」をルール化するのが一番効くと思う派。①契約中サービスを紙に書き出す②先月使った回数を書く③ゼロなら解約、これだけで固定費は減らせる。今月見直した人、何個解約できた？,📝,high,implicit,
2026-10-05,19:00,setsuyaku,threads,節約,節約って我慢することだと思われがちだけど、私は逆だと思う派。通信・保険・サブスクみたいな固定費を一度整えれば、あとは我慢ゼロで自動的に浮き続ける。逆に食費や外食を削る方法は継続コストが高くて挫折しやすい。あなたが最初に見直すなら、通信費・保険・サブスクのどれから手をつける？,💡,medium,implicit,
2026-10-05,21:00,setsuyaku,threads,節約,"結論、ふるさと納税は9月中に済ませておくべき派です。

2026年10月から返礼品の地場産品基準が厳格化され、家電や域外加工の食品などが対象から外れる可能性があるとされています。欲しい返礼品が決まっている人ほど先延ばしは損になりやすいです。

寄付前にチェックしたい3点↓
✅ 欲しい返礼品が『地場産品基準厳格化』の対象カテゴリか確認
✅ 上限額シミュレーターで控除枠を再確認
✅ 決済方法（クレカ・キャッシュレス）でポイント上乗せがあるか比較

制度が変わるたびに『前のルールのまま』損している人、意外と多い印象です。
みなさんは今年、もう寄付済みですか？",🍤✅,high,implicit,
2026-10-05,07:00,tenshoku,threads,転職,"求職者の6割が「買い手市場」だと感じているのに、実際の有効求人倍率は高止まりしている。このギャップ、放置すると自己評価を下げすぎる原因になると思っている。
結論、求人数の多さと「自分に合う求人があるか」は別問題。
見るべきは求人票の数ではなく、応募先の中で自分の経験がそのまま活きる求人が何件あるかどうか。
数字に振り回されて動けなくなってる人、意外と多い気がする。",📊,medium,none,
2026-10-05,12:00,tenshoku,threads,転職,"年収600万円以上の人の約6割がSNS経由でスカウトを受けた経験があるらしい。
私はこの数字、思ったより低くないなと感じている。

プロフィールを整えるだけで声がかかる可能性があるなら、やらない理由がない。
最低限チェックしたいのはこの3つ。
☑ 職種・スキルが一目でわかる自己紹介文になっているか
☑ 実績は数字ベースで書けているか
☑ 発信内容に一貫性があるか

整っていない人ほど「見られている」意識が抜けている印象。

あなたのプロフィール、この3つ埋まってますか？",📈🧾,high,implicit,
2026-10-05,19:00,tenshoku,threads,転職,"転職活動で後悔するのは「情報収集を怠ったこと」より「決断を先延ばしにしたこと」だと私は思う。
情報はいくら集めても、決める基準がないと堂々巡りになる。

私が決断前に確認している基準はこの4つ。
① 給与は現状維持以上か
② 裁量権は増えるか減るか
③ 通勤・働き方の負荷は許容範囲か
④ 1年後にスキルとして残るものがあるか

全部満たさなくてもいいけど、2つ以下ならまだ動くタイミングじゃない気がしている。

この基準、あなたなら何を足しますか？",🧭✅,high,none,
2026-10-05,21:00,tenshoku,threads,転職,"第二新卒・既卒向けの転職支援をいくつか調べて、入口が「無料カウンセリング」のものと「登録だけ」のものに分かれる印象があった。

比較するときに見ていたのは3つ。
・初回が面談か、登録完了か
・条件の棚卸しが先か、求人提示が先か
・入社後の記述があるか

今の自分は、情報収集と応募のどちらが先だと思いますか？",🗂️,medium,implicit,
2026-10-05,07:00,pet,threads,ペット,"結論、初心者ほど多頭飼いより先に「通院費の備え」を整えるべきだと思う。保険の有無で、通院するかどうかの判断が変わる場面をよく見かける。

【通院前チェック】
・年1回の健康診断予定はあるか
・通院費の上限額を決めているか
・持病の有無を把握しているか

これだけで「まさかの通院」への心構えがかなり変わる、というのが個人的な結論。みなさんは通院費の目安、決めていますか？",🐾🏥,medium,none,
2026-10-05,12:00,pet,threads,ペット,"うちの子が季節の変わり目にフードを残す——これ、あるあるだと思う。結論、フードを変える前にまず「量」を見直すのが先。

【原因を絞る3チェック】
1) 体重の増減
2) おやつの量
3) 運動量の変化

これで大体の原因は絞れる、というのが観察してきた実感。みなさんの子は食欲の波、どう対策してますか？",🐶🍚,medium,none,
2026-10-05,19:00,pet,threads,ペット,"ドッグフードのパッケージ、私は上位3つの原材料しか見ていません。それで十分と思う派です。
選ぶときに確認しているポイントはこの3つです。
・主原料が肉や魚など動物性たんぱくか
・添加物表記が少ないか
・年齢や体重に合わせたカロリー設計になっているか
細かい成分表より、この3点で十分な差が出ると感じています。
みなさんはフード選びで最初にどこを見ますか？",🍖🐾,high,implicit,
2026-10-05,21:00,pet,threads,ペット,"保護犬を勧めるかどうか、私は「飼い主の経験値次第」で分ける派です。
初めて犬を迎える人には、まず性格や病歴が把握しやすいブリーダーや里親会経由の子をすすめることが多いです。反対に、一度でも犬と暮らした経験がある人には、保護犬の相性の良さを伝えることが多いです。
どちらが正しいという話ではなく、経験値によって向き不向きがあると感じています。
みなさんは保護犬派・ブリーダー派、どちらですか？その理由も聞いてみたいです。",🐕💭,high,implicit,
2026-10-05,07:00,sleep,threads,睡眠,"結論、寝る前90分のスマホ断ちが一番コスパの良い睡眠改善策だと思う。

私は『デジタル門限』と呼んで人に勧めている。

やることはシンプル：
・22:30以降は通知オフ
・照明は暖色系に切り替え
・ベッドでは本かストレッチのみ

これだけで『布団に入ってからのスマホ時間』が減り、入眠までの体感時間が短くなったという声が多い。

みんなは寝る前、何時にスマホを手放してる？",📱🌙,high,implicit,
2026-10-05,12:00,sleep,threads,睡眠,"夜中に『明日ちゃんと起きられるかな』と不安になって、逆に目が冴えた経験がある人は多いはず。

私はこの手の不安は『予定への責任感の裏返し』だと思っている。だから無理に寝ようとせず、一度アラームを2つ確認するだけで安心して眠れることが多い。

完璧に寝ようとするより、『最低限起きられる保険』を作る方が結果的に眠りやすい派です。

みんなは寝る前、そういう不安どう対処してる？",⏰😌,high,none,
2026-10-05,19:00,sleep,threads,睡眠,"結論、寝る1時間前のスマホは「明るさ」より「情報量」が問題だと思ってる。
脳が“処理待ちの情報”を抱えたまま横になると、光を落としても入眠が長引く。
私が試して良かった基準は3つだけ。
①通知は音もバイブも切る
②SNSは開いても「見る専用」にしてコメントしない
③ベッドに入ったらスマホは手の届かない場所に置く
これだけで「あれこれ考えて寝れない」時間が減った人、他にもいる？",🌙📵,high,implicit,
2026-10-05,21:00,sleep,threads,睡眠,"深部体温は入浴後90分でストンと下がる。私はこの90分ルールを知ってから、入浴時間を「寝る直前」から「寝る1.5時間前」に変えた派。
体感で変わったのはここ。
・布団に入ってからの寝つきまでの体感時間が短くなった
・夜中に一度目が覚める回数が減った気がする
入浴のタイミングを変えるだけで体感が変わった経験、ある人いる？どのくらい前に入ってる？",🛁⏰,high,implicit,
2026-10-06,07:00,konkatsu,threads,婚活,"結論、婚活で本気度を見るべきは「学歴」より「質問の数」だと思う。
先週、婚活パーティー会場のロビーで順番待ちをしていた2人の会話が耳に入った。
一方はプロフィールの年収や勤務先ばかり確認し、もう一方は相手の休日の過ごし方を3つも質問していた。
■本気度が高い人に共通する質問の傾向
・相手の「好きなもの」を聞いているか
・条件確認より過去のエピソードを聞いているか
・沈黙の後も会話を続けようとしているか
条件を聞く人より、好きなものを聞く人の方が、関係が進みやすいと感じている。
直近のデートで「質問攻めだったな」と感じた瞬間、ありましたか？",🤔📝,high,implicit,
2026-10-06,12:00,konkatsu,threads,婚活,"私は、婚活が停滞する一番の原因は「年収」より「審査モードが抜けないこと」だと思う。
最初はときめきで会っていたはずなのに、3回目あたりから急に条件確認モードに切り替わる人を何人も見てきた。
■審査モードに入っているサイン
・会話の8割が確認作業になっている
・相手の弱みより強みばかり探している
・楽しかった記憶より条件の一致率で判断している
審査を忘れられた瞬間からしか、関係は前に進まないと考えている。
最近のデートで、つい確認モードになってしまった瞬間はありましたか？",💭✅,high,implicit,
2026-10-06,19:00,konkatsu,threads,婚活,"婚活中の人の話を聞いていると、プロフ写真で一番差が出るのは加工より表情だと感じる。
結論、自己紹介文の雰囲気と写真の表情が一致していないと不成立になりやすい気がする。
■見直しポイント
・自然光で撮っているか
・口角より目が笑っているか
・年齢に見合った雰囲気か
プロフ迷子、意外と多い印象。みんなは写真何枚使ってる？",👀,medium,implicit,
2026-10-06,21:00,konkatsu,threads,婚活,"婚活で一番もったいないのは、最初の「楽しみ」が数ヶ月で「条件確認」に変わることだと思う。私は、会話の中心が年収や実家の話ばかりになったら一度立ち止まる派。

■審査モードに入っているサイン3つ
・話題の中心が「年収・職種・実家・将来設計」に偏っている
・LINEの文面が事務連絡っぽくなっている
・会う前から次の候補を探し始めている

この3つに当てはまったら、条件より「一緒にいて楽か」を見直すタイミングかもしれない。
あなたはどんな瞬間に審査モードに気づく？",💍🔍,high,implicit,
2026-10-06,07:00,sidejob,threads,副業,"住民税の『20万円以下なら申告しなくていい』は、所得税だけの話。私は副業収入の金額に関わらず、住民税の申告はする派です。
確定申告のときにチェックしておきたいのはこの3点。
・確定申告書 第二表の『住民税に関する事項』欄
・徴収方法が『普通徴収』になっているか
・提出前に控えを1部残しておく
これだけで会社に知られる不安はかなり減らせます。
みなさんは毎年、どちらを選んでいますか？",🧾✅,high,none,
2026-10-06,12:00,sidejob,threads,副業,"副業アカウントが伸び悩む一番の原因は、発信テーマがブレていることだと思っています。私は『1テーマ1切り口』を徹底する派です。
見直すべきチェックはこの3つ。
・プロフィールで発信テーマが一言で伝わるか
・投稿ごとにテーマが変わっていないか
・手順や基準など保存したくなる実用情報が入っているか
これだけで反応の土台が変わることが多いです。
みなさんは発信テーマ、何で絞っていますか？",📌,medium,implicit,
2026-10-06,19:00,sidejob,threads,副業,"結論、副業は「単価の高さ」より「再現性」で選んでいい。
単価だけで案件を選ぶと、続かないケースが多い印象。
私が案件を判断する基準は次の5つ。
✅ 週5時間以内で完結するか
✅ マニュアル化できる作業か
✅ 単発でなく継続案件があるか
✅ クライアントとの連絡頻度が多すぎないか
✅ 身につくスキルが翌月以降も使い回せるか
この基準に当てはまらない案件は、単価が高くても長続きしにくいと感じています。
今やってる副業、この5つに何個当てはまりますか？",✅📝,high,implicit,
2026-10-06,21:00,sidejob,threads,副業,"体感で言うと、副業が続かない人の共通点は「毎日更新」をノルマにしていること。
逆に半年以上続けられている人ほど、最初から「週3日でいい」とハードルを下げている印象がある。
理由はシンプルで、一度更新が止まると再開のハードルが一気に上がるから。
私は投稿頻度より「破綻しない仕組み」を優先する派です。
毎日更新、まだ続けられていますか？",🗓️💭,medium,implicit,
2026-10-06,07:00,beauty,threads,美容,"肌がゆらいでいるサイン、私は3つだけ見れば十分だと思っている。
①いつもより赤みが出やすい
②化粧水がしみる
③皮膚科で「肌が薄い」と言われたことがある
どれか1つでも当てはまる人は、攻めのケア（レチノール・酸系）を毎日から週2〜3回に落として、保湿を厚めにするだけで印象が変わることが多いらしい。
攻めと守り、今どっちを優先してますか？",🌿✨,high,implicit,
2026-10-06,12:00,beauty,threads,美容,肌がゆらいでいるサインは、実は3つだけ覚えておけば十分だと思っている。①化粧水がしみる②いつもより赤みが出やすい③皮膚科で「乾燥・バリア機能が低下」と言われた。結論、1つでも当てはまったら攻めケア（レチノールや酸系）は週1〜2回まで落として、保湿を厚めにするだけで扱いやすくなる、という印象がある。今の時期、当てはまる人ってどのくらいいるんだろう？,🧴✋,high,implicit,
2026-10-06,19:00,beauty,threads,美容,"結論、スキンケアは「順番」より「温度」で変える方が肌に合うと思っている。
夏は化粧水を体温に近づけてから重ね付け、冬は乳液を早めに足して蒸発を防ぐイメージ。
チェックしたいのは①肌がつっぱる時間帯②メイクがヨレる場所③週末の肌荒れ頻度、の3つ。
1つでも当てはまったら、季節ごとに順番を見直すサインだと思う。
みんなは季節で使う順番、変えてる？",🧴☀️❄️,high,implicit,
2026-10-06,21:00,beauty,threads,美容,"レチノールは毎日より、週3〜4回+保湿多めの方が続けやすいと思っている。
肌がゆらいでいるサインは次の3つ。
①いつもより赤みが出やすい
②化粧水がしみる
③皮膚科で「乾燥・薄い」と言われたことがある
1つでも当てはまるなら、頻度を落として保湿を厚くするのも選択肢だと思う。
毎日派？休み休み派？コメントで教えて",🌙✨,high,implicit,
2026-10-06,07:00,bodymake,threads,筋トレ,結論、筋トレの継続力は「準備の手間を何分削れるか」で9割決まると思っている。続けられている人に共通して見えるのは①ウェアを前夜に出す②ジムバッグを玄関に置く③行った日だけカレンダーに丸をつける、の3つだけ。根性で乗り切るより仕組みを変える方が再現性が高い気がしている。あなたが取り入れてる『続く仕組み』、ひとつだけ教えて？,🗓️✅,medium,implicit,
2026-10-06,12:00,bodymake,threads,筋トレ,"結論、筋トレが続くかどうかは「最初の2週間の頻度設計」でほぼ決まると思っている。理由はシンプルで、習慣が固まる前に高頻度・高強度にすると、心身の負荷でやめやすくなるから。
続けやすい人に共通する初期設計はこの3つ。
・週2〜3回からスタートする
・同じ部位を連続で追い込まない
・「休む日」を先にカレンダーへ入れておく
この3つを外している人ほど、3週間以内に離脱しやすい印象がある。あなたは最初の2週間、どんな頻度で始めた（始める予定）？",📅💪,high,implicit,
2026-10-06,19:00,bodymake,threads,筋トレ,"「筋肉痛が出ないと効いていない」というのは半分間違いだと思っている。筋肉痛はダメージの指標であって、成長そのものの指標ではないからだ。
実際、扱う重量や回数の推移が右肩上がりなら、筋肉痛がなくても筋力・筋量は伸びているケースがある。
成長判断に使えるチェックポイントはこの3つ。
・同じ種目の重量が3週間前より伸びているか
・同じ重量でのフォームが安定してきたか
・翌日の「動ける感覚」を疲労感より重視できているか
この3つを記録し始めると、筋肉痛の有無に一喜一憂しなくなる気がしている。あなたは何を基準に伸びを判断してる？",📊🔥,high,implicit,
2026-10-06,21:00,bodymake,threads,筋トレ,"停滞期に入ったとき、種目を増やす前に見直されがちなポイントをメモ。
① 睡眠時間が最近削れていないか
② 同じ重量・回数が何週も続いていないか
③ 体重の変化に対して食事量が合っているか
この3つから確認する、という考え方があるらしい。
みんなは停滞期、まず何から見直す？
📝",📝,high,implicit,
2026-10-06,07:00,education,threads,教育,"結論、宿題タイムは「机に向かう時間の長さ」より「始めるまでのハードルの低さ」を優先した方がうまくいくと感じている。
声かけで意識しているのは次の3つ。
①「10分だけやろう」と時間を区切る
②最初の1問だけ一緒に解く
③終わったら丸つけより先に「お疲れさま」を言う
完璧な計画より、始めやすさを優先する家庭の方が続いている印象がある。
あなたの家庭は、始める工夫と終わる工夫、どちらを重視していますか？",📝✏️,high,implicit,
2026-10-06,12:00,education,threads,教育,"私は「通知表の点数」より先に「本人が一番頑張ったと思う教科」を聞く派です。
点数だけを見ると、努力が結果に出なかった教科がどうしても目に入りにくい。
先に本人の実感を聞いてから点数を見ると、声のかけ方が変わってくる。
点数の話は、そのあとでいい。
みなさんは、点数と本人の実感、どちらを先に聞きますか？",🗣️📖,high,implicit,
2026-10-06,19:00,education,threads,教育,"通信制高校を調べると、オンラインと通学を両方持つところがあるらしい。

資料請求前に見ていた点は3つ。
・授業の受け方
・相談窓口の有無
・費用の内訳が資料で分かるか

進路の候補に、通信制は入っていますか？",📚,medium,implicit,
2026-10-06,21:00,education,threads,教育,"幼児教室と小学校受験の教室をいくつか調べると、「無料体験の予約」が入口のものがあるらしい。

体験の前に見ていた点は3つ。
・対象年齢が公開ページに書いてあるか
・体験が無料か
・受験対策の範囲がどこまでか

習い事の候補に、教室型は入っていますか？",📚,medium,implicit,
2026-10-06,07:00,setsuyaku,threads,節約,"結論、固定費の見直しは『通信費→保険→サブスク』の順でやるのが効率いい派です。

理由はシンプルで、通信費は一度見直せば手間なく効果が数年続くから。保険やサブスクは見直しに時間がかかる割にリターンが小さいことが多いです。

見直し前のミニチェックリスト↓
✅ 直近3ヶ月の携帯代の平均額を出す
✅ 使っていないサブスクを1つでも洗い出す
✅ 保険は『同じ保障で安いプランがないか』だけ確認

完璧を目指すと疲れて続かないので、まず1項目だけでいいと思っています。
みなさんが最初に手をつけるならどれですか？",📱💡,medium,implicit,
2026-10-06,12:00,setsuyaku,threads,節約,"結論、固定費は「通信→保険→サブスク」の順で見直すのが一番効率がいいと思っている。

理由は単純で、この3つは一度見直せば毎月ずっと効果が続くから。

見直す時に自分がチェックしてる基準はこの3つだけ。
①使ってる機能を実際に使っているか
②同条件でもっと安いプランがあるか
③解約・変更の手間が数千円以上の価値に見合うか

節約系の発信をしてると「頑張って我慢する」系のアドバイスが多いけど、個人的には我慢より仕組みを変える方がラクだし続くと感じてる。

みんなは固定費、どこから手をつけた？",💡📱,high,implicit,
2026-10-06,19:00,setsuyaku,threads,節約,"ふるさと納税、毎年12月に慌てて申し込む人が多いけど、私は「夏〜秋のうちに上限額だけ計算しておく派」。

理由は、年末は返礼品の人気商品が売り切れやすいから。

上限額を計算する時に見てる項目はこれだけ。
・今年の給与収入（見込みでOK）
・扶養家族の人数
・他の控除（iDeCoやふるさと納税以外の寄付）の有無

この3つが分かれば、シミュレーターでだいたいの上限は出せる。

毎年ギリギリで焦る人、意外と多くない？",🍅📝,medium,implicit,
2026-10-06,21:00,setsuyaku,threads,節約,ふるさと納税、いまだに『返礼品ランキング』から選んでる人が多い気がする。私は先に控除上限額を計算してから探す派。手順はシンプルで、①年収から上限額を出す②米や洗剤など普段使いのカテゴリで探す③届く時期を分散させる、この3ステップだけ。年末に慌てて選ぶより今の時期に動いた方が選択肢が多い。今年もう申し込んだ人いる？,🍚📦,high,implicit,
2026-10-06,07:00,tenshoku,threads,転職,"20代の転職記事を読んでいると、「職務経歴書の添削」や「模擬面接」まで書く支援と、求人紹介が中心の支援が混在している。

整理した観点:
1. 支援の範囲が公開ページに書いてあるか
2. 対象（第二新卒／既卒／フリーター）が自分と重なるか
3. 無料の範囲がどこまでか

あなたが先に確認したいのは、支援の中身と対象、どちらですか？",📝,medium,implicit,
2026-10-06,12:00,tenshoku,threads,転職,"20〜30代向けの転職エージェントをいくつか調べると、「成長企業」と書くところと「求人数」と書くところに分かれる印象があった。

比較するときに見ていたのは3つ。
・対象年齢が公開ページに書いてあるか
・入口が登録か、面談か
・無料の範囲がどこまでか

今の自分は、情報収集と応募のどちらが先だと思いますか？",🗂️,medium,implicit,
2026-10-06,19:00,tenshoku,threads,転職,"採用側の視点として、書類選考で見られやすいポイントは「年齢」だけでなく「マネジメント経験の有無」や「新しく学んでいること」だとよく言われます。

特に最近はAIなど、業務外での学習をアピールする人が増えている印象です。

保存しておくと、職務経歴書を見直すときに役立つかもしれません📝",📝,high,implicit,
2026-10-06,21:00,tenshoku,threads,転職,"「石の上にも3年」って、まだ信じてますか？
最初の会社は我慢の場所だと思っていた人ほど、体調に変化が出てから初めて気づくことが多いようです。
続けることが正解とは限らない環境、意外と多いのかもしれません。
あなたの周りにも、そんな話ありますか？",🤔💭,high,implicit,
2026-10-06,07:00,pet,threads,ペット,結論、ペットフード選びで見るべき基準は3つだけでいいと考えています。①原材料の1番目が肉・魚であること②着色料・香料が無添加であること③粒の大きさが顎の力に合っていること。それ以外の細かい成分表はあまり気にしなくていいというのが私の立場です。保存しておいて買い物のときに見返せる基準にしてもらえたら。あなたが一番重視しているポイントは①〜③のどれですか？,🐾📝,high,none,
2026-10-06,12:00,pet,threads,ペット,朝5時に起こしにくる猫は珍しくないと思っています。個人的には、これは甘えではなく「生活リズムの主張」だと捉えるのが一番しっくりきます。無理に直そうとするより、前日の夜ご飯の時間を30分後ろにずらすだけで改善したという声もよく聞きます。しつけの失敗ではなく、リズムの調整で解決できるケースが多い印象です。同じように早朝に起こされている人、どう対処してますか？,🐱⏰,medium,implicit,
2026-10-06,19:00,pet,threads,ペット,"結論、犬の留守番対策は""環境""より""合図の習慣化""で決まると考えている。
チェックリスト
・出る前と帰宅後の声かけを毎回同じ言葉にする
・退屈対策グッズは3日おきに入れ替える
・室温と換気は数値で管理し感覚に頼らない
この3点を意識するだけで留守番中の様子が変わったという報告は多い。あなたの家ではどれを優先している？",🐕📝,high,none,
2026-10-06,21:00,pet,threads,ペット,"猫の1日の飲水量は体重1kgあたり50mlが目安とされている。私はこの数字を下回った日は要注意ラインだと考える派。
判断基準
・器の水は最低1日1回入れ替える
・複数の器を離れた場所に置く
・冬場は基準値を下回りやすいので温度も確認する
数字で管理すると変化に気づきやすいという声が多い。普段、水分量はどう確認してる？",🐈💧,high,none,
2026-10-06,07:00,sleep,threads,睡眠,"結論、寝る90分前の入浴が一番コスパがいいと思う。
深部体温が下がるタイミングで入眠すると寝つきが変わる、というのを試してから朝の目覚めが軽くなった気がする。
チェックすべきは3つだけ。
①湯温38〜40度
②浸かる時間10〜15分
③入浴後は照明を落として画面を見ない
これだけで「寝つくまでの時間」が変わる人は多いはず。
みんなは入浴と寝つきの関係、意識してる？",🛁🌙,high,implicit,
2026-10-06,12:00,sleep,threads,睡眠,"私は「起床時間固定」派。就寝時間より起きる時間を揺らさない方が睡眠の質は安定すると感じている。
休日に寝坊すると月曜がしんどくなるのは、体内時計がズレるから。
目安にしてるのはこの3つ。
・平日と休日の起床差は1時間以内
・起きたらすぐ日光を浴びる
・二度寝は15分以内で切る
シンプルだけど効果を感じやすい基準だと思う。
起床時間、みんなはどのくらいブレてる？",⏰☀️,medium,implicit,
2026-10-06,19:00,sleep,threads,睡眠,"結論、夜中に何度も目が覚めるなら“質問”より先に“室温”を疑ったほうがいいと思う。
チェックリスト
・寝室が27℃以下か
・除湿は40〜60%目安になっているか
・扇風機の風が体に直接当たっていないか
一つでも当てはまらないなら、まずそこから見直すのが近道。今の時期、何度目が覚める？",🌙💦,high,implicit,
2026-10-06,21:00,sleep,threads,睡眠,"結論、お盆休みで夜型になった人は、今が一番戻しにくい時期だと思う。
観察していると崩れがちなのはこの2パターン
・起床時間だけ元に戻して就寝時間はそのまま
・寝る前のスマホ時間だけ伸びたまま
休み明け、みんなはどう立て直してる？",🌅📱,medium,implicit,
2026-10-07,07:00,konkatsu,threads,婚活,"先週、電車で隣に座った2人の会話が最後まで敬語のままだったのを見かけた。私は、3回目のデート以降も敬語や距離感が変わらない相手とは、進展が鈍いことが多いと感じている。

■距離感が縮まっているかの判断基準
・下の名前や愛称で呼べているか
・沈黙があっても気まずくないか
・LINEの返信が短文でも成立しているか

条件よりも先にこの「距離感」を見たほうが、後の失敗が減る気がしている。
あなたは何回目のデートで距離感の変化を感じる？",🚃💬,medium,implicit,
2026-10-07,12:00,konkatsu,threads,婚活,"結論、婚活が長引く人の多くは「審査モード」に入り込んでいると感じる。条件確認から入るほど、相手も身構えて距離が縮まらない。

■審査モードに入っているサイン3つ
・初対面でいきなり年収/実家/将来設計を聞く
・沈黙が怖くて質問攻めになる
・LINEが「今度会いましょう」で止まり日程を詰めない

私は「面接官をやめた瞬間に、婚活は前に進む」派。条件を通過した先に好意があるのではなく、条件を忘れた瞬間に好意が生まれるものだと思う。

あなたは直近のデート、趣味の話に何分使えた？",💍🤔,high,implicit,
2026-10-07,19:00,konkatsu,threads,婚活,"結論、同棲の話し合いは「言葉が同じでも意味が違う」ことが多いと思う。

先日、地下鉄で隣になった20代後半くらいの2人の会話がふと耳に入った。「一緒に住もう」という同じ一言に対して、片方は現状維持のつもりで、もう片方は結婚への準備のつもりで話しているように聞こえた。

■同棲前にすり合わせておきたい3つ
・同棲のゴール（結婚時期）をいつまでに話すか
・生活費・家事の分担ルール
・将来の話題が出たときの反応を観察する

私は「同棲の意味は、言葉より態度で確認するべき」派。

あなたは同棲、通過点派？それとも結婚への準備派？",🏠💬,high,implicit,
2026-10-07,21:00,konkatsu,threads,婚活,"結論、婚活で停滞する人の多くは「審査モード」に入りすぎていると感じる。
最初は『どんな人だろう』だったのに、気づけば年収・学歴・実家の話ばかり聞いていないだろうか。
私は、条件確認より先に『素の自分が出せる相手かどうか』を見る派。
■審査モードに入っているサイン
・沈黙が怖くて質問攻めになる
・LINEが用件だけのやり取りに変わる
・会うたびに品定めされている感覚が強くなる
一つでも当てはまったら、条件リストより会話の中身を見直した方がいいと思っている。
あなたは今、どちらのモードだと思う？",💍📝,high,implicit,
2026-10-07,07:00,sidejob,threads,副業,"結論、副業を選ぶ基準は「単価」より「再現性」だと思う。

高単価でも自分にしか売れないスキルは長続きしにくい。逆に単価が低くても、毎回同じ手順で数字が読める仕組みの方が結果的に続けやすいと感じる。

副業を選ぶ前に見るチェックリスト
・作業時間が毎回大きくブレないか
・自分が休んでも仕組みが回るか
・成果が数字で見える仕組みか

これに当てはまらない副業は、始める前に一度立ち止まった方がいいと思う。

みんなは副業選びで何を一番重視してる？",📝✅,high,implicit,
2026-10-07,12:00,sidejob,threads,副業,"丁寧に書きすぎた投稿ほど伸びない、というのは副業アカウントを見ていてよく感じること。

長文で背景から説明するより、3行で言い切る投稿の方が反応が良い印象がある。通勤時間にサッと読める分量に収まっているかどうかは、地味だけど大きな差になっている気がする。

短く言い切る投稿の型
・1行目で結論を言う
・2行目で理由をひとつだけ添える
・3行目で行動か問いで締める

丁寧に書きすぎて逆に反応が伸びなかった経験、心当たりある人いる？",✂️💭,medium,implicit,
2026-10-07,19:00,sidejob,threads,副業,"結論、初心者が最初に手を出すべき副業は「在庫を持たない系」だと考えています。
判断基準はシンプルに3つ。①初期費用1万円以下②即日撤退できる③スキマ時間で完結する。
この3条件を満たさない副業話は、契約前に一度立ち止まる価値があると思います。
あなたが今検討している副業、この基準に当てはまりますか？",📝✅,high,implicit,
2026-10-07,21:00,sidejob,threads,副業,"副業を始めて早期にやめる人に共通するのは、「完璧な準備」を先にやろうとする傾向だと感じています。
私は「まず小さく1件動いてから改善する」派です。
準備期間が長くなるほど、実行に踏み出す心理的ハードルが上がっていく現象、周りで見かけませんか？",💭🔍,medium,implicit,
2026-10-07,07:00,beauty,threads,美容,"結論、秋の乾燥対策は「化粧水の量」より「重ねる回数」がカギだと思う。
チェックしてほしいポイントは3つ。
①肌がつっぱる時間帯が朝か夜かで違うか
②メイクのヨレが増えたか
③使うアイテムを季節で変えているか
1つでも当てはまるなら、量を増やす前に重ねづけの回数を見直すのがおすすめ。
秋の乾燥、対策変えた人います？",🍂✨,high,implicit,
2026-10-07,12:00,beauty,threads,美容,"私は「毛穴パック」より「保湿の均一化」を優先する派。
乾燥した部分ほど皮脂が過剰に出て毛穴が目立ちやすくなると考えているから。
見直すポイントは2つだけ。
①Tゾーンと頬で化粧水の量を変えていないか
②夜だけ保湿して朝は省略していないか
この2つを直すだけで印象が変わったという声もよく見かける。
毛穴対策、今どうしてますか？",🔍✨,medium,implicit,
2026-10-07,19:00,beauty,threads,美容,"結論、毛穴とくすみは「隠す」より「土台から整える」ほうが長期的には楽だと思っている。
私の基準はシンプルで、①下地前に毛穴用の下地を一枚挟む②くすみは色ムラよりまず乾燥ケアを先にする③厚塗りで誤魔化す日は週1以下にする、の3つだけ。
特別な日だけ気合いを入れるより、日常の延長で整えるほうが結局続く気がしている。
あなたは「隠す派」「土台から整える派」どっち？",🧴✨,medium,implicit,
2026-10-07,21:00,beauty,threads,美容,"はっきり言うと、肌だけ頑張っても髪がパサついていると顔全体の印象がくすんで見えると思っている。
私が意識しているのは、①乾かす前にオイルを一滴つける②アイロン前も同じ工程を挟む③ディープトリートメントは週1回だけ、の3ステップだけ。
肌の透明感を仕込む前に髪のツヤを仕込んだほうが、写真の伸びが早い気がしている。
今、肌ケアと髪ケア、時間をかけているのはどっち？",💇‍♀️✨,medium,implicit,
2026-10-07,07:00,bodymake,threads,筋トレ,体重×1.5gのタンパク質量、いきなり計算しなくていい。私が続けているのは「卵1個＋納豆1パック」を毎日の食事に固定で足すだけのルール。数字を追うより“いつもの食事に1品足す”方式の方が続く気がしている。今日の食事、あと何を足せそう？,🥚,medium,implicit,
2026-10-07,12:00,bodymake,threads,筋トレ,結論、忙しい日ほど「10分メニュー」でいいと思っている。私が実践しているのはスクワット10回・腕立て10回・プランク30秒の3つだけ。完璧な60分より、ゼロの日を作らないことの方が半年後の差になる気がしている。あなたが忙しい日に削るなら、種目？時間？それとも回数？,💪🏠,high,implicit,
2026-10-07,19:00,bodymake,threads,筋トレ,私は「タイミングより合計量」派。筋トレ後30分以内にこだわるより、朝・昼・夜でタンパク質を1品ずつ足す方が結局続く。目安は卵1個・納豆1パック・ヨーグルト1個をそれぞれ別の食事に足すだけ。細かい計算より『足す習慣』を先に作る方が挫折しにくいと感じている。みんなはタイミング重視？合計量重視？,🍳⏱️,high,implicit,
2026-10-07,21:00,bodymake,threads,筋トレ,"結論、タンパク質は体重×1.2gで十分だと思っている。厳密に計算するより「今日どれだけ実行できたか」の方が重要。
続けやすさの基準は①朝に卵か納豆を1品追加②間食を加工食品からゆで卵やヨーグルトに変える③体重は2週間単位で見る、の3つだけ。
量より継続、どっちを優先してる？",🥚💪,high,implicit,
2026-10-07,07:00,education,threads,教育,"夏休みの自由研究、テーマ決めから仕上げまで親がかなり伴走する家庭と、子どもにほぼ任せて見守るだけの家庭がある。完成度を重視するか、試行錯誤の過程を重視するかで自然と分かれるポイント。
あなたの家庭は伴走派？見守り派？",☀️,high,implicit,
2026-10-07,12:00,education,threads,教育,"子どもの「朝の準備」、声かけする派としない派で家庭の空気がだいぶ変わる。
毎朝リマインドして一緒に進める家庭もあれば、失敗も経験のうちと見守る家庭も。
どちらも『自分でできるようになってほしい』という気持ちは同じだけど、やり方は真逆になりがち。
あなたの家はどちら派ですか？",🕗,high,implicit,
2026-10-07,19:00,education,threads,教育,"小学生の「音読カード」、地味だけど見落としがちなポイント3つ。
①同じページを繰り返す日があっても問題なし、むしろ定着のサイン
②サインする欄は『聞いた時間帯』も一言添えると先生に伝わりやすい
③声の大きさより『区切って読めているか』の方がチェックポイントとして有効
保存しておくと役立つかもしれません。",📖,medium,implicit,
2026-10-07,21:00,education,threads,教育,"結論、宿題は低学年のうちは隣について見る派です。
理由はシンプルで、伴走ありのほうが「わからない」をその場で解消できるから。
うちで目安にしている切り替えラインはこの3つ。
①漢字の書き取りは3年生から一人でOK
②文章題は「式だけ一緒→計算は一人」に移行
③丸つけは学年関係なく一緒にやる
みなさんの家庭の切り替えラインはいつ頃でしたか？",📐📝,high,implicit,
2026-10-07,07:00,setsuyaku,threads,節約,先月のスーパー、去年と同じ買い物カゴなのに800円くらい高くなってた気がする。値上げの実感って数字にすると結構でかい。私は毎回レシートを前月分と見比べる派で、家計簿アプリより肌感覚が掴みやすいと思ってる。細かい値上げ、みんなはどの商品で一番感じてる？,🧾📈,high,implicit,
2026-10-07,12:00,setsuyaku,threads,節約,"月額3000円以上のスマホ代を払ってる人、結論そのままだと損してます。

私は「基本料＋事務手数料＋通話料」の総額でしか比較しない派です。

見るべきポイントは3つだけ。
① 直近3ヶ月の平均データ使用量（設定画面で確認）
② 通話は月何分か（かけ放題が必要か）
③ 契約時の事務手数料込みの実質月額

表面の月額だけ見て選ぶと、結局高くつくケースをよく見かけます。

みんなは乗り換えるとき、月額以外にどこ見て決めてます？",📱,high,implicit,
2026-10-07,19:00,setsuyaku,threads,節約,"ふるさと納税、12月にまとめてやる人が多いですが、私は「夏のうちに上限額だけ確認しておく」派です。

理由はシンプルで、年末は返礼品が品切れ・発送遅延になりやすいから。

やることは2つだけ。
① 今年の想定年収からざっくり上限額を計算
② 上限の8割くらいまでで一度申し込んでおく

『年末にまとめて選ぶ楽しさ』もわかるけど、選択肢が減ってから焦るより早めの方が結局お得だと感じます。

みなさんは毎年いつ頃やってますか？",🍅,medium,implicit,
2026-10-07,21:00,setsuyaku,threads,節約,"月の固定費が3万円台に収まるかどうかで、貯金体質は9割決まると思っている。私は結論、食費を削るより先に固定費を見直すべき派です。
見直す優先順位は①通信費②サブスク③保険④電気ガスの順が効率的。
チェックリスト
・スマホ代が月5000円を超えていないか
・使っていないサブスクが3つ以上ないか
・保険に『なんとなく』で入っていないか
固定費、最後に見直したのいつですか？",💰📝,high,implicit,
2026-10-07,07:00,tenshoku,threads,転職,"2026年、育児・介護休業法の改正で「小学校3年生まで時短勤務が可能」になった会社、実はまだ知られていません。
求人票だけでは分からない“制度の運用実態”こそ、会社選びで見落とされがちなポイントかもしれません。
面接で聞いてよかった質問、ある人は教えてください🙏",📋✨,high,implicit,
2026-10-07,12:00,tenshoku,threads,転職,"面接で落ちる人の多くは「逆質問」で損してると思う。
私はこれまで採用側・支援側の両方を見てきたけど、ここを軽視してる人が本当に多い。

チェックしてほしいのはこの3つ：
・給与や休暇の確認だけで終わっていないか
・入社後にどう貢献したいかを語れているか
・面接官の反応を見て一段深掘りできているか

どれか1つでも欠けると、印象は一気に薄くなる。

あなたは逆質問、何を準備してる？",📝✅,high,implicit,
2026-10-07,19:00,tenshoku,threads,転職,"「今の会社が嫌」だけで転職活動を始めると、正直うまくいかないケースが多いと感じている。

私が見てきた中で、うまくいっている人には共通点があった。
・辞めたい理由より「叶えたい条件」を先に言語化している
・年収だけでなく働き方の優先順位が決まっている
・応募前の自己分析にちゃんと時間をかけている

逆に勢いだけで書類を出す人ほど、入社後にミスマッチを感じやすい印象がある。

今の転職理由、「逃げ」より「叶えたいこと」で言えてる？",💭🔍,high,implicit,
2026-10-07,21:00,tenshoku,threads,転職,"面接で給与交渉をしない人がまだ8割くらいいる気がする。
私は「交渉しない方がリスク」派。

交渉するタイミングの基準はこの3つだけ見てる。
①内定通知後、入社日確定前
②他社オファーがある場合は先に開示
③希望額は根拠（前職給与・市場相場）とセットで出す

これだけでも印象は悪くならないし、下がることはほぼない。

みんなは給与交渉、したことある派？しない派？",💬📈,high,implicit,
2026-10-07,07:00,pet,threads,ペット,犬が『ご褒美用おやつ』の匂いを嗅いだ瞬間に真顔になる瞬間、あれは表情筋より『間』で感情を伝えている証拠だと思う。結論、指示を出す前に3秒待つだけで反応がはっきり変わることが多い。急かすより『待たせる』方が実は伝わりやすいという観察、共感する飼い主さん多い印象。みなさんの子は何秒くらい待てますか？,🐶⏱️,medium,implicit,
2026-10-07,12:00,pet,threads,ペット,35℃の日、アスファルト表面温度は60℃近くまで上がることがある。結論、日中の散歩は避けて『朝5時台』か『夜9時以降』の二択でいいと思う。チェックすべきは3つだけ。①手の甲を5秒地面につけて熱くないか②肉球の色や歩き方に違和感がないか③水分補給用のボトルを常に携帯しているか。この3つを守るだけで熱中症リスクはかなり下げられる印象。みなさんは散歩の時間、いつにずらしてますか？,🌡️🐾,high,implicit,
2026-10-07,19:00,pet,threads,ペット,"うちの猫、掃除機をかけた日は決まって半日ふてくされてる。もう3年目だけど毎回同じ反応。

私は正直、掃除機のタイミングは猫の機嫌優先派。多少部屋が汚くても、猫が隠れて出てこない時間を作らない方が結果的にストレス少ないと思ってる。

音に敏感な子への対策、うちでやってるのは
・掃除機前におやつで別室に誘導
・掃除の直前に一声かける
・終わったらすぐ横に座って様子を見る

これくらいで様子見の時間は結構減った。

みんなの子は掃除機、平気なタイプ？それとも即逃走タイプ？",🐱🧹,high,implicit,
2026-10-07,21:00,pet,threads,ペット,"月の餌代、犬猫1匹あたり5,000〜8,000円が「普通」だと思ってる。これより極端に安い場合は原材料を一度見直した方がいいと感じる。

私はコスパより「原材料の最初の3つが何か」を優先派。安さだけで選んで体調を崩された経験があるので、そこは譲れないラインにしてる。

選ぶときにチェックしてる基準はこの3つ。
① 主原料が穀物メインじゃないか
② 添加物表記がシンプルか
③ 年齢・体重に合った粒サイズか

この基準にしてから、うちの子は毛艶と便の状態が安定した。

餌選び、みんなは価格重視？成分重視？",🐾🍖,medium,implicit,
2026-10-07,07:00,sleep,threads,睡眠,入眠までの目安は10〜20分。30分以上かかる日が続くなら、寝具より先に環境を疑ったほうがいいというのが私の考え。チェックすべきは3つだけ。①寝る1時間前のスマホ②寝室の温度③寝る直前の入浴タイミング。今の暑い時期は①②の影響が特に大きいと感じている。あなたはこの3つのうち、どれが一番崩れやすい？,🌙💤,high,implicit,
2026-10-07,12:00,sleep,threads,睡眠,結論、寝苦しい夜に安眠グッズを増やすより先にやることがある。それは『室温を下げる』の一択だと思っている。手順はシンプル。①就寝1時間前にエアコンを26〜27℃設定②寝る直前の熱いシャワーはNG、ぬるめの湯船かシャワーのみ③掛け布団は接触冷感素材に変える。この3つを順番通りにやるだけで体感はかなり変わるという声をよく見かける。今夜、この中でどれから試せそう？,🌡️😴,high,implicit,
2026-10-07,19:00,sleep,threads,睡眠,"結論、入浴は寝る90分前が一番効果を感じやすいと思っています。私は「90分前入浴派」。理由は体温が下がり始めるタイミングと、入眠に向かう体内リズムが噛み合うから。
今日からできる3ステップ↓
①38〜40度で10〜15分浸かる
②上がったらすぐ靴下を脱ぐ
③照明を落として画面を見ない
これだけで寝つきが変わったという声、よく見かけます。あなたは何分前派ですか？",🛁🌙,high,implicit,
2026-10-07,21:00,sleep,threads,睡眠,"室温は18〜20度が睡眠の質に一番影響すると感じています。私は「寒め設定＋厚手ブランケット派」。エアコンをタイマーで切って朝方に室温が上がり、中途覚醒するという相談が地味に多いです。
チェックリスト↓
・就寝時は18〜20度に設定
・タイマーではなく朝までつけっぱなしが安定
・掛け布団は薄手を2枚で微調整
今の寝室、何度に設定してますか？",🌡️😴,high,implicit,
2026-10-08,07:00,konkatsu,threads,婚活,"初対面から3回目のデートまでずっと敬語のまま、というのは珍しいことではないと観察している。
私は『3回目で下の名前を呼べているか』を進展の分かれ目として見ている派。
■距離感が縮まっているかのチェック
・沈黙になっても気まずくならない
・LINEの文末に絵文字や砕けた言い回しが増える
・次の予定を相手から提案してくるようになる
逆にこれが3回目を過ぎても変わらない場合、関係は仮交際のまま止まりやすいと感じている。
あなたの婚活で、距離感が変わった瞬間はどんなタイミングだった？",📏💬,medium,implicit,
2026-10-08,12:00,konkatsu,threads,婚活,"結論、婚活で本気度を見るべきは「学歴」より「質問の数」だと思う。
先週、婚活パーティー会場のロビーで順番待ちをしていた2人の会話が耳に入った。
一方はプロフィールの年収や勤務先ばかり確認し、もう一方は相手の休日の過ごし方を3つも質問していた。
■本気度が高い人に共通する質問の傾向
・相手の「好きなもの」を聞いているか
・条件確認より過去のエピソードを聞いているか
・沈黙の後も会話を続けようとしているか
条件を聞く人より、好きなものを聞く人の方が、関係が進みやすいと感じている。
直近のデートで「質問攻めだったな」と感じた瞬間、ありましたか？",🤔📝,high,implicit,
2026-10-08,19:00,konkatsu,threads,婚活,"私は、婚活が停滞する一番の原因は「年収」より「審査モードが抜けないこと」だと思う。
最初はときめきで会っていたはずなのに、3回目あたりから急に条件確認モードに切り替わる人を何人も見てきた。
■審査モードに入っているサイン
・会話の8割が確認作業になっている
・相手の弱みより強みばかり探している
・楽しかった記憶より条件の一致率で判断している
審査を忘れられた瞬間からしか、関係は前に進まないと考えている。
最近のデートで、つい確認モードになってしまった瞬間はありましたか？",💭✅,high,implicit,
2026-10-08,21:00,konkatsu,threads,婚活,"婚活中の人の話を聞いていると、プロフ写真で一番差が出るのは加工より表情だと感じる。
結論、自己紹介文の雰囲気と写真の表情が一致していないと不成立になりやすい気がする。
■見直しポイント
・自然光で撮っているか
・口角より目が笑っているか
・年齢に見合った雰囲気か
プロフ迷子、意外と多い印象。みんなは写真何枚使ってる？",👀,medium,implicit,
2026-10-08,07:00,sidejob,threads,副業,副業アプリを3つ以上掛け持ちしてる人、正直成果が分散して伸びにくいと感じる。私は「1つに集中→一定期間で反応が出なければ乗り換え」派です。乗り換えるかどうかの判断基準は3つ。①初月に実際に手を動かした時間 ②得られた反応・問い合わせ数 ③自分の得意分野との相性。増やす前に一度この3つで立ち止まってみてほしい。あなたは掛け持ち派？集中派？,📝✅,high,implicit,
2026-10-08,12:00,sidejob,threads,副業,在宅ワークの求人、応募者の多くが単価だけを見て選んでいる印象がある。私は「継続して依頼が来るかどうか」で選ぶべき派。単価が高くても更新されない案件は結局稼働ゼロになりやすい。見るべきポイントは①募集期間の長さ ②依頼主のレビュー数 ③初回対応の速さ、の3つ。単価と継続率、どちらを優先して選んでる？,🔍,medium,none,
2026-10-08,19:00,sidejob,threads,副業,"結論、副業初心者はまず「在庫を持たない」ジャンルから始めるべきだと思っています。
挑戦してすぐ挫折する人の共通点は、初期費用を先に使いすぎることです。
私が見てきた中で続きやすかった順番はこちら👇
①スキル販売（時間さえあれば元手0円）
②アフィリエイト（在庫ゼロ・発送ゼロ）
③物販（在庫リスクあり・最後に検討）
あなたが最初に選んだのはどのタイプでしたか？",👇,high,implicit,
2026-10-08,21:00,sidejob,threads,副業,"体感、副業が続かない人の8割は「毎日投稿」を目標にしすぎていると思っています。
私は質より先に「継続できる頻度」を決める派です。
挫折しやすい人によく見られる特徴はこちら👇
・初日から気合を入れすぎる
・反応がないとすぐやめる
・比較対象がいきなり月収100万円の人
まずは週2投稿を3ヶ月続けるほうが、結果的に早く積み上がります。
今の投稿頻度、少し無理していませんか？",👇,high,implicit,
2026-10-08,07:00,beauty,threads,美容,"「盛れるコスメ」より「自分に合う色」を選んだ方が結局盛れる、と最近よく思う。
私はパーツを強調するメイクより、肌なじみ優先の似合わせ盛り派。
セルフチェックは、①ファンデを頬と顎で色比べする②チークは骨格の一番高い位置に薄く③リップは唇の血色に近い色を選ぶ、の3つだけ。
パーツ盛りで浮いていた頃より、似合わせを意識してからの方が『変わったね』と言われる気がしている。
最近メイクで意識してること、ある？",💄🪞,medium,implicit,
2026-10-08,12:00,beauty,threads,美容,"結論、今話題の「再生系成分」は成分名で選ぶより、悩み別に使い分けるほうが失敗しにくいと感じています。
見ている基準は3つ→①乾燥か赤みかで系統を選ぶ②新成分は少量から試す③3週間は変化を様子見してから判断。
情報が多い時期ほど「基準を先に決める」ほうが近道だと思うのですが、みなさんは成分選びで何を一番重視していますか？",✅🧪,high,implicit,
2026-10-08,19:00,beauty,threads,美容,"私は「攻める美容医療級ケア」より「守る土台ケア」を先に固める派です。
季節の変化で肌がゆらぐという声は美容メディアでもよく指摘されています。
土台ケアの基準は3つ→①バリアを壊さない洗顔に一時切り替え②低刺激処方を選ぶ③肌が落ち着いてから攻めケアを再開。
今の時期、攻めと守りどちらを優先していますか？",🛡️🌿,high,implicit,
2026-10-08,21:00,beauty,threads,美容,"結論、乾燥小ジワ対策は「保湿の量」より「重ねるタイミング」だと思っている。
私がチェックしている基準は3つ。
①洗顔後1分以内に化粧水を1プッシュ
②乳液は手のひらで軽く温めてから伸ばす
③夜だけ保湿量を1.5倍にする
この3つのうち、1つでもやってないと乾燥が戻りやすい印象。
みなさんは重ねるタイミング、意識してますか？",🧴💧,high,implicit,
2026-10-08,07:00,bodymake,threads,筋トレ,"筋トレより睡眠を優先する、が私の結論。追い込んだ日ほど回復が遅れている人を見ていると、そう感じる。
チェックしたいのは①就寝1時間前はスマホを置く②筋トレは就寝3時間前までに終える③入浴で深部体温を上げすぎない、の3つだけ。
あなたは何時間睡眠を目標にしてる？",😴🛏️,high,implicit,
2026-10-08,12:00,bodymake,threads,筋トレ,"結論、筋トレの伸び悩みは「追い込み不足」より「寝不足」が原因なことが多いと感じている。
📝睡眠チェックリスト
□ 就寝1時間前はスマホを触らない
□ 就寝時刻を毎日そろえる
□ 起床後にタンパク質を摂る
□ 週2回は7時間以上眠る
ここで2つ以上×がついた人は、フォーム改善より先に睡眠を整える方が結果につながりやすい気がしている。
あなたは何個当てはまった？",😴📝💪,high,none,
2026-10-08,19:00,bodymake,threads,筋トレ,"私はタイミングより「1日の合計摂取量」を優先する派です。
体重×1.6g前後を目安に朝昼晩で分けて摂る方が、30分以内のゴールデンタイムを狙うより現実的に続けられると感じている。
📋今日から試せる分け方
・朝：卵or納豆
・昼：鶏むねor魚
・夜：プロテインor豆腐
厳密さより『今日も合計は届いた』の積み重ねが継続の鍵な気がしている。
あなたはタイミング派？合計量派？",🍳📋⏱️,high,none,
2026-10-08,21:00,bodymake,threads,筋トレ,"私は「準備の手間を先に減らす」派。
・前夜にジムバッグを玄関に置く
・着替えを枕元に用意する
・補給用のドリンクを冷蔵庫に常備する
この3つだけで、朝の重い腰がかなり軽くなったという声をよく見かける。
次の朝トレ、あなたは前夜に何を準備しておく？",🎒⏰,medium,implicit,
2026-10-08,07:00,education,threads,教育,"結論、テストの点数は見せてもらう派です。
点数そのものより「どこで間違えたか」を一緒に確認する材料になると考えています。
我が家で決めているチェックポイントは3つ。
①70点以下は原因を一緒に探す
②90点以上は結果より過程を一言褒める
③点数の良し悪しでその日の機嫌を変えない
見せなくていい派のご家庭は、どんな基準でやる気を守っていますか？",📊✏️,high,implicit,
2026-10-08,12:00,education,threads,教育,"結論、家庭のご褒美設計は「プロセス評価8割・結果評価2割」がちょうどいいと感じている。
テストの点数だけを見ていると、点数が伸びない時期にやる気の土台まで崩れやすい。
・机に向かった時間
・声に出して読んだ回数
・分からない問題に粘った時間
このあたりを記録して、月末にまとめて結果と紐づけるくらいが現実的だと思う。
みなさんの家庭では、どちらの比重が大きいですか？",🎯📝,high,implicit,
2026-10-08,19:00,education,threads,教育,"結論、子どもの「できない」は「まだ」に言い換えるだけで行動が変わりやすいと感じている。
言い換えの基準はシンプルに3つ。
①結果ではなく直前の行動を言葉にする
②比較は「昨日の自分」に限定する
③できたことは具体的な数字で伝える（例：10分早く着席できた）
抽象的な励ましより、この方が次の一歩につながりやすい気がする。
他に効果を感じた言い換え、あれば教えてください。",📌✨,high,implicit,
2026-10-08,21:00,education,threads,教育,"結論、プログラミングはもう『習い事の選択肢』ではなく『受験科目の準備』だと私は見ています。
情報Ⅰが共通テストに入ってから、周囲の相談内容は「楽しく触れさせたい」から「間に合わせたい」に変わってきました。
判断基準はシンプルに2段階、
・中学までに触れて型に慣れる
・高校からは演習量を増やす
この順番で考えると迷いにくいです。
みなさんはいつから対策を意識し始めましたか？",📝,high,implicit,
2026-10-08,07:00,setsuyaku,threads,節約,"食費を切り詰めるより、惰性で払っている固定費を削る方が続けやすいと思う。私はここ数年、食費より先に契約系の見直しから手をつける派です。
節約が続かない人に共通するのは、我慢を積み重ねて疲れてしまうこと。一度手続きすれば自動的に減る仕組みの方が挫折しにくい。
変動費と固定費、みなさんはどっちから見直しましたか？",🧾💡,medium,implicit,
2026-10-08,12:00,setsuyaku,threads,節約,"結論、節約はまず固定費から。食費を削るのは一番最後でいい。
通信費・サブスク・保険の3つは、一度見直せば効果がずっと続くのが強み。
手順はシンプル↓
1) 契約中のサブスクを全部書き出す
2) 直近1ヶ月使っていないものを解約
3) 保険の保障内容が重複していないか確認
食費や外食を我慢するより、心理的なストレスが少ないのが固定費見直しの良いところ。
みんなは固定費、最後に見直したのいつ？",🏠📝,high,implicit,
2026-10-08,19:00,setsuyaku,threads,節約,"結論、節約で家庭がギスギスするのは『我慢の分担』がズレてるだけだと思う。
サブスクは放置なのに子どものおやつだけ削られる、みたいな家庭は意外と多い。
削る前にやっておきたいこと↓
・家族それぞれの『削れそうなもの』を出し合う
・一人にだけ我慢を集中させない
・小さな楽しみは最後まで残す
節約は根性より仕組みで続ける方が長持ちする気がしている。
うちはこうしてる、という工夫があれば教えてほしい。",👨‍👩‍👧🍰,medium,implicit,
2026-10-08,21:00,setsuyaku,threads,節約,"電気・ガス・水道の明細、先月分と見比べたことありますか？

同じ生活スタイルでも季節や使い方のクセで数百円〜千円単位の差が出ていることがあります。

私は「先月比」を見る習慣をつけてから、無駄遣いに気づきやすくなりました。

みなさんは光熱費、どのタイミングでチェックしていますか？",💡📊,medium,implicit,
2026-10-08,07:00,tenshoku,threads,転職,"求人サイトの倍率が高くても、現場の実感は「買い手市場」という人が6割超えてるらしい。
私はこのギャップこそが転職活動の落とし穴だと思ってる。

『本当に人が足りてる会社』を見極める基準はこの3つ。
・面接官が2回以上変わる＝選考が慎重＝実は余裕がある可能性
・スカウトの文面が定型文か個別かで温度感が分かる
・求人票の「即日入社歓迎」は逆に警戒したほうがいい

数字だけで判断すると痛い目を見る。

このギャップ、実際に感じたことある人いる？",🔍📊,high,implicit,
2026-10-08,12:00,tenshoku,threads,転職,"私は「転職エージェント3社登録」派です。理由は単純で、求人の出方が会社によって全然違うから。
1社だけだと紹介される求人の数も業界の偏りも大きい、という声はよく聞きます。

登録前に見るべきチェックリストはこの3つ。
・得意業界（IT/メーカーなど）が自分と合っているか
・担当者の初回提案までのスピード
・面談の日程調整のしやすさ

これだけで「合わないエージェント」に時間を溶かすリスクはかなり減らせます。

みなさんは何社登録していますか？",📋,high,none,
2026-10-08,19:00,tenshoku,threads,転職,"結論、面接での退職理由は「ポジティブ変換一択」だと思っている。
「人間関係が嫌だった」ではなく「よりチームで成果を出せる環境を求めた」に言い換えるだけで、面接官の受け取り方は変わる、という声は多い。

言い換えの基準はシンプル。
・ネガティブワードを削る
・未来志向の言葉に変える
・具体的な行動やスキルにつなげる

これを意識するだけで、同じ経歴でも印象は大きく変わるはず。

みんなはどう言い換えてる？",💬,medium,implicit,
2026-10-08,21:00,tenshoku,threads,転職,"転職エージェントは1社より3社使う方が良いと思う。理由は求人の偏りと担当者の当たり外れをなくすため。
比較するときに見てるポイントはこの4つ。
・提案してくる求人の幅
・年収交渉の実績
・担当者の業界理解度
・面接後のフィードバックの速さ
1社だけだと『その担当者の得意分野』しか見えてこない。みなさんは何社くらい使ってますか？",📝✅,high,none,
2026-10-08,07:00,pet,threads,ペット,"結論、フード選びで一番見るべきは「原材料表示の順番」だと思っている。

最初の3つに肉・魚由来のタンパク源が入っているかで、だいたいの品質は判断できる。

保存版チェックリスト↓
□ 原材料の1〜3番目にタンパク源があるか
□ 添加物の種類が多すぎないか
□ 便の状態（硬さ・匂い）が切り替え後2週間で安定したか
□ 粒の大きさが顎の力に合っているか

毎回パッケージ裏を見返すのが面倒な人向けの基準です。

みなさんはフード選びで一番重視してる項目、何ですか？",🐾📋,high,implicit,
2026-10-08,12:00,pet,threads,ペット,"猫が急に飼い主の膝から降りて、少し離れた場所で丸くなるのは「嫌い」じゃなくて「安心してる証拠」だと思っている。

ベタベタ甘えるだけが愛情表現じゃなくて、視界に入る距離で寛いでいること自体が信頼のサインというのが私の見方。

同じ空間にいるのに触れ合わない時間、うちのコだけかと思ってたけど意外とあるあるらしい。

猫飼いのみなさん、この「つかず離れず」感じたことあります？",🐈,medium,none,
2026-10-08,19:00,pet,threads,ペット,"結論、初心者ほど多頭飼いより先に「通院費の備え」を整えるべきだと思う。保険の有無で、通院するかどうかの判断が変わる場面をよく見かける。

【通院前チェック】
・年1回の健康診断予定はあるか
・通院費の上限額を決めているか
・持病の有無を把握しているか

これだけで「まさかの通院」への心構えがかなり変わる、というのが個人的な結論。みなさんは通院費の目安、決めていますか？",🐾🏥,medium,none,
2026-10-08,21:00,pet,threads,ペット,"うちの子が季節の変わり目にフードを残す——これ、あるあるだと思う。結論、フードを変える前にまず「量」を見直すのが先。

【原因を絞る3チェック】
1) 体重の増減
2) おやつの量
3) 運動量の変化

これで大体の原因は絞れる、というのが観察してきた実感。みなさんの子は食欲の波、どう対策してますか？",🐶🍚,medium,none,
2026-10-08,07:00,sleep,threads,睡眠,"結論、夜中に何度も目が覚めるのは「気にしすぎ」より先に室温と光を疑ったほうがいい派です。
目安にしているチェックはこの3つ↓
①寝る1時間前は暖色照明に切り替えているか
②布団の中の温度が高すぎないか
③起床時刻を平日休日で大きくズラしていないか
どれか当てはまる人、地味に多いはず。あなたはどれが一番怪しいと思う？",🌙💤,high,implicit,
2026-10-08,12:00,sleep,threads,睡眠,"最近「夜中に3回以上目が覚める」という声をよく見かける。私はこれ、スマホより『布団の中で考え事をする時間』の影響のほうが大きいと思っている派です。
試している人が多い対策はシンプルで、
・寝る前に『明日やること』を紙に書き出す
・布団に入ったら考え事を一旦保留にする
これだけで中途覚醒が減ったという話をよく聞きます。同じタイプの人いる？",🛌📝,medium,implicit,
2026-10-08,19:00,sleep,threads,睡眠,"結論、寝る前90分のスマホ断ちが一番コスパの良い睡眠改善策だと思う。

私は『デジタル門限』と呼んで人に勧めている。

やることはシンプル：
・22:30以降は通知オフ
・照明は暖色系に切り替え
・ベッドでは本かストレッチのみ

これだけで『布団に入ってからのスマホ時間』が減り、入眠までの体感時間が短くなったという声が多い。

みんなは寝る前、何時にスマホを手放してる？",📱🌙,high,implicit,
2026-10-08,21:00,sleep,threads,睡眠,"夜中に『明日ちゃんと起きられるかな』と不安になって、逆に目が冴えた経験がある人は多いはず。

私はこの手の不安は『予定への責任感の裏返し』だと思っている。だから無理に寝ようとせず、一度アラームを2つ確認するだけで安心して眠れることが多い。

完璧に寝ようとするより、『最低限起きられる保険』を作る方が結果的に眠りやすい派です。

みんなは寝る前、そういう不安どう対処してる？",⏰😌,high,none,
2026-10-09,07:00,konkatsu,threads,婚活,"婚活で一番もったいないのは、最初の「楽しみ」が数ヶ月で「条件確認」に変わることだと思う。私は、会話の中心が年収や実家の話ばかりになったら一度立ち止まる派。

■審査モードに入っているサイン3つ
・話題の中心が「年収・職種・実家・将来設計」に偏っている
・LINEの文面が事務連絡っぽくなっている
・会う前から次の候補を探し始めている

この3つに当てはまったら、条件より「一緒にいて楽か」を見直すタイミングかもしれない。
あなたはどんな瞬間に審査モードに気づく？",💍🔍,high,implicit,
2026-10-09,12:00,konkatsu,threads,婚活,"先週、電車で隣に座った2人の会話が最後まで敬語のままだったのを見かけた。私は、3回目のデート以降も敬語や距離感が変わらない相手とは、進展が鈍いことが多いと感じている。

■距離感が縮まっているかの判断基準
・下の名前や愛称で呼べているか
・沈黙があっても気まずくないか
・LINEの返信が短文でも成立しているか

条件よりも先にこの「距離感」を見たほうが、後の失敗が減る気がしている。
あなたは何回目のデートで距離感の変化を感じる？",🚃💬,medium,implicit,
2026-10-09,19:00,konkatsu,threads,婚活,"結論、婚活が長引く人の多くは「審査モード」に入り込んでいると感じる。条件確認から入るほど、相手も身構えて距離が縮まらない。

■審査モードに入っているサイン3つ
・初対面でいきなり年収/実家/将来設計を聞く
・沈黙が怖くて質問攻めになる
・LINEが「今度会いましょう」で止まり日程を詰めない

私は「面接官をやめた瞬間に、婚活は前に進む」派。条件を通過した先に好意があるのではなく、条件を忘れた瞬間に好意が生まれるものだと思う。

あなたは直近のデート、趣味の話に何分使えた？",💍🤔,high,implicit,
2026-10-09,21:00,konkatsu,threads,婚活,"結論、同棲の話し合いは「言葉が同じでも意味が違う」ことが多いと思う。

先日、地下鉄で隣になった20代後半くらいの2人の会話がふと耳に入った。「一緒に住もう」という同じ一言に対して、片方は現状維持のつもりで、もう片方は結婚への準備のつもりで話しているように聞こえた。

■同棲前にすり合わせておきたい3つ
・同棲のゴール（結婚時期）をいつまでに話すか
・生活費・家事の分担ルール
・将来の話題が出たときの反応を観察する

私は「同棲の意味は、言葉より態度で確認するべき」派。

あなたは同棲、通過点派？それとも結婚への準備派？",🏠💬,high,implicit,
2026-10-09,07:00,sidejob,threads,副業,"住民税の『20万円以下なら申告しなくていい』は、所得税だけの話。私は副業収入の金額に関わらず、住民税の申告はする派です。
確定申告のときにチェックしておきたいのはこの3点。
・確定申告書 第二表の『住民税に関する事項』欄
・徴収方法が『普通徴収』になっているか
・提出前に控えを1部残しておく
これだけで会社に知られる不安はかなり減らせます。
みなさんは毎年、どちらを選んでいますか？",🧾✅,high,none,
2026-10-09,12:00,sidejob,threads,副業,"副業アカウントが伸び悩む一番の原因は、発信テーマがブレていることだと思っています。私は『1テーマ1切り口』を徹底する派です。
見直すべきチェックはこの3つ。
・プロフィールで発信テーマが一言で伝わるか
・投稿ごとにテーマが変わっていないか
・手順や基準など保存したくなる実用情報が入っているか
これだけで反応の土台が変わることが多いです。
みなさんは発信テーマ、何で絞っていますか？",📌,medium,implicit,
2026-10-09,19:00,sidejob,threads,副業,"結論、副業は「単価の高さ」より「再現性」で選んでいい。
単価だけで案件を選ぶと、続かないケースが多い印象。
私が案件を判断する基準は次の5つ。
✅ 週5時間以内で完結するか
✅ マニュアル化できる作業か
✅ 単発でなく継続案件があるか
✅ クライアントとの連絡頻度が多すぎないか
✅ 身につくスキルが翌月以降も使い回せるか
この基準に当てはまらない案件は、単価が高くても長続きしにくいと感じています。
今やってる副業、この5つに何個当てはまりますか？",✅📝,high,implicit,
2026-10-09,21:00,sidejob,threads,副業,"体感で言うと、副業が続かない人の共通点は「毎日更新」をノルマにしていること。
逆に半年以上続けられている人ほど、最初から「週3日でいい」とハードルを下げている印象がある。
理由はシンプルで、一度更新が止まると再開のハードルが一気に上がるから。
私は投稿頻度より「破綻しない仕組み」を優先する派です。
毎日更新、まだ続けられていますか？",🗓️💭,medium,implicit,
2026-10-09,07:00,beauty,threads,美容,"肌がゆらいでいるサイン、私は3つだけ見れば十分だと思っている。
①いつもより赤みが出やすい
②化粧水がしみる
③皮膚科で「肌が薄い」と言われたことがある
どれか1つでも当てはまる人は、攻めのケア（レチノール・酸系）を毎日から週2〜3回に落として、保湿を厚めにするだけで印象が変わることが多いらしい。
攻めと守り、今どっちを優先してますか？",🌿✨,high,implicit,
2026-10-09,12:00,beauty,threads,美容,肌がゆらいでいるサインは、実は3つだけ覚えておけば十分だと思っている。①化粧水がしみる②いつもより赤みが出やすい③皮膚科で「乾燥・バリア機能が低下」と言われた。結論、1つでも当てはまったら攻めケア（レチノールや酸系）は週1〜2回まで落として、保湿を厚めにするだけで扱いやすくなる、という印象がある。今の時期、当てはまる人ってどのくらいいるんだろう？,🧴✋,high,implicit,
2026-10-09,19:00,beauty,threads,美容,"結論、スキンケアは「順番」より「温度」で変える方が肌に合うと思っている。
夏は化粧水を体温に近づけてから重ね付け、冬は乳液を早めに足して蒸発を防ぐイメージ。
チェックしたいのは①肌がつっぱる時間帯②メイクがヨレる場所③週末の肌荒れ頻度、の3つ。
1つでも当てはまったら、季節ごとに順番を見直すサインだと思う。
みんなは季節で使う順番、変えてる？",🧴☀️❄️,high,implicit,
2026-10-09,21:00,beauty,threads,美容,"レチノールは毎日より、週3〜4回+保湿多めの方が続けやすいと思っている。
肌がゆらいでいるサインは次の3つ。
①いつもより赤みが出やすい
②化粧水がしみる
③皮膚科で「乾燥・薄い」と言われたことがある
1つでも当てはまるなら、頻度を落として保湿を厚くするのも選択肢だと思う。
毎日派？休み休み派？コメントで教えて",🌙✨,high,implicit,
2026-10-09,07:00,bodymake,threads,筋トレ,結論、筋トレは週3〜4回に抑える派でいる。毎日追い込むより、部位ごとに48〜72時間の回復時間を空けたほうが、扱う重量が結果的に伸びやすいと感じている。曜日固定より「前回の筋肉痛が抜けたか」で次のトレ日を決める人が周りには多い印象。あなたは頻度、何回で回してる？,💪📅,high,implicit,
2026-10-09,12:00,bodymake,threads,筋トレ,結論、筋トレの継続力は「準備の手間を何分削れるか」で9割決まると思っている。続けられている人に共通して見えるのは①ウェアを前夜に出す②ジムバッグを玄関に置く③行った日だけカレンダーに丸をつける、の3つだけ。根性で乗り切るより仕組みを変える方が再現性が高い気がしている。あなたが取り入れてる『続く仕組み』、ひとつだけ教えて？,🗓️✅,medium,implicit,
2026-10-09,19:00,bodymake,threads,筋トレ,"結論、筋トレが続くかどうかは「最初の2週間の頻度設計」でほぼ決まると思っている。理由はシンプルで、習慣が固まる前に高頻度・高強度にすると、心身の負荷でやめやすくなるから。
続けやすい人に共通する初期設計はこの3つ。
・週2〜3回からスタートする
・同じ部位を連続で追い込まない
・「休む日」を先にカレンダーへ入れておく
この3つを外している人ほど、3週間以内に離脱しやすい印象がある。あなたは最初の2週間、どんな頻度で始めた（始める予定）？",📅💪,high,implicit,
2026-10-09,21:00,bodymake,threads,筋トレ,"「筋肉痛が出ないと効いていない」というのは半分間違いだと思っている。筋肉痛はダメージの指標であって、成長そのものの指標ではないからだ。
実際、扱う重量や回数の推移が右肩上がりなら、筋肉痛がなくても筋力・筋量は伸びているケースがある。
成長判断に使えるチェックポイントはこの3つ。
・同じ種目の重量が3週間前より伸びているか
・同じ重量でのフォームが安定してきたか
・翌日の「動ける感覚」を疲労感より重視できているか
この3つを記録し始めると、筋肉痛の有無に一喜一憂しなくなる気がしている。あなたは何を基準に伸びを判断してる？",📊🔥,high,implicit,
2026-10-09,07:00,education,threads,教育,"結論、子どもの『できない』への返しは、否定せず現在地を示す一言に変えるだけで反応が変わると感じています。
私が意識しているのは3段階の言い換えです。
・否定しない→「まだ途中だね」
・現在地を示す→「ここまではできてるね」
・次に繋げる→「次はここをやってみようか」
この順番を守るだけで表情が変わることがあります。
みなさんが使っている言い換え、コメントで教えてください。",📌,high,implicit,
2026-10-09,12:00,education,threads,教育,"結論、子どもの「できない」への返しは具体性一択だと思っています。
・「まだできてないだけ」→現在地の言い換え
・「ここまでできてるね」→進捗の可視化
・「一緒に考えてみようか」→伴走宣言
保存版チェックリストとして使ってみてください。他に使っている言い換え、あれば教えてください。",📌✏️,high,implicit,
2026-10-09,19:00,education,threads,教育,"結論、子どもの「できない」への返しは、行動を主語にすると変わると思う。
私は「あなたはできない」ではなく「このやり方がまだ合ってないだけ」と伝える派です。
・成果より途中経過を認める
・他の子と比較しない基準を先に決めておく
・次の一歩だけを具体的に提案する
保存版のつもりで書きました。皆さんが実際に使ってる言い換え、どんなのがありますか？",📝,high,implicit,
2026-10-09,21:00,education,threads,教育,"結論、ロボット教室とプログラミング教室は「入り口」で選べば失敗しにくいと思う。
私は、手を動かすのが好きな子にはロボット、画面の中で完結させたい子にはプログラミングを勧める派です。
判断の目安：
・工作や分解が好き→ロボット系
・ゲームや動画を作りたい→プログラミング系
・両方好きそう→まずは両方の体験だけ受けてみる
どちらのタイプか、迷ってる人はお子さんの普段の遊び方どっちに近いですか？",🤖,high,implicit,
2026-10-09,07:00,setsuyaku,threads,節約,サブスク、平均5個以上契約してる人が多いらしい。私は「年1回、全部書き出して先月の利用回数がゼロなら即解約」をルール化するのが一番効くと思う派。①契約中サービスを紙に書き出す②先月使った回数を書く③ゼロなら解約、これだけで固定費は減らせる。今月見直した人、何個解約できた？,📝,high,implicit,
2026-10-09,12:00,setsuyaku,threads,節約,節約って我慢することだと思われがちだけど、私は逆だと思う派。通信・保険・サブスクみたいな固定費を一度整えれば、あとは我慢ゼロで自動的に浮き続ける。逆に食費や外食を削る方法は継続コストが高くて挫折しやすい。あなたが最初に見直すなら、通信費・保険・サブスクのどれから手をつける？,💡,medium,implicit,
2026-10-09,19:00,setsuyaku,threads,節約,"結論、ふるさと納税は9月中に済ませておくべき派です。

2026年10月から返礼品の地場産品基準が厳格化され、家電や域外加工の食品などが対象から外れる可能性があるとされています。欲しい返礼品が決まっている人ほど先延ばしは損になりやすいです。

寄付前にチェックしたい3点↓
✅ 欲しい返礼品が『地場産品基準厳格化』の対象カテゴリか確認
✅ 上限額シミュレーターで控除枠を再確認
✅ 決済方法（クレカ・キャッシュレス）でポイント上乗せがあるか比較

制度が変わるたびに『前のルールのまま』損している人、意外と多い印象です。
みなさんは今年、もう寄付済みですか？",🍤✅,high,implicit,
2026-10-09,21:00,setsuyaku,threads,節約,"結論、固定費の見直しは『通信費→保険→サブスク』の順でやるのが効率いい派です。

理由はシンプルで、通信費は一度見直せば手間なく効果が数年続くから。保険やサブスクは見直しに時間がかかる割にリターンが小さいことが多いです。

見直し前のミニチェックリスト↓
✅ 直近3ヶ月の携帯代の平均額を出す
✅ 使っていないサブスクを1つでも洗い出す
✅ 保険は『同じ保障で安いプランがないか』だけ確認

完璧を目指すと疲れて続かないので、まず1項目だけでいいと思っています。
みなさんが最初に手をつけるならどれですか？",📱💡,medium,implicit,
2026-10-09,07:00,tenshoku,threads,転職,"転職理由を『人間関係』とそのまま面接で言う人は少ないと感じる。結論、本音と建前は最初から分けて整理しておいた方がいい。
・本音（自己分析用）：人間関係、給与、将来不安
・建前（面接用）：キャリアアップ、スキル活用
本音を隠すのではなく、面接用に翻訳しておくイメージ。みなさんは本音と建前、どう線引きしてますか？",🗣️🔍,high,implicit,
2026-10-09,12:00,tenshoku,threads,転職,"有効求人倍率1.18倍でも、書類選考の通過率は体感で下がっている。私は「応募数より一社ごとの準備の質」派。
最低限これだけは揃えてから出すべきだと思っている項目↓
・職務経歴書は求人票の文言に合わせて言い換える
・志望動機は「なぜこの会社か」まで踏み込む
・退職理由はネガティブ→前向きに変換して1行で言えるようにする
ここまでやって落ちるなら、応募先の相性の問題だと切り替えていい。
今の転職活動、数で勝負派？質で勝負派？",📝,high,implicit,
2026-10-09,19:00,tenshoku,threads,転職,"求職者の6割が「買い手市場」だと感じているのに、実際の有効求人倍率は高止まりしている。このギャップ、放置すると自己評価を下げすぎる原因になると思っている。
結論、求人数の多さと「自分に合う求人があるか」は別問題。
見るべきは求人票の数ではなく、応募先の中で自分の経験がそのまま活きる求人が何件あるかどうか。
数字に振り回されて動けなくなってる人、意外と多い気がする。",📊,medium,none,
2026-10-09,21:00,tenshoku,threads,転職,"年収600万円以上の人の約6割がSNS経由でスカウトを受けた経験があるらしい。
私はこの数字、思ったより低くないなと感じている。

プロフィールを整えるだけで声がかかる可能性があるなら、やらない理由がない。
最低限チェックしたいのはこの3つ。
☑ 職種・スキルが一目でわかる自己紹介文になっているか
☑ 実績は数字ベースで書けているか
☑ 発信内容に一貫性があるか

整っていない人ほど「見られている」意識が抜けている印象。

あなたのプロフィール、この3つ埋まってますか？",📈🧾,high,implicit,
2026-10-09,07:00,pet,threads,ペット,"ドッグフードのパッケージ、私は上位3つの原材料しか見ていません。それで十分と思う派です。
選ぶときに確認しているポイントはこの3つです。
・主原料が肉や魚など動物性たんぱくか
・添加物表記が少ないか
・年齢や体重に合わせたカロリー設計になっているか
細かい成分表より、この3点で十分な差が出ると感じています。
みなさんはフード選びで最初にどこを見ますか？",🍖🐾,high,implicit,
2026-10-09,12:00,pet,threads,ペット,"保護犬を勧めるかどうか、私は「飼い主の経験値次第」で分ける派です。
初めて犬を迎える人には、まず性格や病歴が把握しやすいブリーダーや里親会経由の子をすすめることが多いです。反対に、一度でも犬と暮らした経験がある人には、保護犬の相性の良さを伝えることが多いです。
どちらが正しいという話ではなく、経験値によって向き不向きがあると感じています。
みなさんは保護犬派・ブリーダー派、どちらですか？その理由も聞いてみたいです。",🐕💭,high,implicit,
2026-10-09,19:00,pet,threads,ペット,結論、ペットフード選びで見るべき基準は3つだけでいいと考えています。①原材料の1番目が肉・魚であること②着色料・香料が無添加であること③粒の大きさが顎の力に合っていること。それ以外の細かい成分表はあまり気にしなくていいというのが私の立場です。保存しておいて買い物のときに見返せる基準にしてもらえたら。あなたが一番重視しているポイントは①〜③のどれですか？,🐾📝,high,none,
2026-10-09,21:00,pet,threads,ペット,朝5時に起こしにくる猫は珍しくないと思っています。個人的には、これは甘えではなく「生活リズムの主張」だと捉えるのが一番しっくりきます。無理に直そうとするより、前日の夜ご飯の時間を30分後ろにずらすだけで改善したという声もよく聞きます。しつけの失敗ではなく、リズムの調整で解決できるケースが多い印象です。同じように早朝に起こされている人、どう対処してますか？,🐱⏰,medium,implicit,
2026-10-09,07:00,sleep,threads,睡眠,"結論、寝る1時間前のスマホは「明るさ」より「情報量」が問題だと思ってる。
脳が“処理待ちの情報”を抱えたまま横になると、光を落としても入眠が長引く。
私が試して良かった基準は3つだけ。
①通知は音もバイブも切る
②SNSは開いても「見る専用」にしてコメントしない
③ベッドに入ったらスマホは手の届かない場所に置く
これだけで「あれこれ考えて寝れない」時間が減った人、他にもいる？",🌙📵,high,implicit,
2026-10-09,12:00,sleep,threads,睡眠,"深部体温は入浴後90分でストンと下がる。私はこの90分ルールを知ってから、入浴時間を「寝る直前」から「寝る1.5時間前」に変えた派。
体感で変わったのはここ。
・布団に入ってからの寝つきまでの体感時間が短くなった
・夜中に一度目が覚める回数が減った気がする
入浴のタイミングを変えるだけで体感が変わった経験、ある人いる？どのくらい前に入ってる？",🛁⏰,high,implicit,
2026-10-09,19:00,sleep,threads,睡眠,"結論、寝る90分前の入浴が一番コスパがいいと思う。
深部体温が下がるタイミングで入眠すると寝つきが変わる、というのを試してから朝の目覚めが軽くなった気がする。
チェックすべきは3つだけ。
①湯温38〜40度
②浸かる時間10〜15分
③入浴後は照明を落として画面を見ない
これだけで「寝つくまでの時間」が変わる人は多いはず。
みんなは入浴と寝つきの関係、意識してる？",🛁🌙,high,implicit,
2026-10-09,21:00,sleep,threads,睡眠,"私は「起床時間固定」派。就寝時間より起きる時間を揺らさない方が睡眠の質は安定すると感じている。
休日に寝坊すると月曜がしんどくなるのは、体内時計がズレるから。
目安にしてるのはこの3つ。
・平日と休日の起床差は1時間以内
・起きたらすぐ日光を浴びる
・二度寝は15分以内で切る
シンプルだけど効果を感じやすい基準だと思う。
起床時間、みんなはどのくらいブレてる？",⏰☀️,medium,implicit,
2026-10-10,07:00,konkatsu,threads,婚活,"結論、婚活で停滞する人の多くは「審査モード」に入りすぎていると感じる。
最初は『どんな人だろう』だったのに、気づけば年収・学歴・実家の話ばかり聞いていないだろうか。
私は、条件確認より先に『素の自分が出せる相手かどうか』を見る派。
■審査モードに入っているサイン
・沈黙が怖くて質問攻めになる
・LINEが用件だけのやり取りに変わる
・会うたびに品定めされている感覚が強くなる
一つでも当てはまったら、条件リストより会話の中身を見直した方がいいと思っている。
あなたは今、どちらのモードだと思う？",💍📝,high,implicit,
2026-10-10,12:00,konkatsu,threads,婚活,"初対面から3回目のデートまでずっと敬語のまま、というのは珍しいことではないと観察している。
私は『3回目で下の名前を呼べているか』を進展の分かれ目として見ている派。
■距離感が縮まっているかのチェック
・沈黙になっても気まずくならない
・LINEの文末に絵文字や砕けた言い回しが増える
・次の予定を相手から提案してくるようになる
逆にこれが3回目を過ぎても変わらない場合、関係は仮交際のまま止まりやすいと感じている。
あなたの婚活で、距離感が変わった瞬間はどんなタイミングだった？",📏💬,medium,implicit,
2026-10-10,19:00,konkatsu,threads,婚活,"結論、婚活で本気度を見るべきは「学歴」より「質問の数」だと思う。
先週、婚活パーティー会場のロビーで順番待ちをしていた2人の会話が耳に入った。
一方はプロフィールの年収や勤務先ばかり確認し、もう一方は相手の休日の過ごし方を3つも質問していた。
■本気度が高い人に共通する質問の傾向
・相手の「好きなもの」を聞いているか
・条件確認より過去のエピソードを聞いているか
・沈黙の後も会話を続けようとしているか
条件を聞く人より、好きなものを聞く人の方が、関係が進みやすいと感じている。
直近のデートで「質問攻めだったな」と感じた瞬間、ありましたか？",🤔📝,high,implicit,
2026-10-10,21:00,konkatsu,threads,婚活,"私は、婚活が停滞する一番の原因は「年収」より「審査モードが抜けないこと」だと思う。
最初はときめきで会っていたはずなのに、3回目あたりから急に条件確認モードに切り替わる人を何人も見てきた。
■審査モードに入っているサイン
・会話の8割が確認作業になっている
・相手の弱みより強みばかり探している
・楽しかった記憶より条件の一致率で判断している
審査を忘れられた瞬間からしか、関係は前に進まないと考えている。
最近のデートで、つい確認モードになってしまった瞬間はありましたか？",💭✅,high,implicit,
2026-10-10,07:00,sidejob,threads,副業,"結論、副業を選ぶ基準は「単価」より「再現性」だと思う。

高単価でも自分にしか売れないスキルは長続きしにくい。逆に単価が低くても、毎回同じ手順で数字が読める仕組みの方が結果的に続けやすいと感じる。

副業を選ぶ前に見るチェックリスト
・作業時間が毎回大きくブレないか
・自分が休んでも仕組みが回るか
・成果が数字で見える仕組みか

これに当てはまらない副業は、始める前に一度立ち止まった方がいいと思う。

みんなは副業選びで何を一番重視してる？",📝✅,high,implicit,
2026-10-10,12:00,sidejob,threads,副業,"丁寧に書きすぎた投稿ほど伸びない、というのは副業アカウントを見ていてよく感じること。

長文で背景から説明するより、3行で言い切る投稿の方が反応が良い印象がある。通勤時間にサッと読める分量に収まっているかどうかは、地味だけど大きな差になっている気がする。

短く言い切る投稿の型
・1行目で結論を言う
・2行目で理由をひとつだけ添える
・3行目で行動か問いで締める

丁寧に書きすぎて逆に反応が伸びなかった経験、心当たりある人いる？",✂️💭,medium,implicit,
2026-10-10,19:00,sidejob,threads,副業,"結論、初心者が最初に手を出すべき副業は「在庫を持たない系」だと考えています。
判断基準はシンプルに3つ。①初期費用1万円以下②即日撤退できる③スキマ時間で完結する。
この3条件を満たさない副業話は、契約前に一度立ち止まる価値があると思います。
あなたが今検討している副業、この基準に当てはまりますか？",📝✅,high,implicit,
2026-10-10,21:00,sidejob,threads,副業,"副業を始めて早期にやめる人に共通するのは、「完璧な準備」を先にやろうとする傾向だと感じています。
私は「まず小さく1件動いてから改善する」派です。
準備期間が長くなるほど、実行に踏み出す心理的ハードルが上がっていく現象、周りで見かけませんか？",💭🔍,medium,implicit,
2026-10-10,07:00,beauty,threads,美容,"結論、秋の乾燥対策は「化粧水の量」より「重ねる回数」がカギだと思う。
チェックしてほしいポイントは3つ。
①肌がつっぱる時間帯が朝か夜かで違うか
②メイクのヨレが増えたか
③使うアイテムを季節で変えているか
1つでも当てはまるなら、量を増やす前に重ねづけの回数を見直すのがおすすめ。
秋の乾燥、対策変えた人います？",🍂✨,high,implicit,
2026-10-10,12:00,beauty,threads,美容,"私は「毛穴パック」より「保湿の均一化」を優先する派。
乾燥した部分ほど皮脂が過剰に出て毛穴が目立ちやすくなると考えているから。
見直すポイントは2つだけ。
①Tゾーンと頬で化粧水の量を変えていないか
②夜だけ保湿して朝は省略していないか
この2つを直すだけで印象が変わったという声もよく見かける。
毛穴対策、今どうしてますか？",🔍✨,medium,implicit,
2026-10-10,19:00,beauty,threads,美容,"結論、毛穴とくすみは「隠す」より「土台から整える」ほうが長期的には楽だと思っている。
私の基準はシンプルで、①下地前に毛穴用の下地を一枚挟む②くすみは色ムラよりまず乾燥ケアを先にする③厚塗りで誤魔化す日は週1以下にする、の3つだけ。
特別な日だけ気合いを入れるより、日常の延長で整えるほうが結局続く気がしている。
あなたは「隠す派」「土台から整える派」どっち？",🧴✨,medium,implicit,
2026-10-10,21:00,beauty,threads,美容,"はっきり言うと、肌だけ頑張っても髪がパサついていると顔全体の印象がくすんで見えると思っている。
私が意識しているのは、①乾かす前にオイルを一滴つける②アイロン前も同じ工程を挟む③ディープトリートメントは週1回だけ、の3ステップだけ。
肌の透明感を仕込む前に髪のツヤを仕込んだほうが、写真の伸びが早い気がしている。
今、肌ケアと髪ケア、時間をかけているのはどっち？",💇‍♀️✨,medium,implicit,
2026-10-10,07:00,bodymake,threads,筋トレ,"停滞期に入ったとき、種目を増やす前に見直されがちなポイントをメモ。
① 睡眠時間が最近削れていないか
② 同じ重量・回数が何週も続いていないか
③ 体重の変化に対して食事量が合っているか
この3つから確認する、という考え方があるらしい。
みんなは停滞期、まず何から見直す？
📝",📝,high,implicit,
2026-10-10,12:00,bodymake,threads,筋トレ,体重×1.5gのタンパク質量、いきなり計算しなくていい。私が続けているのは「卵1個＋納豆1パック」を毎日の食事に固定で足すだけのルール。数字を追うより“いつもの食事に1品足す”方式の方が続く気がしている。今日の食事、あと何を足せそう？,🥚,medium,implicit,
2026-10-10,19:00,bodymake,threads,筋トレ,結論、忙しい日ほど「10分メニュー」でいいと思っている。私が実践しているのはスクワット10回・腕立て10回・プランク30秒の3つだけ。完璧な60分より、ゼロの日を作らないことの方が半年後の差になる気がしている。あなたが忙しい日に削るなら、種目？時間？それとも回数？,💪🏠,high,implicit,
2026-10-10,21:00,bodymake,threads,筋トレ,私は「タイミングより合計量」派。筋トレ後30分以内にこだわるより、朝・昼・夜でタンパク質を1品ずつ足す方が結局続く。目安は卵1個・納豆1パック・ヨーグルト1個をそれぞれ別の食事に足すだけ。細かい計算より『足す習慣』を先に作る方が挫折しにくいと感じている。みんなはタイミング重視？合計量重視？,🍳⏱️,high,implicit,
2026-10-10,07:00,education,threads,教育,"結論、宿題タイムは「机に向かう時間の長さ」より「始めるまでのハードルの低さ」を優先した方がうまくいくと感じている。
声かけで意識しているのは次の3つ。
①「10分だけやろう」と時間を区切る
②最初の1問だけ一緒に解く
③終わったら丸つけより先に「お疲れさま」を言う
完璧な計画より、始めやすさを優先する家庭の方が続いている印象がある。
あなたの家庭は、始める工夫と終わる工夫、どちらを重視していますか？",📝✏️,high,implicit,
2026-10-10,12:00,education,threads,教育,"私は「通知表の点数」より先に「本人が一番頑張ったと思う教科」を聞く派です。
点数だけを見ると、努力が結果に出なかった教科がどうしても目に入りにくい。
先に本人の実感を聞いてから点数を見ると、声のかけ方が変わってくる。
点数の話は、そのあとでいい。
みなさんは、点数と本人の実感、どちらを先に聞きますか？",🗣️📖,high,implicit,
2026-10-10,19:00,education,threads,教育,"通信制高校を調べると、オンラインと通学を両方持つところがあるらしい。

資料請求前に見ていた点は3つ。
・授業の受け方
・相談窓口の有無
・費用の内訳が資料で分かるか

進路の候補に、通信制は入っていますか？",📚,medium,implicit,
2026-10-10,21:00,education,threads,教育,"幼児教室と小学校受験の教室をいくつか調べると、「無料体験の予約」が入口のものがあるらしい。

体験の前に見ていた点は3つ。
・対象年齢が公開ページに書いてあるか
・体験が無料か
・受験対策の範囲がどこまでか

習い事の候補に、教室型は入っていますか？",📚,medium,implicit,
2026-10-10,07:00,setsuyaku,threads,節約,"結論、固定費は「通信→保険→サブスク」の順で見直すのが一番効率がいいと思っている。

理由は単純で、この3つは一度見直せば毎月ずっと効果が続くから。

見直す時に自分がチェックしてる基準はこの3つだけ。
①使ってる機能を実際に使っているか
②同条件でもっと安いプランがあるか
③解約・変更の手間が数千円以上の価値に見合うか

節約系の発信をしてると「頑張って我慢する」系のアドバイスが多いけど、個人的には我慢より仕組みを変える方がラクだし続くと感じてる。

みんなは固定費、どこから手をつけた？",💡📱,high,implicit,
2026-10-10,12:00,setsuyaku,threads,節約,"ふるさと納税、毎年12月に慌てて申し込む人が多いけど、私は「夏〜秋のうちに上限額だけ計算しておく派」。

理由は、年末は返礼品の人気商品が売り切れやすいから。

上限額を計算する時に見てる項目はこれだけ。
・今年の給与収入（見込みでOK）
・扶養家族の人数
・他の控除（iDeCoやふるさと納税以外の寄付）の有無

この3つが分かれば、シミュレーターでだいたいの上限は出せる。

毎年ギリギリで焦る人、意外と多くない？",🍅📝,medium,implicit,
2026-10-10,19:00,setsuyaku,threads,節約,ふるさと納税、いまだに『返礼品ランキング』から選んでる人が多い気がする。私は先に控除上限額を計算してから探す派。手順はシンプルで、①年収から上限額を出す②米や洗剤など普段使いのカテゴリで探す③届く時期を分散させる、この3ステップだけ。年末に慌てて選ぶより今の時期に動いた方が選択肢が多い。今年もう申し込んだ人いる？,🍚📦,high,implicit,
2026-10-10,21:00,setsuyaku,threads,節約,先月のスーパー、去年と同じ買い物カゴなのに800円くらい高くなってた気がする。値上げの実感って数字にすると結構でかい。私は毎回レシートを前月分と見比べる派で、家計簿アプリより肌感覚が掴みやすいと思ってる。細かい値上げ、みんなはどの商品で一番感じてる？,🧾📈,high,implicit,
2026-10-10,07:00,tenshoku,threads,転職,"転職活動で後悔するのは「情報収集を怠ったこと」より「決断を先延ばしにしたこと」だと私は思う。
情報はいくら集めても、決める基準がないと堂々巡りになる。

私が決断前に確認している基準はこの4つ。
① 給与は現状維持以上か
② 裁量権は増えるか減るか
③ 通勤・働き方の負荷は許容範囲か
④ 1年後にスキルとして残るものがあるか

全部満たさなくてもいいけど、2つ以下ならまだ動くタイミングじゃない気がしている。

この基準、あなたなら何を足しますか？",🧭✅,high,none,
2026-10-10,12:00,tenshoku,threads,転職,"第二新卒・既卒向けの転職支援をいくつか調べて、入口が「無料カウンセリング」のものと「登録だけ」のものに分かれる印象があった。

比較するときに見ていたのは3つ。
・初回が面談か、登録完了か
・条件の棚卸しが先か、求人提示が先か
・入社後の記述があるか

今の自分は、情報収集と応募のどちらが先だと思いますか？",🗂️,medium,implicit,
2026-10-10,19:00,tenshoku,threads,転職,"20代の転職記事を読んでいると、「職務経歴書の添削」や「模擬面接」まで書く支援と、求人紹介が中心の支援が混在している。

整理した観点:
1. 支援の範囲が公開ページに書いてあるか
2. 対象（第二新卒／既卒／フリーター）が自分と重なるか
3. 無料の範囲がどこまでか

あなたが先に確認したいのは、支援の中身と対象、どちらですか？",📝,medium,implicit,
2026-10-10,21:00,tenshoku,threads,転職,"20〜30代向けの転職エージェントをいくつか調べると、「成長企業」と書くところと「求人数」と書くところに分かれる印象があった。

比較するときに見ていたのは3つ。
・対象年齢が公開ページに書いてあるか
・入口が登録か、面談か
・無料の範囲がどこまでか

今の自分は、情報収集と応募のどちらが先だと思いますか？",🗂️,medium,implicit,
2026-10-10,07:00,pet,threads,ペット,"結論、犬の留守番対策は""環境""より""合図の習慣化""で決まると考えている。
チェックリスト
・出る前と帰宅後の声かけを毎回同じ言葉にする
・退屈対策グッズは3日おきに入れ替える
・室温と換気は数値で管理し感覚に頼らない
この3点を意識するだけで留守番中の様子が変わったという報告は多い。あなたの家ではどれを優先している？",🐕📝,high,none,
2026-10-10,12:00,pet,threads,ペット,"猫の1日の飲水量は体重1kgあたり50mlが目安とされている。私はこの数字を下回った日は要注意ラインだと考える派。
判断基準
・器の水は最低1日1回入れ替える
・複数の器を離れた場所に置く
・冬場は基準値を下回りやすいので温度も確認する
数字で管理すると変化に気づきやすいという声が多い。普段、水分量はどう確認してる？",🐈💧,high,none,
2026-10-10,19:00,pet,threads,ペット,犬が『ご褒美用おやつ』の匂いを嗅いだ瞬間に真顔になる瞬間、あれは表情筋より『間』で感情を伝えている証拠だと思う。結論、指示を出す前に3秒待つだけで反応がはっきり変わることが多い。急かすより『待たせる』方が実は伝わりやすいという観察、共感する飼い主さん多い印象。みなさんの子は何秒くらい待てますか？,🐶⏱️,medium,implicit,
2026-10-10,21:00,pet,threads,ペット,35℃の日、アスファルト表面温度は60℃近くまで上がることがある。結論、日中の散歩は避けて『朝5時台』か『夜9時以降』の二択でいいと思う。チェックすべきは3つだけ。①手の甲を5秒地面につけて熱くないか②肉球の色や歩き方に違和感がないか③水分補給用のボトルを常に携帯しているか。この3つを守るだけで熱中症リスクはかなり下げられる印象。みなさんは散歩の時間、いつにずらしてますか？,🌡️🐾,high,implicit,
2026-10-10,07:00,sleep,threads,睡眠,"結論、夜中に何度も目が覚めるなら“質問”より先に“室温”を疑ったほうがいいと思う。
チェックリスト
・寝室が27℃以下か
・除湿は40〜60%目安になっているか
・扇風機の風が体に直接当たっていないか
一つでも当てはまらないなら、まずそこから見直すのが近道。今の時期、何度目が覚める？",🌙💦,high,implicit,
2026-10-10,12:00,sleep,threads,睡眠,"結論、お盆休みで夜型になった人は、今が一番戻しにくい時期だと思う。
観察していると崩れがちなのはこの2パターン
・起床時間だけ元に戻して就寝時間はそのまま
・寝る前のスマホ時間だけ伸びたまま
休み明け、みんなはどう立て直してる？",🌅📱,medium,implicit,
2026-10-10,19:00,sleep,threads,睡眠,入眠までの目安は10〜20分。30分以上かかる日が続くなら、寝具より先に環境を疑ったほうがいいというのが私の考え。チェックすべきは3つだけ。①寝る1時間前のスマホ②寝室の温度③寝る直前の入浴タイミング。今の暑い時期は①②の影響が特に大きいと感じている。あなたはこの3つのうち、どれが一番崩れやすい？,🌙💤,high,implicit,
2026-10-10,21:00,sleep,threads,睡眠,結論、寝苦しい夜に安眠グッズを増やすより先にやることがある。それは『室温を下げる』の一択だと思っている。手順はシンプル。①就寝1時間前にエアコンを26〜27℃設定②寝る直前の熱いシャワーはNG、ぬるめの湯船かシャワーのみ③掛け布団は接触冷感素材に変える。この3つを順番通りにやるだけで体感はかなり変わるという声をよく見かける。今夜、この中でどれから試せそう？,🌡️😴,high,implicit,
2026-10-11,07:00,konkatsu,threads,婚活,"婚活中の人の話を聞いていると、プロフ写真で一番差が出るのは加工より表情だと感じる。
結論、自己紹介文の雰囲気と写真の表情が一致していないと不成立になりやすい気がする。
■見直しポイント
・自然光で撮っているか
・口角より目が笑っているか
・年齢に見合った雰囲気か
プロフ迷子、意外と多い印象。みんなは写真何枚使ってる？",👀,medium,implicit,
2026-10-11,12:00,konkatsu,threads,婚活,"婚活で一番もったいないのは、最初の「楽しみ」が数ヶ月で「条件確認」に変わることだと思う。私は、会話の中心が年収や実家の話ばかりになったら一度立ち止まる派。

■審査モードに入っているサイン3つ
・話題の中心が「年収・職種・実家・将来設計」に偏っている
・LINEの文面が事務連絡っぽくなっている
・会う前から次の候補を探し始めている

この3つに当てはまったら、条件より「一緒にいて楽か」を見直すタイミングかもしれない。
あなたはどんな瞬間に審査モードに気づく？",💍🔍,high,implicit,
2026-10-11,19:00,konkatsu,threads,婚活,"先週、電車で隣に座った2人の会話が最後まで敬語のままだったのを見かけた。私は、3回目のデート以降も敬語や距離感が変わらない相手とは、進展が鈍いことが多いと感じている。

■距離感が縮まっているかの判断基準
・下の名前や愛称で呼べているか
・沈黙があっても気まずくないか
・LINEの返信が短文でも成立しているか

条件よりも先にこの「距離感」を見たほうが、後の失敗が減る気がしている。
あなたは何回目のデートで距離感の変化を感じる？",🚃💬,medium,implicit,
2026-10-11,21:00,konkatsu,threads,婚活,"結論、婚活が長引く人の多くは「審査モード」に入り込んでいると感じる。条件確認から入るほど、相手も身構えて距離が縮まらない。

■審査モードに入っているサイン3つ
・初対面でいきなり年収/実家/将来設計を聞く
・沈黙が怖くて質問攻めになる
・LINEが「今度会いましょう」で止まり日程を詰めない

私は「面接官をやめた瞬間に、婚活は前に進む」派。条件を通過した先に好意があるのではなく、条件を忘れた瞬間に好意が生まれるものだと思う。

あなたは直近のデート、趣味の話に何分使えた？",💍🤔,high,implicit,
2026-10-11,07:00,sidejob,threads,副業,副業アプリを3つ以上掛け持ちしてる人、正直成果が分散して伸びにくいと感じる。私は「1つに集中→一定期間で反応が出なければ乗り換え」派です。乗り換えるかどうかの判断基準は3つ。①初月に実際に手を動かした時間 ②得られた反応・問い合わせ数 ③自分の得意分野との相性。増やす前に一度この3つで立ち止まってみてほしい。あなたは掛け持ち派？集中派？,📝✅,high,implicit,
2026-10-11,12:00,sidejob,threads,副業,在宅ワークの求人、応募者の多くが単価だけを見て選んでいる印象がある。私は「継続して依頼が来るかどうか」で選ぶべき派。単価が高くても更新されない案件は結局稼働ゼロになりやすい。見るべきポイントは①募集期間の長さ ②依頼主のレビュー数 ③初回対応の速さ、の3つ。単価と継続率、どちらを優先して選んでる？,🔍,medium,none,
2026-10-11,19:00,sidejob,threads,副業,"結論、副業初心者はまず「在庫を持たない」ジャンルから始めるべきだと思っています。
挑戦してすぐ挫折する人の共通点は、初期費用を先に使いすぎることです。
私が見てきた中で続きやすかった順番はこちら👇
①スキル販売（時間さえあれば元手0円）
②アフィリエイト（在庫ゼロ・発送ゼロ）
③物販（在庫リスクあり・最後に検討）
あなたが最初に選んだのはどのタイプでしたか？",👇,high,implicit,
2026-10-11,21:00,sidejob,threads,副業,"体感、副業が続かない人の8割は「毎日投稿」を目標にしすぎていると思っています。
私は質より先に「継続できる頻度」を決める派です。
挫折しやすい人によく見られる特徴はこちら👇
・初日から気合を入れすぎる
・反応がないとすぐやめる
・比較対象がいきなり月収100万円の人
まずは週2投稿を3ヶ月続けるほうが、結果的に早く積み上がります。
今の投稿頻度、少し無理していませんか？",👇,high,implicit,
2026-10-11,07:00,beauty,threads,美容,"「盛れるコスメ」より「自分に合う色」を選んだ方が結局盛れる、と最近よく思う。
私はパーツを強調するメイクより、肌なじみ優先の似合わせ盛り派。
セルフチェックは、①ファンデを頬と顎で色比べする②チークは骨格の一番高い位置に薄く③リップは唇の血色に近い色を選ぶ、の3つだけ。
パーツ盛りで浮いていた頃より、似合わせを意識してからの方が『変わったね』と言われる気がしている。
最近メイクで意識してること、ある？",💄🪞,medium,implicit,
2026-10-11,12:00,beauty,threads,美容,"結論、今話題の「再生系成分」は成分名で選ぶより、悩み別に使い分けるほうが失敗しにくいと感じています。
見ている基準は3つ→①乾燥か赤みかで系統を選ぶ②新成分は少量から試す③3週間は変化を様子見してから判断。
情報が多い時期ほど「基準を先に決める」ほうが近道だと思うのですが、みなさんは成分選びで何を一番重視していますか？",✅🧪,high,implicit,
2026-10-11,19:00,beauty,threads,美容,"私は「攻める美容医療級ケア」より「守る土台ケア」を先に固める派です。
季節の変化で肌がゆらぐという声は美容メディアでもよく指摘されています。
土台ケアの基準は3つ→①バリアを壊さない洗顔に一時切り替え②低刺激処方を選ぶ③肌が落ち着いてから攻めケアを再開。
今の時期、攻めと守りどちらを優先していますか？",🛡️🌿,high,implicit,
2026-10-11,21:00,beauty,threads,美容,"結論、乾燥小ジワ対策は「保湿の量」より「重ねるタイミング」だと思っている。
私がチェックしている基準は3つ。
①洗顔後1分以内に化粧水を1プッシュ
②乳液は手のひらで軽く温めてから伸ばす
③夜だけ保湿量を1.5倍にする
この3つのうち、1つでもやってないと乾燥が戻りやすい印象。
みなさんは重ねるタイミング、意識してますか？",🧴💧,high,implicit,
2026-10-11,07:00,bodymake,threads,筋トレ,"結論、タンパク質は体重×1.2gで十分だと思っている。厳密に計算するより「今日どれだけ実行できたか」の方が重要。
続けやすさの基準は①朝に卵か納豆を1品追加②間食を加工食品からゆで卵やヨーグルトに変える③体重は2週間単位で見る、の3つだけ。
量より継続、どっちを優先してる？",🥚💪,high,implicit,
2026-10-11,12:00,bodymake,threads,筋トレ,"筋トレより睡眠を優先する、が私の結論。追い込んだ日ほど回復が遅れている人を見ていると、そう感じる。
チェックしたいのは①就寝1時間前はスマホを置く②筋トレは就寝3時間前までに終える③入浴で深部体温を上げすぎない、の3つだけ。
あなたは何時間睡眠を目標にしてる？",😴🛏️,high,implicit,
2026-10-11,19:00,bodymake,threads,筋トレ,"結論、筋トレの伸び悩みは「追い込み不足」より「寝不足」が原因なことが多いと感じている。
📝睡眠チェックリスト
□ 就寝1時間前はスマホを触らない
□ 就寝時刻を毎日そろえる
□ 起床後にタンパク質を摂る
□ 週2回は7時間以上眠る
ここで2つ以上×がついた人は、フォーム改善より先に睡眠を整える方が結果につながりやすい気がしている。
あなたは何個当てはまった？",😴📝💪,high,none,
2026-10-11,21:00,bodymake,threads,筋トレ,"私はタイミングより「1日の合計摂取量」を優先する派です。
体重×1.6g前後を目安に朝昼晩で分けて摂る方が、30分以内のゴールデンタイムを狙うより現実的に続けられると感じている。
📋今日から試せる分け方
・朝：卵or納豆
・昼：鶏むねor魚
・夜：プロテインor豆腐
厳密さより『今日も合計は届いた』の積み重ねが継続の鍵な気がしている。
あなたはタイミング派？合計量派？",🍳📋⏱️,high,none,
2026-10-11,07:00,education,threads,教育,"夏休みの自由研究、テーマ決めから仕上げまで親がかなり伴走する家庭と、子どもにほぼ任せて見守るだけの家庭がある。完成度を重視するか、試行錯誤の過程を重視するかで自然と分かれるポイント。
あなたの家庭は伴走派？見守り派？",☀️,high,implicit,
2026-10-11,12:00,education,threads,教育,"子どもの「朝の準備」、声かけする派としない派で家庭の空気がだいぶ変わる。
毎朝リマインドして一緒に進める家庭もあれば、失敗も経験のうちと見守る家庭も。
どちらも『自分でできるようになってほしい』という気持ちは同じだけど、やり方は真逆になりがち。
あなたの家はどちら派ですか？",🕗,high,implicit,
2026-10-11,19:00,education,threads,教育,"小学生の「音読カード」、地味だけど見落としがちなポイント3つ。
①同じページを繰り返す日があっても問題なし、むしろ定着のサイン
②サインする欄は『聞いた時間帯』も一言添えると先生に伝わりやすい
③声の大きさより『区切って読めているか』の方がチェックポイントとして有効
保存しておくと役立つかもしれません。",📖,medium,implicit,
2026-10-11,21:00,education,threads,教育,"結論、宿題は低学年のうちは隣について見る派です。
理由はシンプルで、伴走ありのほうが「わからない」をその場で解消できるから。
うちで目安にしている切り替えラインはこの3つ。
①漢字の書き取りは3年生から一人でOK
②文章題は「式だけ一緒→計算は一人」に移行
③丸つけは学年関係なく一緒にやる
みなさんの家庭の切り替えラインはいつ頃でしたか？",📐📝,high,implicit,
2026-10-11,07:00,setsuyaku,threads,節約,"月額3000円以上のスマホ代を払ってる人、結論そのままだと損してます。

私は「基本料＋事務手数料＋通話料」の総額でしか比較しない派です。

見るべきポイントは3つだけ。
① 直近3ヶ月の平均データ使用量（設定画面で確認）
② 通話は月何分か（かけ放題が必要か）
③ 契約時の事務手数料込みの実質月額

表面の月額だけ見て選ぶと、結局高くつくケースをよく見かけます。

みんなは乗り換えるとき、月額以外にどこ見て決めてます？",📱,high,implicit,
2026-10-11,12:00,setsuyaku,threads,節約,"ふるさと納税、12月にまとめてやる人が多いですが、私は「夏のうちに上限額だけ確認しておく」派です。

理由はシンプルで、年末は返礼品が品切れ・発送遅延になりやすいから。

やることは2つだけ。
① 今年の想定年収からざっくり上限額を計算
② 上限の8割くらいまでで一度申し込んでおく

『年末にまとめて選ぶ楽しさ』もわかるけど、選択肢が減ってから焦るより早めの方が結局お得だと感じます。

みなさんは毎年いつ頃やってますか？",🍅,medium,implicit,
2026-10-11,19:00,setsuyaku,threads,節約,"月の固定費が3万円台に収まるかどうかで、貯金体質は9割決まると思っている。私は結論、食費を削るより先に固定費を見直すべき派です。
見直す優先順位は①通信費②サブスク③保険④電気ガスの順が効率的。
チェックリスト
・スマホ代が月5000円を超えていないか
・使っていないサブスクが3つ以上ないか
・保険に『なんとなく』で入っていないか
固定費、最後に見直したのいつですか？",💰📝,high,implicit,
2026-10-11,21:00,setsuyaku,threads,節約,"食費を切り詰めるより、惰性で払っている固定費を削る方が続けやすいと思う。私はここ数年、食費より先に契約系の見直しから手をつける派です。
節約が続かない人に共通するのは、我慢を積み重ねて疲れてしまうこと。一度手続きすれば自動的に減る仕組みの方が挫折しにくい。
変動費と固定費、みなさんはどっちから見直しましたか？",🧾💡,medium,implicit,
2026-10-11,07:00,tenshoku,threads,転職,"採用側の視点として、書類選考で見られやすいポイントは「年齢」だけでなく「マネジメント経験の有無」や「新しく学んでいること」だとよく言われます。

特に最近はAIなど、業務外での学習をアピールする人が増えている印象です。

保存しておくと、職務経歴書を見直すときに役立つかもしれません📝",📝,high,implicit,
2026-10-11,12:00,tenshoku,threads,転職,"「石の上にも3年」って、まだ信じてますか？
最初の会社は我慢の場所だと思っていた人ほど、体調に変化が出てから初めて気づくことが多いようです。
続けることが正解とは限らない環境、意外と多いのかもしれません。
あなたの周りにも、そんな話ありますか？",🤔💭,high,implicit,
2026-10-11,19:00,tenshoku,threads,転職,"2026年、育児・介護休業法の改正で「小学校3年生まで時短勤務が可能」になった会社、実はまだ知られていません。
求人票だけでは分からない“制度の運用実態”こそ、会社選びで見落とされがちなポイントかもしれません。
面接で聞いてよかった質問、ある人は教えてください🙏",📋✨,high,implicit,
2026-10-11,21:00,tenshoku,threads,転職,"面接で落ちる人の多くは「逆質問」で損してると思う。
私はこれまで採用側・支援側の両方を見てきたけど、ここを軽視してる人が本当に多い。

チェックしてほしいのはこの3つ：
・給与や休暇の確認だけで終わっていないか
・入社後にどう貢献したいかを語れているか
・面接官の反応を見て一段深掘りできているか

どれか1つでも欠けると、印象は一気に薄くなる。

あなたは逆質問、何を準備してる？",📝✅,high,implicit,
2026-10-11,07:00,pet,threads,ペット,"うちの猫、掃除機をかけた日は決まって半日ふてくされてる。もう3年目だけど毎回同じ反応。

私は正直、掃除機のタイミングは猫の機嫌優先派。多少部屋が汚くても、猫が隠れて出てこない時間を作らない方が結果的にストレス少ないと思ってる。

音に敏感な子への対策、うちでやってるのは
・掃除機前におやつで別室に誘導
・掃除の直前に一声かける
・終わったらすぐ横に座って様子を見る

これくらいで様子見の時間は結構減った。

みんなの子は掃除機、平気なタイプ？それとも即逃走タイプ？",🐱🧹,high,implicit,
2026-10-11,12:00,pet,threads,ペット,"月の餌代、犬猫1匹あたり5,000〜8,000円が「普通」だと思ってる。これより極端に安い場合は原材料を一度見直した方がいいと感じる。

私はコスパより「原材料の最初の3つが何か」を優先派。安さだけで選んで体調を崩された経験があるので、そこは譲れないラインにしてる。

選ぶときにチェックしてる基準はこの3つ。
① 主原料が穀物メインじゃないか
② 添加物表記がシンプルか
③ 年齢・体重に合った粒サイズか

この基準にしてから、うちの子は毛艶と便の状態が安定した。

餌選び、みんなは価格重視？成分重視？",🐾🍖,medium,implicit,
2026-10-11,19:00,pet,threads,ペット,"結論、フード選びで一番見るべきは「原材料表示の順番」だと思っている。

最初の3つに肉・魚由来のタンパク源が入っているかで、だいたいの品質は判断できる。

保存版チェックリスト↓
□ 原材料の1〜3番目にタンパク源があるか
□ 添加物の種類が多すぎないか
□ 便の状態（硬さ・匂い）が切り替え後2週間で安定したか
□ 粒の大きさが顎の力に合っているか

毎回パッケージ裏を見返すのが面倒な人向けの基準です。

みなさんはフード選びで一番重視してる項目、何ですか？",🐾📋,high,implicit,
2026-10-11,21:00,pet,threads,ペット,"猫が急に飼い主の膝から降りて、少し離れた場所で丸くなるのは「嫌い」じゃなくて「安心してる証拠」だと思っている。

ベタベタ甘えるだけが愛情表現じゃなくて、視界に入る距離で寛いでいること自体が信頼のサインというのが私の見方。

同じ空間にいるのに触れ合わない時間、うちのコだけかと思ってたけど意外とあるあるらしい。

猫飼いのみなさん、この「つかず離れず」感じたことあります？",🐈,medium,none,
2026-10-11,07:00,sleep,threads,睡眠,"結論、入浴は寝る90分前が一番効果を感じやすいと思っています。私は「90分前入浴派」。理由は体温が下がり始めるタイミングと、入眠に向かう体内リズムが噛み合うから。
今日からできる3ステップ↓
①38〜40度で10〜15分浸かる
②上がったらすぐ靴下を脱ぐ
③照明を落として画面を見ない
これだけで寝つきが変わったという声、よく見かけます。あなたは何分前派ですか？",🛁🌙,high,implicit,
2026-10-11,12:00,sleep,threads,睡眠,"室温は18〜20度が睡眠の質に一番影響すると感じています。私は「寒め設定＋厚手ブランケット派」。エアコンをタイマーで切って朝方に室温が上がり、中途覚醒するという相談が地味に多いです。
チェックリスト↓
・就寝時は18〜20度に設定
・タイマーではなく朝までつけっぱなしが安定
・掛け布団は薄手を2枚で微調整
今の寝室、何度に設定してますか？",🌡️😴,high,implicit,
2026-10-11,19:00,sleep,threads,睡眠,"結論、夜中に何度も目が覚めるのは「気にしすぎ」より先に室温と光を疑ったほうがいい派です。
目安にしているチェックはこの3つ↓
①寝る1時間前は暖色照明に切り替えているか
②布団の中の温度が高すぎないか
③起床時刻を平日休日で大きくズラしていないか
どれか当てはまる人、地味に多いはず。あなたはどれが一番怪しいと思う？",🌙💤,high,implicit,
2026-10-11,21:00,sleep,threads,睡眠,"最近「夜中に3回以上目が覚める」という声をよく見かける。私はこれ、スマホより『布団の中で考え事をする時間』の影響のほうが大きいと思っている派です。
試している人が多い対策はシンプルで、
・寝る前に『明日やること』を紙に書き出す
・布団に入ったら考え事を一旦保留にする
これだけで中途覚醒が減ったという話をよく聞きます。同じタイプの人いる？",🛌📝,medium,implicit,
2026-10-12,07:00,konkatsu,threads,婚活,"結論、同棲の話し合いは「言葉が同じでも意味が違う」ことが多いと思う。

先日、地下鉄で隣になった20代後半くらいの2人の会話がふと耳に入った。「一緒に住もう」という同じ一言に対して、片方は現状維持のつもりで、もう片方は結婚への準備のつもりで話しているように聞こえた。

■同棲前にすり合わせておきたい3つ
・同棲のゴール（結婚時期）をいつまでに話すか
・生活費・家事の分担ルール
・将来の話題が出たときの反応を観察する

私は「同棲の意味は、言葉より態度で確認するべき」派。

あなたは同棲、通過点派？それとも結婚への準備派？",🏠💬,high,implicit,
2026-10-12,12:00,konkatsu,threads,婚活,"結論、婚活で停滞する人の多くは「審査モード」に入りすぎていると感じる。
最初は『どんな人だろう』だったのに、気づけば年収・学歴・実家の話ばかり聞いていないだろうか。
私は、条件確認より先に『素の自分が出せる相手かどうか』を見る派。
■審査モードに入っているサイン
・沈黙が怖くて質問攻めになる
・LINEが用件だけのやり取りに変わる
・会うたびに品定めされている感覚が強くなる
一つでも当てはまったら、条件リストより会話の中身を見直した方がいいと思っている。
あなたは今、どちらのモードだと思う？",💍📝,high,implicit,
2026-10-12,19:00,konkatsu,threads,婚活,"初対面から3回目のデートまでずっと敬語のまま、というのは珍しいことではないと観察している。
私は『3回目で下の名前を呼べているか』を進展の分かれ目として見ている派。
■距離感が縮まっているかのチェック
・沈黙になっても気まずくならない
・LINEの文末に絵文字や砕けた言い回しが増える
・次の予定を相手から提案してくるようになる
逆にこれが3回目を過ぎても変わらない場合、関係は仮交際のまま止まりやすいと感じている。
あなたの婚活で、距離感が変わった瞬間はどんなタイミングだった？",📏💬,medium,implicit,
2026-10-12,21:00,konkatsu,threads,婚活,"結論、婚活で本気度を見るべきは「学歴」より「質問の数」だと思う。
先週、婚活パーティー会場のロビーで順番待ちをしていた2人の会話が耳に入った。
一方はプロフィールの年収や勤務先ばかり確認し、もう一方は相手の休日の過ごし方を3つも質問していた。
■本気度が高い人に共通する質問の傾向
・相手の「好きなもの」を聞いているか
・条件確認より過去のエピソードを聞いているか
・沈黙の後も会話を続けようとしているか
条件を聞く人より、好きなものを聞く人の方が、関係が進みやすいと感じている。
直近のデートで「質問攻めだったな」と感じた瞬間、ありましたか？",🤔📝,high,implicit,
2026-10-12,07:00,sidejob,threads,副業,"住民税の『20万円以下なら申告しなくていい』は、所得税だけの話。私は副業収入の金額に関わらず、住民税の申告はする派です。
確定申告のときにチェックしておきたいのはこの3点。
・確定申告書 第二表の『住民税に関する事項』欄
・徴収方法が『普通徴収』になっているか
・提出前に控えを1部残しておく
これだけで会社に知られる不安はかなり減らせます。
みなさんは毎年、どちらを選んでいますか？",🧾✅,high,none,
2026-10-12,12:00,sidejob,threads,副業,"副業アカウントが伸び悩む一番の原因は、発信テーマがブレていることだと思っています。私は『1テーマ1切り口』を徹底する派です。
見直すべきチェックはこの3つ。
・プロフィールで発信テーマが一言で伝わるか
・投稿ごとにテーマが変わっていないか
・手順や基準など保存したくなる実用情報が入っているか
これだけで反応の土台が変わることが多いです。
みなさんは発信テーマ、何で絞っていますか？",📌,medium,implicit,
2026-10-12,19:00,sidejob,threads,副業,"結論、副業は「単価の高さ」より「再現性」で選んでいい。
単価だけで案件を選ぶと、続かないケースが多い印象。
私が案件を判断する基準は次の5つ。
✅ 週5時間以内で完結するか
✅ マニュアル化できる作業か
✅ 単発でなく継続案件があるか
✅ クライアントとの連絡頻度が多すぎないか
✅ 身につくスキルが翌月以降も使い回せるか
この基準に当てはまらない案件は、単価が高くても長続きしにくいと感じています。
今やってる副業、この5つに何個当てはまりますか？",✅📝,high,implicit,
2026-10-12,21:00,sidejob,threads,副業,"体感で言うと、副業が続かない人の共通点は「毎日更新」をノルマにしていること。
逆に半年以上続けられている人ほど、最初から「週3日でいい」とハードルを下げている印象がある。
理由はシンプルで、一度更新が止まると再開のハードルが一気に上がるから。
私は投稿頻度より「破綻しない仕組み」を優先する派です。
毎日更新、まだ続けられていますか？",🗓️💭,medium,implicit,
2026-10-12,07:00,beauty,threads,美容,"肌がゆらいでいるサイン、私は3つだけ見れば十分だと思っている。
①いつもより赤みが出やすい
②化粧水がしみる
③皮膚科で「肌が薄い」と言われたことがある
どれか1つでも当てはまる人は、攻めのケア（レチノール・酸系）を毎日から週2〜3回に落として、保湿を厚めにするだけで印象が変わることが多いらしい。
攻めと守り、今どっちを優先してますか？",🌿✨,high,implicit,
2026-10-12,12:00,beauty,threads,美容,肌がゆらいでいるサインは、実は3つだけ覚えておけば十分だと思っている。①化粧水がしみる②いつもより赤みが出やすい③皮膚科で「乾燥・バリア機能が低下」と言われた。結論、1つでも当てはまったら攻めケア（レチノールや酸系）は週1〜2回まで落として、保湿を厚めにするだけで扱いやすくなる、という印象がある。今の時期、当てはまる人ってどのくらいいるんだろう？,🧴✋,high,implicit,
2026-10-12,19:00,beauty,threads,美容,"結論、スキンケアは「順番」より「温度」で変える方が肌に合うと思っている。
夏は化粧水を体温に近づけてから重ね付け、冬は乳液を早めに足して蒸発を防ぐイメージ。
チェックしたいのは①肌がつっぱる時間帯②メイクがヨレる場所③週末の肌荒れ頻度、の3つ。
1つでも当てはまったら、季節ごとに順番を見直すサインだと思う。
みんなは季節で使う順番、変えてる？",🧴☀️❄️,high,implicit,
2026-10-12,21:00,beauty,threads,美容,"レチノールは毎日より、週3〜4回+保湿多めの方が続けやすいと思っている。
肌がゆらいでいるサインは次の3つ。
①いつもより赤みが出やすい
②化粧水がしみる
③皮膚科で「乾燥・薄い」と言われたことがある
1つでも当てはまるなら、頻度を落として保湿を厚くするのも選択肢だと思う。
毎日派？休み休み派？コメントで教えて",🌙✨,high,implicit,
2026-10-12,07:00,bodymake,threads,筋トレ,"私は「準備の手間を先に減らす」派。
・前夜にジムバッグを玄関に置く
・着替えを枕元に用意する
・補給用のドリンクを冷蔵庫に常備する
この3つだけで、朝の重い腰がかなり軽くなったという声をよく見かける。
次の朝トレ、あなたは前夜に何を準備しておく？",🎒⏰,medium,implicit,
2026-10-12,12:00,bodymake,threads,筋トレ,結論、筋トレは週3〜4回に抑える派でいる。毎日追い込むより、部位ごとに48〜72時間の回復時間を空けたほうが、扱う重量が結果的に伸びやすいと感じている。曜日固定より「前回の筋肉痛が抜けたか」で次のトレ日を決める人が周りには多い印象。あなたは頻度、何回で回してる？,💪📅,high,implicit,
2026-10-12,19:00,bodymake,threads,筋トレ,結論、筋トレの継続力は「準備の手間を何分削れるか」で9割決まると思っている。続けられている人に共通して見えるのは①ウェアを前夜に出す②ジムバッグを玄関に置く③行った日だけカレンダーに丸をつける、の3つだけ。根性で乗り切るより仕組みを変える方が再現性が高い気がしている。あなたが取り入れてる『続く仕組み』、ひとつだけ教えて？,🗓️✅,medium,implicit,
2026-10-12,21:00,bodymake,threads,筋トレ,"結論、筋トレが続くかどうかは「最初の2週間の頻度設計」でほぼ決まると思っている。理由はシンプルで、習慣が固まる前に高頻度・高強度にすると、心身の負荷でやめやすくなるから。
続けやすい人に共通する初期設計はこの3つ。
・週2〜3回からスタートする
・同じ部位を連続で追い込まない
・「休む日」を先にカレンダーへ入れておく
この3つを外している人ほど、3週間以内に離脱しやすい印象がある。あなたは最初の2週間、どんな頻度で始めた（始める予定）？",📅💪,high,implicit,
2026-10-12,07:00,education,threads,教育,"結論、テストの点数は見せてもらう派です。
点数そのものより「どこで間違えたか」を一緒に確認する材料になると考えています。
我が家で決めているチェックポイントは3つ。
①70点以下は原因を一緒に探す
②90点以上は結果より過程を一言褒める
③点数の良し悪しでその日の機嫌を変えない
見せなくていい派のご家庭は、どんな基準でやる気を守っていますか？",📊✏️,high,implicit,
2026-10-12,12:00,education,threads,教育,"結論、家庭のご褒美設計は「プロセス評価8割・結果評価2割」がちょうどいいと感じている。
テストの点数だけを見ていると、点数が伸びない時期にやる気の土台まで崩れやすい。
・机に向かった時間
・声に出して読んだ回数
・分からない問題に粘った時間
このあたりを記録して、月末にまとめて結果と紐づけるくらいが現実的だと思う。
みなさんの家庭では、どちらの比重が大きいですか？",🎯📝,high,implicit,
2026-10-12,19:00,education,threads,教育,"結論、子どもの「できない」は「まだ」に言い換えるだけで行動が変わりやすいと感じている。
言い換えの基準はシンプルに3つ。
①結果ではなく直前の行動を言葉にする
②比較は「昨日の自分」に限定する
③できたことは具体的な数字で伝える（例：10分早く着席できた）
抽象的な励ましより、この方が次の一歩につながりやすい気がする。
他に効果を感じた言い換え、あれば教えてください。",📌✨,high,implicit,
2026-10-12,21:00,education,threads,教育,"結論、プログラミングはもう『習い事の選択肢』ではなく『受験科目の準備』だと私は見ています。
情報Ⅰが共通テストに入ってから、周囲の相談内容は「楽しく触れさせたい」から「間に合わせたい」に変わってきました。
判断基準はシンプルに2段階、
・中学までに触れて型に慣れる
・高校からは演習量を増やす
この順番で考えると迷いにくいです。
みなさんはいつから対策を意識し始めましたか？",📝,high,implicit,
2026-10-12,07:00,setsuyaku,threads,節約,"結論、節約はまず固定費から。食費を削るのは一番最後でいい。
通信費・サブスク・保険の3つは、一度見直せば効果がずっと続くのが強み。
手順はシンプル↓
1) 契約中のサブスクを全部書き出す
2) 直近1ヶ月使っていないものを解約
3) 保険の保障内容が重複していないか確認
食費や外食を我慢するより、心理的なストレスが少ないのが固定費見直しの良いところ。
みんなは固定費、最後に見直したのいつ？",🏠📝,high,implicit,
2026-10-12,12:00,setsuyaku,threads,節約,"結論、節約で家庭がギスギスするのは『我慢の分担』がズレてるだけだと思う。
サブスクは放置なのに子どものおやつだけ削られる、みたいな家庭は意外と多い。
削る前にやっておきたいこと↓
・家族それぞれの『削れそうなもの』を出し合う
・一人にだけ我慢を集中させない
・小さな楽しみは最後まで残す
節約は根性より仕組みで続ける方が長持ちする気がしている。
うちはこうしてる、という工夫があれば教えてほしい。",👨‍👩‍👧🍰,medium,implicit,
2026-10-12,19:00,setsuyaku,threads,節約,"電気・ガス・水道の明細、先月分と見比べたことありますか？

同じ生活スタイルでも季節や使い方のクセで数百円〜千円単位の差が出ていることがあります。

私は「先月比」を見る習慣をつけてから、無駄遣いに気づきやすくなりました。

みなさんは光熱費、どのタイミングでチェックしていますか？",💡📊,medium,implicit,
2026-10-12,21:00,setsuyaku,threads,節約,サブスク、平均5個以上契約してる人が多いらしい。私は「年1回、全部書き出して先月の利用回数がゼロなら即解約」をルール化するのが一番効くと思う派。①契約中サービスを紙に書き出す②先月使った回数を書く③ゼロなら解約、これだけで固定費は減らせる。今月見直した人、何個解約できた？,📝,high,implicit,
2026-10-12,07:00,tenshoku,threads,転職,"「今の会社が嫌」だけで転職活動を始めると、正直うまくいかないケースが多いと感じている。

私が見てきた中で、うまくいっている人には共通点があった。
・辞めたい理由より「叶えたい条件」を先に言語化している
・年収だけでなく働き方の優先順位が決まっている
・応募前の自己分析にちゃんと時間をかけている

逆に勢いだけで書類を出す人ほど、入社後にミスマッチを感じやすい印象がある。

今の転職理由、「逃げ」より「叶えたいこと」で言えてる？",💭🔍,high,implicit,
2026-10-12,12:00,tenshoku,threads,転職,"面接で給与交渉をしない人がまだ8割くらいいる気がする。
私は「交渉しない方がリスク」派。

交渉するタイミングの基準はこの3つだけ見てる。
①内定通知後、入社日確定前
②他社オファーがある場合は先に開示
③希望額は根拠（前職給与・市場相場）とセットで出す

これだけでも印象は悪くならないし、下がることはほぼない。

みんなは給与交渉、したことある派？しない派？",💬📈,high,implicit,
2026-10-12,19:00,tenshoku,threads,転職,"求人サイトの倍率が高くても、現場の実感は「買い手市場」という人が6割超えてるらしい。
私はこのギャップこそが転職活動の落とし穴だと思ってる。

『本当に人が足りてる会社』を見極める基準はこの3つ。
・面接官が2回以上変わる＝選考が慎重＝実は余裕がある可能性
・スカウトの文面が定型文か個別かで温度感が分かる
・求人票の「即日入社歓迎」は逆に警戒したほうがいい

数字だけで判断すると痛い目を見る。

このギャップ、実際に感じたことある人いる？",🔍📊,high,implicit,
2026-10-12,21:00,tenshoku,threads,転職,"私は「転職エージェント3社登録」派です。理由は単純で、求人の出方が会社によって全然違うから。
1社だけだと紹介される求人の数も業界の偏りも大きい、という声はよく聞きます。

登録前に見るべきチェックリストはこの3つ。
・得意業界（IT/メーカーなど）が自分と合っているか
・担当者の初回提案までのスピード
・面談の日程調整のしやすさ

これだけで「合わないエージェント」に時間を溶かすリスクはかなり減らせます。

みなさんは何社登録していますか？",📋,high,none,
2026-10-12,07:00,pet,threads,ペット,"結論、初心者ほど多頭飼いより先に「通院費の備え」を整えるべきだと思う。保険の有無で、通院するかどうかの判断が変わる場面をよく見かける。

【通院前チェック】
・年1回の健康診断予定はあるか
・通院費の上限額を決めているか
・持病の有無を把握しているか

これだけで「まさかの通院」への心構えがかなり変わる、というのが個人的な結論。みなさんは通院費の目安、決めていますか？",🐾🏥,medium,none,
2026-10-12,12:00,pet,threads,ペット,"うちの子が季節の変わり目にフードを残す——これ、あるあるだと思う。結論、フードを変える前にまず「量」を見直すのが先。

【原因を絞る3チェック】
1) 体重の増減
2) おやつの量
3) 運動量の変化

これで大体の原因は絞れる、というのが観察してきた実感。みなさんの子は食欲の波、どう対策してますか？",🐶🍚,medium,none,
2026-10-12,19:00,pet,threads,ペット,"ドッグフードのパッケージ、私は上位3つの原材料しか見ていません。それで十分と思う派です。
選ぶときに確認しているポイントはこの3つです。
・主原料が肉や魚など動物性たんぱくか
・添加物表記が少ないか
・年齢や体重に合わせたカロリー設計になっているか
細かい成分表より、この3点で十分な差が出ると感じています。
みなさんはフード選びで最初にどこを見ますか？",🍖🐾,high,implicit,
2026-10-12,21:00,pet,threads,ペット,"保護犬を勧めるかどうか、私は「飼い主の経験値次第」で分ける派です。
初めて犬を迎える人には、まず性格や病歴が把握しやすいブリーダーや里親会経由の子をすすめることが多いです。反対に、一度でも犬と暮らした経験がある人には、保護犬の相性の良さを伝えることが多いです。
どちらが正しいという話ではなく、経験値によって向き不向きがあると感じています。
みなさんは保護犬派・ブリーダー派、どちらですか？その理由も聞いてみたいです。",🐕💭,high,implicit,
2026-10-12,07:00,sleep,threads,睡眠,"結論、寝る前90分のスマホ断ちが一番コスパの良い睡眠改善策だと思う。

私は『デジタル門限』と呼んで人に勧めている。

やることはシンプル：
・22:30以降は通知オフ
・照明は暖色系に切り替え
・ベッドでは本かストレッチのみ

これだけで『布団に入ってからのスマホ時間』が減り、入眠までの体感時間が短くなったという声が多い。

みんなは寝る前、何時にスマホを手放してる？",📱🌙,high,implicit,
2026-10-12,12:00,sleep,threads,睡眠,"夜中に『明日ちゃんと起きられるかな』と不安になって、逆に目が冴えた経験がある人は多いはず。

私はこの手の不安は『予定への責任感の裏返し』だと思っている。だから無理に寝ようとせず、一度アラームを2つ確認するだけで安心して眠れることが多い。

完璧に寝ようとするより、『最低限起きられる保険』を作る方が結果的に眠りやすい派です。

みんなは寝る前、そういう不安どう対処してる？",⏰😌,high,none,
2026-10-12,19:00,sleep,threads,睡眠,"結論、寝る1時間前のスマホは「明るさ」より「情報量」が問題だと思ってる。
脳が“処理待ちの情報”を抱えたまま横になると、光を落としても入眠が長引く。
私が試して良かった基準は3つだけ。
①通知は音もバイブも切る
②SNSは開いても「見る専用」にしてコメントしない
③ベッドに入ったらスマホは手の届かない場所に置く
これだけで「あれこれ考えて寝れない」時間が減った人、他にもいる？",🌙📵,high,implicit,
2026-10-12,21:00,sleep,threads,睡眠,"深部体温は入浴後90分でストンと下がる。私はこの90分ルールを知ってから、入浴時間を「寝る直前」から「寝る1.5時間前」に変えた派。
体感で変わったのはここ。
・布団に入ってからの寝つきまでの体感時間が短くなった
・夜中に一度目が覚める回数が減った気がする
入浴のタイミングを変えるだけで体感が変わった経験、ある人いる？どのくらい前に入ってる？",🛁⏰,high,implicit,
2026-10-13,07:00,konkatsu,threads,婚活,"私は、婚活が停滞する一番の原因は「年収」より「審査モードが抜けないこと」だと思う。
最初はときめきで会っていたはずなのに、3回目あたりから急に条件確認モードに切り替わる人を何人も見てきた。
■審査モードに入っているサイン
・会話の8割が確認作業になっている
・相手の弱みより強みばかり探している
・楽しかった記憶より条件の一致率で判断している
審査を忘れられた瞬間からしか、関係は前に進まないと考えている。
最近のデートで、つい確認モードになってしまった瞬間はありましたか？",💭✅,high,implicit,
2026-10-13,12:00,konkatsu,threads,婚活,"婚活中の人の話を聞いていると、プロフ写真で一番差が出るのは加工より表情だと感じる。
結論、自己紹介文の雰囲気と写真の表情が一致していないと不成立になりやすい気がする。
■見直しポイント
・自然光で撮っているか
・口角より目が笑っているか
・年齢に見合った雰囲気か
プロフ迷子、意外と多い印象。みんなは写真何枚使ってる？",👀,medium,implicit,
2026-10-13,19:00,konkatsu,threads,婚活,"婚活で一番もったいないのは、最初の「楽しみ」が数ヶ月で「条件確認」に変わることだと思う。私は、会話の中心が年収や実家の話ばかりになったら一度立ち止まる派。

■審査モードに入っているサイン3つ
・話題の中心が「年収・職種・実家・将来設計」に偏っている
・LINEの文面が事務連絡っぽくなっている
・会う前から次の候補を探し始めている

この3つに当てはまったら、条件より「一緒にいて楽か」を見直すタイミングかもしれない。
あなたはどんな瞬間に審査モードに気づく？",💍🔍,high,implicit,
2026-10-13,21:00,konkatsu,threads,婚活,"先週、電車で隣に座った2人の会話が最後まで敬語のままだったのを見かけた。私は、3回目のデート以降も敬語や距離感が変わらない相手とは、進展が鈍いことが多いと感じている。

■距離感が縮まっているかの判断基準
・下の名前や愛称で呼べているか
・沈黙があっても気まずくないか
・LINEの返信が短文でも成立しているか

条件よりも先にこの「距離感」を見たほうが、後の失敗が減る気がしている。
あなたは何回目のデートで距離感の変化を感じる？",🚃💬,medium,implicit,
2026-10-13,07:00,sidejob,threads,副業,"結論、副業を選ぶ基準は「単価」より「再現性」だと思う。

高単価でも自分にしか売れないスキルは長続きしにくい。逆に単価が低くても、毎回同じ手順で数字が読める仕組みの方が結果的に続けやすいと感じる。

副業を選ぶ前に見るチェックリスト
・作業時間が毎回大きくブレないか
・自分が休んでも仕組みが回るか
・成果が数字で見える仕組みか

これに当てはまらない副業は、始める前に一度立ち止まった方がいいと思う。

みんなは副業選びで何を一番重視してる？",📝✅,high,implicit,
2026-10-13,12:00,sidejob,threads,副業,"丁寧に書きすぎた投稿ほど伸びない、というのは副業アカウントを見ていてよく感じること。

長文で背景から説明するより、3行で言い切る投稿の方が反応が良い印象がある。通勤時間にサッと読める分量に収まっているかどうかは、地味だけど大きな差になっている気がする。

短く言い切る投稿の型
・1行目で結論を言う
・2行目で理由をひとつだけ添える
・3行目で行動か問いで締める

丁寧に書きすぎて逆に反応が伸びなかった経験、心当たりある人いる？",✂️💭,medium,implicit,
2026-10-13,19:00,sidejob,threads,副業,"結論、初心者が最初に手を出すべき副業は「在庫を持たない系」だと考えています。
判断基準はシンプルに3つ。①初期費用1万円以下②即日撤退できる③スキマ時間で完結する。
この3条件を満たさない副業話は、契約前に一度立ち止まる価値があると思います。
あなたが今検討している副業、この基準に当てはまりますか？",📝✅,high,implicit,
2026-10-13,21:00,sidejob,threads,副業,"副業を始めて早期にやめる人に共通するのは、「完璧な準備」を先にやろうとする傾向だと感じています。
私は「まず小さく1件動いてから改善する」派です。
準備期間が長くなるほど、実行に踏み出す心理的ハードルが上がっていく現象、周りで見かけませんか？",💭🔍,medium,implicit,
2026-10-13,07:00,beauty,threads,美容,"結論、秋の乾燥対策は「化粧水の量」より「重ねる回数」がカギだと思う。
チェックしてほしいポイントは3つ。
①肌がつっぱる時間帯が朝か夜かで違うか
②メイクのヨレが増えたか
③使うアイテムを季節で変えているか
1つでも当てはまるなら、量を増やす前に重ねづけの回数を見直すのがおすすめ。
秋の乾燥、対策変えた人います？",🍂✨,high,implicit,
2026-10-13,12:00,beauty,threads,美容,"私は「毛穴パック」より「保湿の均一化」を優先する派。
乾燥した部分ほど皮脂が過剰に出て毛穴が目立ちやすくなると考えているから。
見直すポイントは2つだけ。
①Tゾーンと頬で化粧水の量を変えていないか
②夜だけ保湿して朝は省略していないか
この2つを直すだけで印象が変わったという声もよく見かける。
毛穴対策、今どうしてますか？",🔍✨,medium,implicit,
2026-10-13,19:00,beauty,threads,美容,"結論、毛穴とくすみは「隠す」より「土台から整える」ほうが長期的には楽だと思っている。
私の基準はシンプルで、①下地前に毛穴用の下地を一枚挟む②くすみは色ムラよりまず乾燥ケアを先にする③厚塗りで誤魔化す日は週1以下にする、の3つだけ。
特別な日だけ気合いを入れるより、日常の延長で整えるほうが結局続く気がしている。
あなたは「隠す派」「土台から整える派」どっち？",🧴✨,medium,implicit,
2026-10-13,21:00,beauty,threads,美容,"はっきり言うと、肌だけ頑張っても髪がパサついていると顔全体の印象がくすんで見えると思っている。
私が意識しているのは、①乾かす前にオイルを一滴つける②アイロン前も同じ工程を挟む③ディープトリートメントは週1回だけ、の3ステップだけ。
肌の透明感を仕込む前に髪のツヤを仕込んだほうが、写真の伸びが早い気がしている。
今、肌ケアと髪ケア、時間をかけているのはどっち？",💇‍♀️✨,medium,implicit,
2026-10-13,07:00,bodymake,threads,筋トレ,"「筋肉痛が出ないと効いていない」というのは半分間違いだと思っている。筋肉痛はダメージの指標であって、成長そのものの指標ではないからだ。
実際、扱う重量や回数の推移が右肩上がりなら、筋肉痛がなくても筋力・筋量は伸びているケースがある。
成長判断に使えるチェックポイントはこの3つ。
・同じ種目の重量が3週間前より伸びているか
・同じ重量でのフォームが安定してきたか
・翌日の「動ける感覚」を疲労感より重視できているか
この3つを記録し始めると、筋肉痛の有無に一喜一憂しなくなる気がしている。あなたは何を基準に伸びを判断してる？",📊🔥,high,implicit,
2026-10-13,12:00,bodymake,threads,筋トレ,"停滞期に入ったとき、種目を増やす前に見直されがちなポイントをメモ。
① 睡眠時間が最近削れていないか
② 同じ重量・回数が何週も続いていないか
③ 体重の変化に対して食事量が合っているか
この3つから確認する、という考え方があるらしい。
みんなは停滞期、まず何から見直す？
📝",📝,high,implicit,
2026-10-13,19:00,bodymake,threads,筋トレ,体重×1.5gのタンパク質量、いきなり計算しなくていい。私が続けているのは「卵1個＋納豆1パック」を毎日の食事に固定で足すだけのルール。数字を追うより“いつもの食事に1品足す”方式の方が続く気がしている。今日の食事、あと何を足せそう？,🥚,medium,implicit,
2026-10-13,21:00,bodymake,threads,筋トレ,結論、忙しい日ほど「10分メニュー」でいいと思っている。私が実践しているのはスクワット10回・腕立て10回・プランク30秒の3つだけ。完璧な60分より、ゼロの日を作らないことの方が半年後の差になる気がしている。あなたが忙しい日に削るなら、種目？時間？それとも回数？,💪🏠,high,implicit,
2026-10-13,07:00,education,threads,教育,"結論、子どもの『できない』への返しは、否定せず現在地を示す一言に変えるだけで反応が変わると感じています。
私が意識しているのは3段階の言い換えです。
・否定しない→「まだ途中だね」
・現在地を示す→「ここまではできてるね」
・次に繋げる→「次はここをやってみようか」
この順番を守るだけで表情が変わることがあります。
みなさんが使っている言い換え、コメントで教えてください。",📌,high,implicit,
2026-10-13,12:00,education,threads,教育,"結論、子どもの「できない」への返しは具体性一択だと思っています。
・「まだできてないだけ」→現在地の言い換え
・「ここまでできてるね」→進捗の可視化
・「一緒に考えてみようか」→伴走宣言
保存版チェックリストとして使ってみてください。他に使っている言い換え、あれば教えてください。",📌✏️,high,implicit,
2026-10-13,19:00,education,threads,教育,"結論、子どもの「できない」への返しは、行動を主語にすると変わると思う。
私は「あなたはできない」ではなく「このやり方がまだ合ってないだけ」と伝える派です。
・成果より途中経過を認める
・他の子と比較しない基準を先に決めておく
・次の一歩だけを具体的に提案する
保存版のつもりで書きました。皆さんが実際に使ってる言い換え、どんなのがありますか？",📝,high,implicit,
2026-10-13,21:00,education,threads,教育,"結論、ロボット教室とプログラミング教室は「入り口」で選べば失敗しにくいと思う。
私は、手を動かすのが好きな子にはロボット、画面の中で完結させたい子にはプログラミングを勧める派です。
判断の目安：
・工作や分解が好き→ロボット系
・ゲームや動画を作りたい→プログラミング系
・両方好きそう→まずは両方の体験だけ受けてみる
どちらのタイプか、迷ってる人はお子さんの普段の遊び方どっちに近いですか？",🤖,high,implicit,
2026-10-13,07:00,setsuyaku,threads,節約,節約って我慢することだと思われがちだけど、私は逆だと思う派。通信・保険・サブスクみたいな固定費を一度整えれば、あとは我慢ゼロで自動的に浮き続ける。逆に食費や外食を削る方法は継続コストが高くて挫折しやすい。あなたが最初に見直すなら、通信費・保険・サブスクのどれから手をつける？,💡,medium,implicit,
2026-10-13,12:00,setsuyaku,threads,節約,"結論、ふるさと納税は9月中に済ませておくべき派です。

2026年10月から返礼品の地場産品基準が厳格化され、家電や域外加工の食品などが対象から外れる可能性があるとされています。欲しい返礼品が決まっている人ほど先延ばしは損になりやすいです。

寄付前にチェックしたい3点↓
✅ 欲しい返礼品が『地場産品基準厳格化』の対象カテゴリか確認
✅ 上限額シミュレーターで控除枠を再確認
✅ 決済方法（クレカ・キャッシュレス）でポイント上乗せがあるか比較

制度が変わるたびに『前のルールのまま』損している人、意外と多い印象です。
みなさんは今年、もう寄付済みですか？",🍤✅,high,implicit,
2026-10-13,19:00,setsuyaku,threads,節約,"結論、固定費の見直しは『通信費→保険→サブスク』の順でやるのが効率いい派です。

理由はシンプルで、通信費は一度見直せば手間なく効果が数年続くから。保険やサブスクは見直しに時間がかかる割にリターンが小さいことが多いです。

見直し前のミニチェックリスト↓
✅ 直近3ヶ月の携帯代の平均額を出す
✅ 使っていないサブスクを1つでも洗い出す
✅ 保険は『同じ保障で安いプランがないか』だけ確認

完璧を目指すと疲れて続かないので、まず1項目だけでいいと思っています。
みなさんが最初に手をつけるならどれですか？",📱💡,medium,implicit,
2026-10-13,21:00,setsuyaku,threads,節約,"結論、固定費は「通信→保険→サブスク」の順で見直すのが一番効率がいいと思っている。

理由は単純で、この3つは一度見直せば毎月ずっと効果が続くから。

見直す時に自分がチェックしてる基準はこの3つだけ。
①使ってる機能を実際に使っているか
②同条件でもっと安いプランがあるか
③解約・変更の手間が数千円以上の価値に見合うか

節約系の発信をしてると「頑張って我慢する」系のアドバイスが多いけど、個人的には我慢より仕組みを変える方がラクだし続くと感じてる。

みんなは固定費、どこから手をつけた？",💡📱,high,implicit,
2026-10-13,07:00,tenshoku,threads,転職,"結論、面接での退職理由は「ポジティブ変換一択」だと思っている。
「人間関係が嫌だった」ではなく「よりチームで成果を出せる環境を求めた」に言い換えるだけで、面接官の受け取り方は変わる、という声は多い。

言い換えの基準はシンプル。
・ネガティブワードを削る
・未来志向の言葉に変える
・具体的な行動やスキルにつなげる

これを意識するだけで、同じ経歴でも印象は大きく変わるはず。

みんなはどう言い換えてる？",💬,medium,implicit,
2026-10-13,12:00,tenshoku,threads,転職,"転職エージェントは1社より3社使う方が良いと思う。理由は求人の偏りと担当者の当たり外れをなくすため。
比較するときに見てるポイントはこの4つ。
・提案してくる求人の幅
・年収交渉の実績
・担当者の業界理解度
・面接後のフィードバックの速さ
1社だけだと『その担当者の得意分野』しか見えてこない。みなさんは何社くらい使ってますか？",📝✅,high,none,
2026-10-13,19:00,tenshoku,threads,転職,"転職理由を『人間関係』とそのまま面接で言う人は少ないと感じる。結論、本音と建前は最初から分けて整理しておいた方がいい。
・本音（自己分析用）：人間関係、給与、将来不安
・建前（面接用）：キャリアアップ、スキル活用
本音を隠すのではなく、面接用に翻訳しておくイメージ。みなさんは本音と建前、どう線引きしてますか？",🗣️🔍,high,implicit,
2026-10-13,21:00,tenshoku,threads,転職,"有効求人倍率1.18倍でも、書類選考の通過率は体感で下がっている。私は「応募数より一社ごとの準備の質」派。
最低限これだけは揃えてから出すべきだと思っている項目↓
・職務経歴書は求人票の文言に合わせて言い換える
・志望動機は「なぜこの会社か」まで踏み込む
・退職理由はネガティブ→前向きに変換して1行で言えるようにする
ここまでやって落ちるなら、応募先の相性の問題だと切り替えていい。
今の転職活動、数で勝負派？質で勝負派？",📝,high,implicit,
2026-10-13,07:00,pet,threads,ペット,結論、ペットフード選びで見るべき基準は3つだけでいいと考えています。①原材料の1番目が肉・魚であること②着色料・香料が無添加であること③粒の大きさが顎の力に合っていること。それ以外の細かい成分表はあまり気にしなくていいというのが私の立場です。保存しておいて買い物のときに見返せる基準にしてもらえたら。あなたが一番重視しているポイントは①〜③のどれですか？,🐾📝,high,none,
2026-10-13,12:00,pet,threads,ペット,朝5時に起こしにくる猫は珍しくないと思っています。個人的には、これは甘えではなく「生活リズムの主張」だと捉えるのが一番しっくりきます。無理に直そうとするより、前日の夜ご飯の時間を30分後ろにずらすだけで改善したという声もよく聞きます。しつけの失敗ではなく、リズムの調整で解決できるケースが多い印象です。同じように早朝に起こされている人、どう対処してますか？,🐱⏰,medium,implicit,
2026-10-13,19:00,pet,threads,ペット,"結論、犬の留守番対策は""環境""より""合図の習慣化""で決まると考えている。
チェックリスト
・出る前と帰宅後の声かけを毎回同じ言葉にする
・退屈対策グッズは3日おきに入れ替える
・室温と換気は数値で管理し感覚に頼らない
この3点を意識するだけで留守番中の様子が変わったという報告は多い。あなたの家ではどれを優先している？",🐕📝,high,none,
2026-10-13,21:00,pet,threads,ペット,"猫の1日の飲水量は体重1kgあたり50mlが目安とされている。私はこの数字を下回った日は要注意ラインだと考える派。
判断基準
・器の水は最低1日1回入れ替える
・複数の器を離れた場所に置く
・冬場は基準値を下回りやすいので温度も確認する
数字で管理すると変化に気づきやすいという声が多い。普段、水分量はどう確認してる？",🐈💧,high,none,
2026-10-13,07:00,sleep,threads,睡眠,"結論、寝る90分前の入浴が一番コスパがいいと思う。
深部体温が下がるタイミングで入眠すると寝つきが変わる、というのを試してから朝の目覚めが軽くなった気がする。
チェックすべきは3つだけ。
①湯温38〜40度
②浸かる時間10〜15分
③入浴後は照明を落として画面を見ない
これだけで「寝つくまでの時間」が変わる人は多いはず。
みんなは入浴と寝つきの関係、意識してる？",🛁🌙,high,implicit,
2026-10-13,12:00,sleep,threads,睡眠,"私は「起床時間固定」派。就寝時間より起きる時間を揺らさない方が睡眠の質は安定すると感じている。
休日に寝坊すると月曜がしんどくなるのは、体内時計がズレるから。
目安にしてるのはこの3つ。
・平日と休日の起床差は1時間以内
・起きたらすぐ日光を浴びる
・二度寝は15分以内で切る
シンプルだけど効果を感じやすい基準だと思う。
起床時間、みんなはどのくらいブレてる？",⏰☀️,medium,implicit,
2026-10-13,19:00,sleep,threads,睡眠,"結論、夜中に何度も目が覚めるなら“質問”より先に“室温”を疑ったほうがいいと思う。
チェックリスト
・寝室が27℃以下か
・除湿は40〜60%目安になっているか
・扇風機の風が体に直接当たっていないか
一つでも当てはまらないなら、まずそこから見直すのが近道。今の時期、何度目が覚める？",🌙💦,high,implicit,
2026-10-13,21:00,sleep,threads,睡眠,"結論、お盆休みで夜型になった人は、今が一番戻しにくい時期だと思う。
観察していると崩れがちなのはこの2パターン
・起床時間だけ元に戻して就寝時間はそのまま
・寝る前のスマホ時間だけ伸びたまま
休み明け、みんなはどう立て直してる？",🌅📱,medium,implicit,
2026-10-14,07:00,konkatsu,threads,婚活,"結論、婚活が長引く人の多くは「審査モード」に入り込んでいると感じる。条件確認から入るほど、相手も身構えて距離が縮まらない。

■審査モードに入っているサイン3つ
・初対面でいきなり年収/実家/将来設計を聞く
・沈黙が怖くて質問攻めになる
・LINEが「今度会いましょう」で止まり日程を詰めない

私は「面接官をやめた瞬間に、婚活は前に進む」派。条件を通過した先に好意があるのではなく、条件を忘れた瞬間に好意が生まれるものだと思う。

あなたは直近のデート、趣味の話に何分使えた？",💍🤔,high,implicit,
2026-10-14,12:00,konkatsu,threads,婚活,"結論、同棲の話し合いは「言葉が同じでも意味が違う」ことが多いと思う。

先日、地下鉄で隣になった20代後半くらいの2人の会話がふと耳に入った。「一緒に住もう」という同じ一言に対して、片方は現状維持のつもりで、もう片方は結婚への準備のつもりで話しているように聞こえた。

■同棲前にすり合わせておきたい3つ
・同棲のゴール（結婚時期）をいつまでに話すか
・生活費・家事の分担ルール
・将来の話題が出たときの反応を観察する

私は「同棲の意味は、言葉より態度で確認するべき」派。

あなたは同棲、通過点派？それとも結婚への準備派？",🏠💬,high,implicit,
2026-10-14,19:00,konkatsu,threads,婚活,"結論、婚活で停滞する人の多くは「審査モード」に入りすぎていると感じる。
最初は『どんな人だろう』だったのに、気づけば年収・学歴・実家の話ばかり聞いていないだろうか。
私は、条件確認より先に『素の自分が出せる相手かどうか』を見る派。
■審査モードに入っているサイン
・沈黙が怖くて質問攻めになる
・LINEが用件だけのやり取りに変わる
・会うたびに品定めされている感覚が強くなる
一つでも当てはまったら、条件リストより会話の中身を見直した方がいいと思っている。
あなたは今、どちらのモードだと思う？",💍📝,high,implicit,
2026-10-14,21:00,konkatsu,threads,婚活,"初対面から3回目のデートまでずっと敬語のまま、というのは珍しいことではないと観察している。
私は『3回目で下の名前を呼べているか』を進展の分かれ目として見ている派。
■距離感が縮まっているかのチェック
・沈黙になっても気まずくならない
・LINEの文末に絵文字や砕けた言い回しが増える
・次の予定を相手から提案してくるようになる
逆にこれが3回目を過ぎても変わらない場合、関係は仮交際のまま止まりやすいと感じている。
あなたの婚活で、距離感が変わった瞬間はどんなタイミングだった？",📏💬,medium,implicit,
2026-10-14,07:00,sidejob,threads,副業,副業アプリを3つ以上掛け持ちしてる人、正直成果が分散して伸びにくいと感じる。私は「1つに集中→一定期間で反応が出なければ乗り換え」派です。乗り換えるかどうかの判断基準は3つ。①初月に実際に手を動かした時間 ②得られた反応・問い合わせ数 ③自分の得意分野との相性。増やす前に一度この3つで立ち止まってみてほしい。あなたは掛け持ち派？集中派？,📝✅,high,implicit,
2026-10-14,12:00,sidejob,threads,副業,在宅ワークの求人、応募者の多くが単価だけを見て選んでいる印象がある。私は「継続して依頼が来るかどうか」で選ぶべき派。単価が高くても更新されない案件は結局稼働ゼロになりやすい。見るべきポイントは①募集期間の長さ ②依頼主のレビュー数 ③初回対応の速さ、の3つ。単価と継続率、どちらを優先して選んでる？,🔍,medium,none,
2026-10-14,19:00,sidejob,threads,副業,"結論、副業初心者はまず「在庫を持たない」ジャンルから始めるべきだと思っています。
挑戦してすぐ挫折する人の共通点は、初期費用を先に使いすぎることです。
私が見てきた中で続きやすかった順番はこちら👇
①スキル販売（時間さえあれば元手0円）
②アフィリエイト（在庫ゼロ・発送ゼロ）
③物販（在庫リスクあり・最後に検討）
あなたが最初に選んだのはどのタイプでしたか？",👇,high,implicit,
2026-10-14,21:00,sidejob,threads,副業,"体感、副業が続かない人の8割は「毎日投稿」を目標にしすぎていると思っています。
私は質より先に「継続できる頻度」を決める派です。
挫折しやすい人によく見られる特徴はこちら👇
・初日から気合を入れすぎる
・反応がないとすぐやめる
・比較対象がいきなり月収100万円の人
まずは週2投稿を3ヶ月続けるほうが、結果的に早く積み上がります。
今の投稿頻度、少し無理していませんか？",👇,high,implicit,
2026-10-14,07:00,beauty,threads,美容,"「盛れるコスメ」より「自分に合う色」を選んだ方が結局盛れる、と最近よく思う。
私はパーツを強調するメイクより、肌なじみ優先の似合わせ盛り派。
セルフチェックは、①ファンデを頬と顎で色比べする②チークは骨格の一番高い位置に薄く③リップは唇の血色に近い色を選ぶ、の3つだけ。
パーツ盛りで浮いていた頃より、似合わせを意識してからの方が『変わったね』と言われる気がしている。
最近メイクで意識してること、ある？",💄🪞,medium,implicit,
2026-10-14,12:00,beauty,threads,美容,"結論、今話題の「再生系成分」は成分名で選ぶより、悩み別に使い分けるほうが失敗しにくいと感じています。
見ている基準は3つ→①乾燥か赤みかで系統を選ぶ②新成分は少量から試す③3週間は変化を様子見してから判断。
情報が多い時期ほど「基準を先に決める」ほうが近道だと思うのですが、みなさんは成分選びで何を一番重視していますか？",✅🧪,high,implicit,
2026-10-14,19:00,beauty,threads,美容,"私は「攻める美容医療級ケア」より「守る土台ケア」を先に固める派です。
季節の変化で肌がゆらぐという声は美容メディアでもよく指摘されています。
土台ケアの基準は3つ→①バリアを壊さない洗顔に一時切り替え②低刺激処方を選ぶ③肌が落ち着いてから攻めケアを再開。
今の時期、攻めと守りどちらを優先していますか？",🛡️🌿,high,implicit,
2026-10-14,21:00,beauty,threads,美容,"結論、乾燥小ジワ対策は「保湿の量」より「重ねるタイミング」だと思っている。
私がチェックしている基準は3つ。
①洗顔後1分以内に化粧水を1プッシュ
②乳液は手のひらで軽く温めてから伸ばす
③夜だけ保湿量を1.5倍にする
この3つのうち、1つでもやってないと乾燥が戻りやすい印象。
みなさんは重ねるタイミング、意識してますか？",🧴💧,high,implicit,
2026-10-14,07:00,bodymake,threads,筋トレ,私は「タイミングより合計量」派。筋トレ後30分以内にこだわるより、朝・昼・夜でタンパク質を1品ずつ足す方が結局続く。目安は卵1個・納豆1パック・ヨーグルト1個をそれぞれ別の食事に足すだけ。細かい計算より『足す習慣』を先に作る方が挫折しにくいと感じている。みんなはタイミング重視？合計量重視？,🍳⏱️,high,implicit,
2026-10-14,12:00,bodymake,threads,筋トレ,"結論、タンパク質は体重×1.2gで十分だと思っている。厳密に計算するより「今日どれだけ実行できたか」の方が重要。
続けやすさの基準は①朝に卵か納豆を1品追加②間食を加工食品からゆで卵やヨーグルトに変える③体重は2週間単位で見る、の3つだけ。
量より継続、どっちを優先してる？",🥚💪,high,implicit,
2026-10-14,19:00,bodymake,threads,筋トレ,"筋トレより睡眠を優先する、が私の結論。追い込んだ日ほど回復が遅れている人を見ていると、そう感じる。
チェックしたいのは①就寝1時間前はスマホを置く②筋トレは就寝3時間前までに終える③入浴で深部体温を上げすぎない、の3つだけ。
あなたは何時間睡眠を目標にしてる？",😴🛏️,high,implicit,
2026-10-14,21:00,bodymake,threads,筋トレ,"結論、筋トレの伸び悩みは「追い込み不足」より「寝不足」が原因なことが多いと感じている。
📝睡眠チェックリスト
□ 就寝1時間前はスマホを触らない
□ 就寝時刻を毎日そろえる
□ 起床後にタンパク質を摂る
□ 週2回は7時間以上眠る
ここで2つ以上×がついた人は、フォーム改善より先に睡眠を整える方が結果につながりやすい気がしている。
あなたは何個当てはまった？",😴📝💪,high,none,
2026-10-14,07:00,education,threads,教育,"結論、宿題タイムは「机に向かう時間の長さ」より「始めるまでのハードルの低さ」を優先した方がうまくいくと感じている。
声かけで意識しているのは次の3つ。
①「10分だけやろう」と時間を区切る
②最初の1問だけ一緒に解く
③終わったら丸つけより先に「お疲れさま」を言う
完璧な計画より、始めやすさを優先する家庭の方が続いている印象がある。
あなたの家庭は、始める工夫と終わる工夫、どちらを重視していますか？",📝✏️,high,implicit,
2026-10-14,12:00,education,threads,教育,"私は「通知表の点数」より先に「本人が一番頑張ったと思う教科」を聞く派です。
点数だけを見ると、努力が結果に出なかった教科がどうしても目に入りにくい。
先に本人の実感を聞いてから点数を見ると、声のかけ方が変わってくる。
点数の話は、そのあとでいい。
みなさんは、点数と本人の実感、どちらを先に聞きますか？",🗣️📖,high,implicit,
2026-10-14,19:00,education,threads,教育,"通信制高校を調べると、オンラインと通学を両方持つところがあるらしい。

資料請求前に見ていた点は3つ。
・授業の受け方
・相談窓口の有無
・費用の内訳が資料で分かるか

進路の候補に、通信制は入っていますか？",📚,medium,implicit,
2026-10-14,21:00,education,threads,教育,"幼児教室と小学校受験の教室をいくつか調べると、「無料体験の予約」が入口のものがあるらしい。

体験の前に見ていた点は3つ。
・対象年齢が公開ページに書いてあるか
・体験が無料か
・受験対策の範囲がどこまでか

習い事の候補に、教室型は入っていますか？",📚,medium,implicit,
2026-10-14,07:00,setsuyaku,threads,節約,"ふるさと納税、毎年12月に慌てて申し込む人が多いけど、私は「夏〜秋のうちに上限額だけ計算しておく派」。

理由は、年末は返礼品の人気商品が売り切れやすいから。

上限額を計算する時に見てる項目はこれだけ。
・今年の給与収入（見込みでOK）
・扶養家族の人数
・他の控除（iDeCoやふるさと納税以外の寄付）の有無

この3つが分かれば、シミュレーターでだいたいの上限は出せる。

毎年ギリギリで焦る人、意外と多くない？",🍅📝,medium,implicit,
2026-10-14,12:00,setsuyaku,threads,節約,ふるさと納税、いまだに『返礼品ランキング』から選んでる人が多い気がする。私は先に控除上限額を計算してから探す派。手順はシンプルで、①年収から上限額を出す②米や洗剤など普段使いのカテゴリで探す③届く時期を分散させる、この3ステップだけ。年末に慌てて選ぶより今の時期に動いた方が選択肢が多い。今年もう申し込んだ人いる？,🍚📦,high,implicit,
2026-10-14,19:00,setsuyaku,threads,節約,先月のスーパー、去年と同じ買い物カゴなのに800円くらい高くなってた気がする。値上げの実感って数字にすると結構でかい。私は毎回レシートを前月分と見比べる派で、家計簿アプリより肌感覚が掴みやすいと思ってる。細かい値上げ、みんなはどの商品で一番感じてる？,🧾📈,high,implicit,
2026-10-14,21:00,setsuyaku,threads,節約,"月額3000円以上のスマホ代を払ってる人、結論そのままだと損してます。

私は「基本料＋事務手数料＋通話料」の総額でしか比較しない派です。

見るべきポイントは3つだけ。
① 直近3ヶ月の平均データ使用量（設定画面で確認）
② 通話は月何分か（かけ放題が必要か）
③ 契約時の事務手数料込みの実質月額

表面の月額だけ見て選ぶと、結局高くつくケースをよく見かけます。

みんなは乗り換えるとき、月額以外にどこ見て決めてます？",📱,high,implicit,
2026-10-14,07:00,tenshoku,threads,転職,"求職者の6割が「買い手市場」だと感じているのに、実際の有効求人倍率は高止まりしている。このギャップ、放置すると自己評価を下げすぎる原因になると思っている。
結論、求人数の多さと「自分に合う求人があるか」は別問題。
見るべきは求人票の数ではなく、応募先の中で自分の経験がそのまま活きる求人が何件あるかどうか。
数字に振り回されて動けなくなってる人、意外と多い気がする。",📊,medium,none,
2026-10-14,12:00,tenshoku,threads,転職,"年収600万円以上の人の約6割がSNS経由でスカウトを受けた経験があるらしい。
私はこの数字、思ったより低くないなと感じている。

プロフィールを整えるだけで声がかかる可能性があるなら、やらない理由がない。
最低限チェックしたいのはこの3つ。
☑ 職種・スキルが一目でわかる自己紹介文になっているか
☑ 実績は数字ベースで書けているか
☑ 発信内容に一貫性があるか

整っていない人ほど「見られている」意識が抜けている印象。

あなたのプロフィール、この3つ埋まってますか？",📈🧾,high,implicit,
2026-10-14,19:00,tenshoku,threads,転職,"転職活動で後悔するのは「情報収集を怠ったこと」より「決断を先延ばしにしたこと」だと私は思う。
情報はいくら集めても、決める基準がないと堂々巡りになる。

私が決断前に確認している基準はこの4つ。
① 給与は現状維持以上か
② 裁量権は増えるか減るか
③ 通勤・働き方の負荷は許容範囲か
④ 1年後にスキルとして残るものがあるか

全部満たさなくてもいいけど、2つ以下ならまだ動くタイミングじゃない気がしている。

この基準、あなたなら何を足しますか？",🧭✅,high,none,
2026-10-14,21:00,tenshoku,threads,転職,"第二新卒・既卒向けの転職支援をいくつか調べて、入口が「無料カウンセリング」のものと「登録だけ」のものに分かれる印象があった。

比較するときに見ていたのは3つ。
・初回が面談か、登録完了か
・条件の棚卸しが先か、求人提示が先か
・入社後の記述があるか

今の自分は、情報収集と応募のどちらが先だと思いますか？",🗂️,medium,implicit,
2026-10-14,07:00,pet,threads,ペット,犬が『ご褒美用おやつ』の匂いを嗅いだ瞬間に真顔になる瞬間、あれは表情筋より『間』で感情を伝えている証拠だと思う。結論、指示を出す前に3秒待つだけで反応がはっきり変わることが多い。急かすより『待たせる』方が実は伝わりやすいという観察、共感する飼い主さん多い印象。みなさんの子は何秒くらい待てますか？,🐶⏱️,medium,implicit,
2026-10-14,12:00,pet,threads,ペット,35℃の日、アスファルト表面温度は60℃近くまで上がることがある。結論、日中の散歩は避けて『朝5時台』か『夜9時以降』の二択でいいと思う。チェックすべきは3つだけ。①手の甲を5秒地面につけて熱くないか②肉球の色や歩き方に違和感がないか③水分補給用のボトルを常に携帯しているか。この3つを守るだけで熱中症リスクはかなり下げられる印象。みなさんは散歩の時間、いつにずらしてますか？,🌡️🐾,high,implicit,
2026-10-14,19:00,pet,threads,ペット,"うちの猫、掃除機をかけた日は決まって半日ふてくされてる。もう3年目だけど毎回同じ反応。

私は正直、掃除機のタイミングは猫の機嫌優先派。多少部屋が汚くても、猫が隠れて出てこない時間を作らない方が結果的にストレス少ないと思ってる。

音に敏感な子への対策、うちでやってるのは
・掃除機前におやつで別室に誘導
・掃除の直前に一声かける
・終わったらすぐ横に座って様子を見る

これくらいで様子見の時間は結構減った。

みんなの子は掃除機、平気なタイプ？それとも即逃走タイプ？",🐱🧹,high,implicit,
2026-10-14,21:00,pet,threads,ペット,"月の餌代、犬猫1匹あたり5,000〜8,000円が「普通」だと思ってる。これより極端に安い場合は原材料を一度見直した方がいいと感じる。

私はコスパより「原材料の最初の3つが何か」を優先派。安さだけで選んで体調を崩された経験があるので、そこは譲れないラインにしてる。

選ぶときにチェックしてる基準はこの3つ。
① 主原料が穀物メインじゃないか
② 添加物表記がシンプルか
③ 年齢・体重に合った粒サイズか

この基準にしてから、うちの子は毛艶と便の状態が安定した。

餌選び、みんなは価格重視？成分重視？",🐾🍖,medium,implicit,
2026-10-14,07:00,sleep,threads,睡眠,入眠までの目安は10〜20分。30分以上かかる日が続くなら、寝具より先に環境を疑ったほうがいいというのが私の考え。チェックすべきは3つだけ。①寝る1時間前のスマホ②寝室の温度③寝る直前の入浴タイミング。今の暑い時期は①②の影響が特に大きいと感じている。あなたはこの3つのうち、どれが一番崩れやすい？,🌙💤,high,implicit,
2026-10-14,12:00,sleep,threads,睡眠,結論、寝苦しい夜に安眠グッズを増やすより先にやることがある。それは『室温を下げる』の一択だと思っている。手順はシンプル。①就寝1時間前にエアコンを26〜27℃設定②寝る直前の熱いシャワーはNG、ぬるめの湯船かシャワーのみ③掛け布団は接触冷感素材に変える。この3つを順番通りにやるだけで体感はかなり変わるという声をよく見かける。今夜、この中でどれから試せそう？,🌡️😴,high,implicit,
2026-10-14,19:00,sleep,threads,睡眠,"結論、入浴は寝る90分前が一番効果を感じやすいと思っています。私は「90分前入浴派」。理由は体温が下がり始めるタイミングと、入眠に向かう体内リズムが噛み合うから。
今日からできる3ステップ↓
①38〜40度で10〜15分浸かる
②上がったらすぐ靴下を脱ぐ
③照明を落として画面を見ない
これだけで寝つきが変わったという声、よく見かけます。あなたは何分前派ですか？",🛁🌙,high,implicit,
2026-10-14,21:00,sleep,threads,睡眠,"室温は18〜20度が睡眠の質に一番影響すると感じています。私は「寒め設定＋厚手ブランケット派」。エアコンをタイマーで切って朝方に室温が上がり、中途覚醒するという相談が地味に多いです。
チェックリスト↓
・就寝時は18〜20度に設定
・タイマーではなく朝までつけっぱなしが安定
・掛け布団は薄手を2枚で微調整
今の寝室、何度に設定してますか？",🌡️😴,high,implicit,
2026-10-15,07:00,konkatsu,threads,婚活,"結論、婚活で本気度を見るべきは「学歴」より「質問の数」だと思う。
先週、婚活パーティー会場のロビーで順番待ちをしていた2人の会話が耳に入った。
一方はプロフィールの年収や勤務先ばかり確認し、もう一方は相手の休日の過ごし方を3つも質問していた。
■本気度が高い人に共通する質問の傾向
・相手の「好きなもの」を聞いているか
・条件確認より過去のエピソードを聞いているか
・沈黙の後も会話を続けようとしているか
条件を聞く人より、好きなものを聞く人の方が、関係が進みやすいと感じている。
直近のデートで「質問攻めだったな」と感じた瞬間、ありましたか？",🤔📝,high,implicit,
2026-10-15,12:00,konkatsu,threads,婚活,"私は、婚活が停滞する一番の原因は「年収」より「審査モードが抜けないこと」だと思う。
最初はときめきで会っていたはずなのに、3回目あたりから急に条件確認モードに切り替わる人を何人も見てきた。
■審査モードに入っているサイン
・会話の8割が確認作業になっている
・相手の弱みより強みばかり探している
・楽しかった記憶より条件の一致率で判断している
審査を忘れられた瞬間からしか、関係は前に進まないと考えている。
最近のデートで、つい確認モードになってしまった瞬間はありましたか？",💭✅,high,implicit,
2026-10-15,19:00,konkatsu,threads,婚活,"婚活中の人の話を聞いていると、プロフ写真で一番差が出るのは加工より表情だと感じる。
結論、自己紹介文の雰囲気と写真の表情が一致していないと不成立になりやすい気がする。
■見直しポイント
・自然光で撮っているか
・口角より目が笑っているか
・年齢に見合った雰囲気か
プロフ迷子、意外と多い印象。みんなは写真何枚使ってる？",👀,medium,implicit,
2026-10-15,21:00,konkatsu,threads,婚活,"婚活で一番もったいないのは、最初の「楽しみ」が数ヶ月で「条件確認」に変わることだと思う。私は、会話の中心が年収や実家の話ばかりになったら一度立ち止まる派。

■審査モードに入っているサイン3つ
・話題の中心が「年収・職種・実家・将来設計」に偏っている
・LINEの文面が事務連絡っぽくなっている
・会う前から次の候補を探し始めている

この3つに当てはまったら、条件より「一緒にいて楽か」を見直すタイミングかもしれない。
あなたはどんな瞬間に審査モードに気づく？",💍🔍,high,implicit,
2026-10-15,07:00,sidejob,threads,副業,"住民税の『20万円以下なら申告しなくていい』は、所得税だけの話。私は副業収入の金額に関わらず、住民税の申告はする派です。
確定申告のときにチェックしておきたいのはこの3点。
・確定申告書 第二表の『住民税に関する事項』欄
・徴収方法が『普通徴収』になっているか
・提出前に控えを1部残しておく
これだけで会社に知られる不安はかなり減らせます。
みなさんは毎年、どちらを選んでいますか？",🧾✅,high,none,
2026-10-15,12:00,sidejob,threads,副業,"副業アカウントが伸び悩む一番の原因は、発信テーマがブレていることだと思っています。私は『1テーマ1切り口』を徹底する派です。
見直すべきチェックはこの3つ。
・プロフィールで発信テーマが一言で伝わるか
・投稿ごとにテーマが変わっていないか
・手順や基準など保存したくなる実用情報が入っているか
これだけで反応の土台が変わることが多いです。
みなさんは発信テーマ、何で絞っていますか？",📌,medium,implicit,
2026-10-15,19:00,sidejob,threads,副業,"結論、副業は「単価の高さ」より「再現性」で選んでいい。
単価だけで案件を選ぶと、続かないケースが多い印象。
私が案件を判断する基準は次の5つ。
✅ 週5時間以内で完結するか
✅ マニュアル化できる作業か
✅ 単発でなく継続案件があるか
✅ クライアントとの連絡頻度が多すぎないか
✅ 身につくスキルが翌月以降も使い回せるか
この基準に当てはまらない案件は、単価が高くても長続きしにくいと感じています。
今やってる副業、この5つに何個当てはまりますか？",✅📝,high,implicit,
2026-10-15,21:00,sidejob,threads,副業,"体感で言うと、副業が続かない人の共通点は「毎日更新」をノルマにしていること。
逆に半年以上続けられている人ほど、最初から「週3日でいい」とハードルを下げている印象がある。
理由はシンプルで、一度更新が止まると再開のハードルが一気に上がるから。
私は投稿頻度より「破綻しない仕組み」を優先する派です。
毎日更新、まだ続けられていますか？",🗓️💭,medium,implicit,
2026-10-15,07:00,beauty,threads,美容,"肌がゆらいでいるサイン、私は3つだけ見れば十分だと思っている。
①いつもより赤みが出やすい
②化粧水がしみる
③皮膚科で「肌が薄い」と言われたことがある
どれか1つでも当てはまる人は、攻めのケア（レチノール・酸系）を毎日から週2〜3回に落として、保湿を厚めにするだけで印象が変わることが多いらしい。
攻めと守り、今どっちを優先してますか？",🌿✨,high,implicit,
2026-10-15,12:00,beauty,threads,美容,肌がゆらいでいるサインは、実は3つだけ覚えておけば十分だと思っている。①化粧水がしみる②いつもより赤みが出やすい③皮膚科で「乾燥・バリア機能が低下」と言われた。結論、1つでも当てはまったら攻めケア（レチノールや酸系）は週1〜2回まで落として、保湿を厚めにするだけで扱いやすくなる、という印象がある。今の時期、当てはまる人ってどのくらいいるんだろう？,🧴✋,high,implicit,
2026-10-15,19:00,beauty,threads,美容,"結論、スキンケアは「順番」より「温度」で変える方が肌に合うと思っている。
夏は化粧水を体温に近づけてから重ね付け、冬は乳液を早めに足して蒸発を防ぐイメージ。
チェックしたいのは①肌がつっぱる時間帯②メイクがヨレる場所③週末の肌荒れ頻度、の3つ。
1つでも当てはまったら、季節ごとに順番を見直すサインだと思う。
みんなは季節で使う順番、変えてる？",🧴☀️❄️,high,implicit,
2026-10-15,21:00,beauty,threads,美容,"レチノールは毎日より、週3〜4回+保湿多めの方が続けやすいと思っている。
肌がゆらいでいるサインは次の3つ。
①いつもより赤みが出やすい
②化粧水がしみる
③皮膚科で「乾燥・薄い」と言われたことがある
1つでも当てはまるなら、頻度を落として保湿を厚くするのも選択肢だと思う。
毎日派？休み休み派？コメントで教えて",🌙✨,high,implicit,
2026-10-15,07:00,bodymake,threads,筋トレ,"私はタイミングより「1日の合計摂取量」を優先する派です。
体重×1.6g前後を目安に朝昼晩で分けて摂る方が、30分以内のゴールデンタイムを狙うより現実的に続けられると感じている。
📋今日から試せる分け方
・朝：卵or納豆
・昼：鶏むねor魚
・夜：プロテインor豆腐
厳密さより『今日も合計は届いた』の積み重ねが継続の鍵な気がしている。
あなたはタイミング派？合計量派？",🍳📋⏱️,high,none,
2026-10-15,12:00,bodymake,threads,筋トレ,"私は「準備の手間を先に減らす」派。
・前夜にジムバッグを玄関に置く
・着替えを枕元に用意する
・補給用のドリンクを冷蔵庫に常備する
この3つだけで、朝の重い腰がかなり軽くなったという声をよく見かける。
次の朝トレ、あなたは前夜に何を準備しておく？",🎒⏰,medium,implicit,
2026-10-15,19:00,bodymake,threads,筋トレ,結論、筋トレは週3〜4回に抑える派でいる。毎日追い込むより、部位ごとに48〜72時間の回復時間を空けたほうが、扱う重量が結果的に伸びやすいと感じている。曜日固定より「前回の筋肉痛が抜けたか」で次のトレ日を決める人が周りには多い印象。あなたは頻度、何回で回してる？,💪📅,high,implicit,
2026-10-15,21:00,bodymake,threads,筋トレ,結論、筋トレの継続力は「準備の手間を何分削れるか」で9割決まると思っている。続けられている人に共通して見えるのは①ウェアを前夜に出す②ジムバッグを玄関に置く③行った日だけカレンダーに丸をつける、の3つだけ。根性で乗り切るより仕組みを変える方が再現性が高い気がしている。あなたが取り入れてる『続く仕組み』、ひとつだけ教えて？,🗓️✅,medium,implicit,
2026-10-15,07:00,education,threads,教育,"夏休みの自由研究、テーマ決めから仕上げまで親がかなり伴走する家庭と、子どもにほぼ任せて見守るだけの家庭がある。完成度を重視するか、試行錯誤の過程を重視するかで自然と分かれるポイント。
あなたの家庭は伴走派？見守り派？",☀️,high,implicit,
2026-10-15,12:00,education,threads,教育,"子どもの「朝の準備」、声かけする派としない派で家庭の空気がだいぶ変わる。
毎朝リマインドして一緒に進める家庭もあれば、失敗も経験のうちと見守る家庭も。
どちらも『自分でできるようになってほしい』という気持ちは同じだけど、やり方は真逆になりがち。
あなたの家はどちら派ですか？",🕗,high,implicit,
2026-10-15,19:00,education,threads,教育,"小学生の「音読カード」、地味だけど見落としがちなポイント3つ。
①同じページを繰り返す日があっても問題なし、むしろ定着のサイン
②サインする欄は『聞いた時間帯』も一言添えると先生に伝わりやすい
③声の大きさより『区切って読めているか』の方がチェックポイントとして有効
保存しておくと役立つかもしれません。",📖,medium,implicit,
2026-10-15,21:00,education,threads,教育,"結論、宿題は低学年のうちは隣について見る派です。
理由はシンプルで、伴走ありのほうが「わからない」をその場で解消できるから。
うちで目安にしている切り替えラインはこの3つ。
①漢字の書き取りは3年生から一人でOK
②文章題は「式だけ一緒→計算は一人」に移行
③丸つけは学年関係なく一緒にやる
みなさんの家庭の切り替えラインはいつ頃でしたか？",📐📝,high,implicit,
2026-10-15,07:00,setsuyaku,threads,節約,"ふるさと納税、12月にまとめてやる人が多いですが、私は「夏のうちに上限額だけ確認しておく」派です。

理由はシンプルで、年末は返礼品が品切れ・発送遅延になりやすいから。

やることは2つだけ。
① 今年の想定年収からざっくり上限額を計算
② 上限の8割くらいまでで一度申し込んでおく

『年末にまとめて選ぶ楽しさ』もわかるけど、選択肢が減ってから焦るより早めの方が結局お得だと感じます。

みなさんは毎年いつ頃やってますか？",🍅,medium,implicit,
2026-10-15,12:00,setsuyaku,threads,節約,"月の固定費が3万円台に収まるかどうかで、貯金体質は9割決まると思っている。私は結論、食費を削るより先に固定費を見直すべき派です。
見直す優先順位は①通信費②サブスク③保険④電気ガスの順が効率的。
チェックリスト
・スマホ代が月5000円を超えていないか
・使っていないサブスクが3つ以上ないか
・保険に『なんとなく』で入っていないか
固定費、最後に見直したのいつですか？",💰📝,high,implicit,
2026-10-15,19:00,setsuyaku,threads,節約,"食費を切り詰めるより、惰性で払っている固定費を削る方が続けやすいと思う。私はここ数年、食費より先に契約系の見直しから手をつける派です。
節約が続かない人に共通するのは、我慢を積み重ねて疲れてしまうこと。一度手続きすれば自動的に減る仕組みの方が挫折しにくい。
変動費と固定費、みなさんはどっちから見直しましたか？",🧾💡,medium,implicit,
2026-10-15,21:00,setsuyaku,threads,節約,"結論、節約はまず固定費から。食費を削るのは一番最後でいい。
通信費・サブスク・保険の3つは、一度見直せば効果がずっと続くのが強み。
手順はシンプル↓
1) 契約中のサブスクを全部書き出す
2) 直近1ヶ月使っていないものを解約
3) 保険の保障内容が重複していないか確認
食費や外食を我慢するより、心理的なストレスが少ないのが固定費見直しの良いところ。
みんなは固定費、最後に見直したのいつ？",🏠📝,high,implicit,
2026-10-15,07:00,tenshoku,threads,転職,"20代の転職記事を読んでいると、「職務経歴書の添削」や「模擬面接」まで書く支援と、求人紹介が中心の支援が混在している。

整理した観点:
1. 支援の範囲が公開ページに書いてあるか
2. 対象（第二新卒／既卒／フリーター）が自分と重なるか
3. 無料の範囲がどこまでか

あなたが先に確認したいのは、支援の中身と対象、どちらですか？",📝,medium,implicit,
2026-10-15,12:00,tenshoku,threads,転職,"20〜30代向けの転職エージェントをいくつか調べると、「成長企業」と書くところと「求人数」と書くところに分かれる印象があった。

比較するときに見ていたのは3つ。
・対象年齢が公開ページに書いてあるか
・入口が登録か、面談か
・無料の範囲がどこまでか

今の自分は、情報収集と応募のどちらが先だと思いますか？",🗂️,medium,implicit,
2026-10-15,19:00,tenshoku,threads,転職,"採用側の視点として、書類選考で見られやすいポイントは「年齢」だけでなく「マネジメント経験の有無」や「新しく学んでいること」だとよく言われます。

特に最近はAIなど、業務外での学習をアピールする人が増えている印象です。

保存しておくと、職務経歴書を見直すときに役立つかもしれません📝",📝,high,implicit,
2026-10-15,21:00,tenshoku,threads,転職,"「石の上にも3年」って、まだ信じてますか？
最初の会社は我慢の場所だと思っていた人ほど、体調に変化が出てから初めて気づくことが多いようです。
続けることが正解とは限らない環境、意外と多いのかもしれません。
あなたの周りにも、そんな話ありますか？",🤔💭,high,implicit,
2026-10-15,07:00,pet,threads,ペット,"結論、フード選びで一番見るべきは「原材料表示の順番」だと思っている。

最初の3つに肉・魚由来のタンパク源が入っているかで、だいたいの品質は判断できる。

保存版チェックリスト↓
□ 原材料の1〜3番目にタンパク源があるか
□ 添加物の種類が多すぎないか
□ 便の状態（硬さ・匂い）が切り替え後2週間で安定したか
□ 粒の大きさが顎の力に合っているか

毎回パッケージ裏を見返すのが面倒な人向けの基準です。

みなさんはフード選びで一番重視してる項目、何ですか？",🐾📋,high,implicit,
2026-10-15,12:00,pet,threads,ペット,"猫が急に飼い主の膝から降りて、少し離れた場所で丸くなるのは「嫌い」じゃなくて「安心してる証拠」だと思っている。

ベタベタ甘えるだけが愛情表現じゃなくて、視界に入る距離で寛いでいること自体が信頼のサインというのが私の見方。

同じ空間にいるのに触れ合わない時間、うちのコだけかと思ってたけど意外とあるあるらしい。

猫飼いのみなさん、この「つかず離れず」感じたことあります？",🐈,medium,none,
2026-10-15,19:00,pet,threads,ペット,"結論、初心者ほど多頭飼いより先に「通院費の備え」を整えるべきだと思う。保険の有無で、通院するかどうかの判断が変わる場面をよく見かける。

【通院前チェック】
・年1回の健康診断予定はあるか
・通院費の上限額を決めているか
・持病の有無を把握しているか

これだけで「まさかの通院」への心構えがかなり変わる、というのが個人的な結論。みなさんは通院費の目安、決めていますか？",🐾🏥,medium,none,
2026-10-15,21:00,pet,threads,ペット,"うちの子が季節の変わり目にフードを残す——これ、あるあるだと思う。結論、フードを変える前にまず「量」を見直すのが先。

【原因を絞る3チェック】
1) 体重の増減
2) おやつの量
3) 運動量の変化

これで大体の原因は絞れる、というのが観察してきた実感。みなさんの子は食欲の波、どう対策してますか？",🐶🍚,medium,none,
2026-10-15,07:00,sleep,threads,睡眠,"結論、夜中に何度も目が覚めるのは「気にしすぎ」より先に室温と光を疑ったほうがいい派です。
目安にしているチェックはこの3つ↓
①寝る1時間前は暖色照明に切り替えているか
②布団の中の温度が高すぎないか
③起床時刻を平日休日で大きくズラしていないか
どれか当てはまる人、地味に多いはず。あなたはどれが一番怪しいと思う？",🌙💤,high,implicit,
2026-10-15,12:00,sleep,threads,睡眠,"最近「夜中に3回以上目が覚める」という声をよく見かける。私はこれ、スマホより『布団の中で考え事をする時間』の影響のほうが大きいと思っている派です。
試している人が多い対策はシンプルで、
・寝る前に『明日やること』を紙に書き出す
・布団に入ったら考え事を一旦保留にする
これだけで中途覚醒が減ったという話をよく聞きます。同じタイプの人いる？",🛌📝,medium,implicit,
2026-10-15,19:00,sleep,threads,睡眠,"結論、寝る前90分のスマホ断ちが一番コスパの良い睡眠改善策だと思う。

私は『デジタル門限』と呼んで人に勧めている。

やることはシンプル：
・22:30以降は通知オフ
・照明は暖色系に切り替え
・ベッドでは本かストレッチのみ

これだけで『布団に入ってからのスマホ時間』が減り、入眠までの体感時間が短くなったという声が多い。

みんなは寝る前、何時にスマホを手放してる？",📱🌙,high,implicit,
2026-10-15,21:00,sleep,threads,睡眠,"夜中に『明日ちゃんと起きられるかな』と不安になって、逆に目が冴えた経験がある人は多いはず。

私はこの手の不安は『予定への責任感の裏返し』だと思っている。だから無理に寝ようとせず、一度アラームを2つ確認するだけで安心して眠れることが多い。

完璧に寝ようとするより、『最低限起きられる保険』を作る方が結果的に眠りやすい派です。

みんなは寝る前、そういう不安どう対処してる？",⏰😌,high,none,
2026-10-16,07:00,konkatsu,threads,婚活,"先週、電車で隣に座った2人の会話が最後まで敬語のままだったのを見かけた。私は、3回目のデート以降も敬語や距離感が変わらない相手とは、進展が鈍いことが多いと感じている。

■距離感が縮まっているかの判断基準
・下の名前や愛称で呼べているか
・沈黙があっても気まずくないか
・LINEの返信が短文でも成立しているか

条件よりも先にこの「距離感」を見たほうが、後の失敗が減る気がしている。
あなたは何回目のデートで距離感の変化を感じる？",🚃💬,medium,implicit,
2026-10-16,12:00,konkatsu,threads,婚活,"結論、婚活が長引く人の多くは「審査モード」に入り込んでいると感じる。条件確認から入るほど、相手も身構えて距離が縮まらない。

■審査モードに入っているサイン3つ
・初対面でいきなり年収/実家/将来設計を聞く
・沈黙が怖くて質問攻めになる
・LINEが「今度会いましょう」で止まり日程を詰めない

私は「面接官をやめた瞬間に、婚活は前に進む」派。条件を通過した先に好意があるのではなく、条件を忘れた瞬間に好意が生まれるものだと思う。

あなたは直近のデート、趣味の話に何分使えた？",💍🤔,high,implicit,
2026-10-16,19:00,konkatsu,threads,婚活,"結論、同棲の話し合いは「言葉が同じでも意味が違う」ことが多いと思う。

先日、地下鉄で隣になった20代後半くらいの2人の会話がふと耳に入った。「一緒に住もう」という同じ一言に対して、片方は現状維持のつもりで、もう片方は結婚への準備のつもりで話しているように聞こえた。

■同棲前にすり合わせておきたい3つ
・同棲のゴール（結婚時期）をいつまでに話すか
・生活費・家事の分担ルール
・将来の話題が出たときの反応を観察する

私は「同棲の意味は、言葉より態度で確認するべき」派。

あなたは同棲、通過点派？それとも結婚への準備派？",🏠💬,high,implicit,
2026-10-16,21:00,konkatsu,threads,婚活,"結論、婚活で停滞する人の多くは「審査モード」に入りすぎていると感じる。
最初は『どんな人だろう』だったのに、気づけば年収・学歴・実家の話ばかり聞いていないだろうか。
私は、条件確認より先に『素の自分が出せる相手かどうか』を見る派。
■審査モードに入っているサイン
・沈黙が怖くて質問攻めになる
・LINEが用件だけのやり取りに変わる
・会うたびに品定めされている感覚が強くなる
一つでも当てはまったら、条件リストより会話の中身を見直した方がいいと思っている。
あなたは今、どちらのモードだと思う？",💍📝,high,implicit,
2026-10-16,07:00,sidejob,threads,副業,"結論、副業を選ぶ基準は「単価」より「再現性」だと思う。

高単価でも自分にしか売れないスキルは長続きしにくい。逆に単価が低くても、毎回同じ手順で数字が読める仕組みの方が結果的に続けやすいと感じる。

副業を選ぶ前に見るチェックリスト
・作業時間が毎回大きくブレないか
・自分が休んでも仕組みが回るか
・成果が数字で見える仕組みか

これに当てはまらない副業は、始める前に一度立ち止まった方がいいと思う。

みんなは副業選びで何を一番重視してる？",📝✅,high,implicit,
2026-10-16,12:00,sidejob,threads,副業,"丁寧に書きすぎた投稿ほど伸びない、というのは副業アカウントを見ていてよく感じること。

長文で背景から説明するより、3行で言い切る投稿の方が反応が良い印象がある。通勤時間にサッと読める分量に収まっているかどうかは、地味だけど大きな差になっている気がする。

短く言い切る投稿の型
・1行目で結論を言う
・2行目で理由をひとつだけ添える
・3行目で行動か問いで締める

丁寧に書きすぎて逆に反応が伸びなかった経験、心当たりある人いる？",✂️💭,medium,implicit,
2026-10-16,19:00,sidejob,threads,副業,"結論、初心者が最初に手を出すべき副業は「在庫を持たない系」だと考えています。
判断基準はシンプルに3つ。①初期費用1万円以下②即日撤退できる③スキマ時間で完結する。
この3条件を満たさない副業話は、契約前に一度立ち止まる価値があると思います。
あなたが今検討している副業、この基準に当てはまりますか？",📝✅,high,implicit,
2026-10-16,21:00,sidejob,threads,副業,"副業を始めて早期にやめる人に共通するのは、「完璧な準備」を先にやろうとする傾向だと感じています。
私は「まず小さく1件動いてから改善する」派です。
準備期間が長くなるほど、実行に踏み出す心理的ハードルが上がっていく現象、周りで見かけませんか？",💭🔍,medium,implicit,
2026-10-16,07:00,beauty,threads,美容,"結論、秋の乾燥対策は「化粧水の量」より「重ねる回数」がカギだと思う。
チェックしてほしいポイントは3つ。
①肌がつっぱる時間帯が朝か夜かで違うか
②メイクのヨレが増えたか
③使うアイテムを季節で変えているか
1つでも当てはまるなら、量を増やす前に重ねづけの回数を見直すのがおすすめ。
秋の乾燥、対策変えた人います？",🍂✨,high,implicit,
2026-10-16,12:00,beauty,threads,美容,"私は「毛穴パック」より「保湿の均一化」を優先する派。
乾燥した部分ほど皮脂が過剰に出て毛穴が目立ちやすくなると考えているから。
見直すポイントは2つだけ。
①Tゾーンと頬で化粧水の量を変えていないか
②夜だけ保湿して朝は省略していないか
この2つを直すだけで印象が変わったという声もよく見かける。
毛穴対策、今どうしてますか？",🔍✨,medium,implicit,
2026-10-16,19:00,beauty,threads,美容,"結論、毛穴とくすみは「隠す」より「土台から整える」ほうが長期的には楽だと思っている。
私の基準はシンプルで、①下地前に毛穴用の下地を一枚挟む②くすみは色ムラよりまず乾燥ケアを先にする③厚塗りで誤魔化す日は週1以下にする、の3つだけ。
特別な日だけ気合いを入れるより、日常の延長で整えるほうが結局続く気がしている。
あなたは「隠す派」「土台から整える派」どっち？",🧴✨,medium,implicit,
2026-10-16,21:00,beauty,threads,美容,"はっきり言うと、肌だけ頑張っても髪がパサついていると顔全体の印象がくすんで見えると思っている。
私が意識しているのは、①乾かす前にオイルを一滴つける②アイロン前も同じ工程を挟む③ディープトリートメントは週1回だけ、の3ステップだけ。
肌の透明感を仕込む前に髪のツヤを仕込んだほうが、写真の伸びが早い気がしている。
今、肌ケアと髪ケア、時間をかけているのはどっち？",💇‍♀️✨,medium,implicit,
2026-10-16,07:00,bodymake,threads,筋トレ,"結論、筋トレが続くかどうかは「最初の2週間の頻度設計」でほぼ決まると思っている。理由はシンプルで、習慣が固まる前に高頻度・高強度にすると、心身の負荷でやめやすくなるから。
続けやすい人に共通する初期設計はこの3つ。
・週2〜3回からスタートする
・同じ部位を連続で追い込まない
・「休む日」を先にカレンダーへ入れておく
この3つを外している人ほど、3週間以内に離脱しやすい印象がある。あなたは最初の2週間、どんな頻度で始めた（始める予定）？",📅💪,high,implicit,
2026-10-16,12:00,bodymake,threads,筋トレ,"「筋肉痛が出ないと効いていない」というのは半分間違いだと思っている。筋肉痛はダメージの指標であって、成長そのものの指標ではないからだ。
実際、扱う重量や回数の推移が右肩上がりなら、筋肉痛がなくても筋力・筋量は伸びているケースがある。
成長判断に使えるチェックポイントはこの3つ。
・同じ種目の重量が3週間前より伸びているか
・同じ重量でのフォームが安定してきたか
・翌日の「動ける感覚」を疲労感より重視できているか
この3つを記録し始めると、筋肉痛の有無に一喜一憂しなくなる気がしている。あなたは何を基準に伸びを判断してる？",📊🔥,high,implicit,
2026-10-16,19:00,bodymake,threads,筋トレ,"停滞期に入ったとき、種目を増やす前に見直されがちなポイントをメモ。
① 睡眠時間が最近削れていないか
② 同じ重量・回数が何週も続いていないか
③ 体重の変化に対して食事量が合っているか
この3つから確認する、という考え方があるらしい。
みんなは停滞期、まず何から見直す？
📝",📝,high,implicit,
2026-10-16,21:00,bodymake,threads,筋トレ,体重×1.5gのタンパク質量、いきなり計算しなくていい。私が続けているのは「卵1個＋納豆1パック」を毎日の食事に固定で足すだけのルール。数字を追うより“いつもの食事に1品足す”方式の方が続く気がしている。今日の食事、あと何を足せそう？,🥚,medium,implicit,
2026-10-16,07:00,education,threads,教育,"結論、テストの点数は見せてもらう派です。
点数そのものより「どこで間違えたか」を一緒に確認する材料になると考えています。
我が家で決めているチェックポイントは3つ。
①70点以下は原因を一緒に探す
②90点以上は結果より過程を一言褒める
③点数の良し悪しでその日の機嫌を変えない
見せなくていい派のご家庭は、どんな基準でやる気を守っていますか？",📊✏️,high,implicit,
2026-10-16,12:00,education,threads,教育,"結論、家庭のご褒美設計は「プロセス評価8割・結果評価2割」がちょうどいいと感じている。
テストの点数だけを見ていると、点数が伸びない時期にやる気の土台まで崩れやすい。
・机に向かった時間
・声に出して読んだ回数
・分からない問題に粘った時間
このあたりを記録して、月末にまとめて結果と紐づけるくらいが現実的だと思う。
みなさんの家庭では、どちらの比重が大きいですか？",🎯📝,high,implicit,
2026-10-16,19:00,education,threads,教育,"結論、子どもの「できない」は「まだ」に言い換えるだけで行動が変わりやすいと感じている。
言い換えの基準はシンプルに3つ。
①結果ではなく直前の行動を言葉にする
②比較は「昨日の自分」に限定する
③できたことは具体的な数字で伝える（例：10分早く着席できた）
抽象的な励ましより、この方が次の一歩につながりやすい気がする。
他に効果を感じた言い換え、あれば教えてください。",📌✨,high,implicit,
2026-10-16,21:00,education,threads,教育,"結論、プログラミングはもう『習い事の選択肢』ではなく『受験科目の準備』だと私は見ています。
情報Ⅰが共通テストに入ってから、周囲の相談内容は「楽しく触れさせたい」から「間に合わせたい」に変わってきました。
判断基準はシンプルに2段階、
・中学までに触れて型に慣れる
・高校からは演習量を増やす
この順番で考えると迷いにくいです。
みなさんはいつから対策を意識し始めましたか？",📝,high,implicit,
2026-10-16,07:00,setsuyaku,threads,節約,"結論、節約で家庭がギスギスするのは『我慢の分担』がズレてるだけだと思う。
サブスクは放置なのに子どものおやつだけ削られる、みたいな家庭は意外と多い。
削る前にやっておきたいこと↓
・家族それぞれの『削れそうなもの』を出し合う
・一人にだけ我慢を集中させない
・小さな楽しみは最後まで残す
節約は根性より仕組みで続ける方が長持ちする気がしている。
うちはこうしてる、という工夫があれば教えてほしい。",👨‍👩‍👧🍰,medium,implicit,
2026-10-16,12:00,setsuyaku,threads,節約,"電気・ガス・水道の明細、先月分と見比べたことありますか？

同じ生活スタイルでも季節や使い方のクセで数百円〜千円単位の差が出ていることがあります。

私は「先月比」を見る習慣をつけてから、無駄遣いに気づきやすくなりました。

みなさんは光熱費、どのタイミングでチェックしていますか？",💡📊,medium,implicit,
2026-10-16,19:00,setsuyaku,threads,節約,サブスク、平均5個以上契約してる人が多いらしい。私は「年1回、全部書き出して先月の利用回数がゼロなら即解約」をルール化するのが一番効くと思う派。①契約中サービスを紙に書き出す②先月使った回数を書く③ゼロなら解約、これだけで固定費は減らせる。今月見直した人、何個解約できた？,📝,high,implicit,
2026-10-16,21:00,setsuyaku,threads,節約,節約って我慢することだと思われがちだけど、私は逆だと思う派。通信・保険・サブスクみたいな固定費を一度整えれば、あとは我慢ゼロで自動的に浮き続ける。逆に食費や外食を削る方法は継続コストが高くて挫折しやすい。あなたが最初に見直すなら、通信費・保険・サブスクのどれから手をつける？,💡,medium,implicit,
2026-10-16,07:00,tenshoku,threads,転職,"2026年、育児・介護休業法の改正で「小学校3年生まで時短勤務が可能」になった会社、実はまだ知られていません。
求人票だけでは分からない“制度の運用実態”こそ、会社選びで見落とされがちなポイントかもしれません。
面接で聞いてよかった質問、ある人は教えてください🙏",📋✨,high,implicit,
2026-10-16,12:00,tenshoku,threads,転職,"面接で落ちる人の多くは「逆質問」で損してると思う。
私はこれまで採用側・支援側の両方を見てきたけど、ここを軽視してる人が本当に多い。

チェックしてほしいのはこの3つ：
・給与や休暇の確認だけで終わっていないか
・入社後にどう貢献したいかを語れているか
・面接官の反応を見て一段深掘りできているか

どれか1つでも欠けると、印象は一気に薄くなる。

あなたは逆質問、何を準備してる？",📝✅,high,implicit,
2026-10-16,19:00,tenshoku,threads,転職,"「今の会社が嫌」だけで転職活動を始めると、正直うまくいかないケースが多いと感じている。

私が見てきた中で、うまくいっている人には共通点があった。
・辞めたい理由より「叶えたい条件」を先に言語化している
・年収だけでなく働き方の優先順位が決まっている
・応募前の自己分析にちゃんと時間をかけている

逆に勢いだけで書類を出す人ほど、入社後にミスマッチを感じやすい印象がある。

今の転職理由、「逃げ」より「叶えたいこと」で言えてる？",💭🔍,high,implicit,
2026-10-16,21:00,tenshoku,threads,転職,"面接で給与交渉をしない人がまだ8割くらいいる気がする。
私は「交渉しない方がリスク」派。

交渉するタイミングの基準はこの3つだけ見てる。
①内定通知後、入社日確定前
②他社オファーがある場合は先に開示
③希望額は根拠（前職給与・市場相場）とセットで出す

これだけでも印象は悪くならないし、下がることはほぼない。

みんなは給与交渉、したことある派？しない派？",💬📈,high,implicit,
2026-10-16,07:00,pet,threads,ペット,"ドッグフードのパッケージ、私は上位3つの原材料しか見ていません。それで十分と思う派です。
選ぶときに確認しているポイントはこの3つです。
・主原料が肉や魚など動物性たんぱくか
・添加物表記が少ないか
・年齢や体重に合わせたカロリー設計になっているか
細かい成分表より、この3点で十分な差が出ると感じています。
みなさんはフード選びで最初にどこを見ますか？",🍖🐾,high,implicit,
2026-10-16,12:00,pet,threads,ペット,"保護犬を勧めるかどうか、私は「飼い主の経験値次第」で分ける派です。
初めて犬を迎える人には、まず性格や病歴が把握しやすいブリーダーや里親会経由の子をすすめることが多いです。反対に、一度でも犬と暮らした経験がある人には、保護犬の相性の良さを伝えることが多いです。
どちらが正しいという話ではなく、経験値によって向き不向きがあると感じています。
みなさんは保護犬派・ブリーダー派、どちらですか？その理由も聞いてみたいです。",🐕💭,high,implicit,
2026-10-16,19:00,pet,threads,ペット,結論、ペットフード選びで見るべき基準は3つだけでいいと考えています。①原材料の1番目が肉・魚であること②着色料・香料が無添加であること③粒の大きさが顎の力に合っていること。それ以外の細かい成分表はあまり気にしなくていいというのが私の立場です。保存しておいて買い物のときに見返せる基準にしてもらえたら。あなたが一番重視しているポイントは①〜③のどれですか？,🐾📝,high,none,
2026-10-16,21:00,pet,threads,ペット,朝5時に起こしにくる猫は珍しくないと思っています。個人的には、これは甘えではなく「生活リズムの主張」だと捉えるのが一番しっくりきます。無理に直そうとするより、前日の夜ご飯の時間を30分後ろにずらすだけで改善したという声もよく聞きます。しつけの失敗ではなく、リズムの調整で解決できるケースが多い印象です。同じように早朝に起こされている人、どう対処してますか？,🐱⏰,medium,implicit,
2026-10-16,07:00,sleep,threads,睡眠,"結論、寝る1時間前のスマホは「明るさ」より「情報量」が問題だと思ってる。
脳が“処理待ちの情報”を抱えたまま横になると、光を落としても入眠が長引く。
私が試して良かった基準は3つだけ。
①通知は音もバイブも切る
②SNSは開いても「見る専用」にしてコメントしない
③ベッドに入ったらスマホは手の届かない場所に置く
これだけで「あれこれ考えて寝れない」時間が減った人、他にもいる？",🌙📵,high,implicit,
2026-10-16,12:00,sleep,threads,睡眠,"深部体温は入浴後90分でストンと下がる。私はこの90分ルールを知ってから、入浴時間を「寝る直前」から「寝る1.5時間前」に変えた派。
体感で変わったのはここ。
・布団に入ってからの寝つきまでの体感時間が短くなった
・夜中に一度目が覚める回数が減った気がする
入浴のタイミングを変えるだけで体感が変わった経験、ある人いる？どのくらい前に入ってる？",🛁⏰,high,implicit,
2026-10-16,19:00,sleep,threads,睡眠,"結論、寝る90分前の入浴が一番コスパがいいと思う。
深部体温が下がるタイミングで入眠すると寝つきが変わる、というのを試してから朝の目覚めが軽くなった気がする。
チェックすべきは3つだけ。
①湯温38〜40度
②浸かる時間10〜15分
③入浴後は照明を落として画面を見ない
これだけで「寝つくまでの時間」が変わる人は多いはず。
みんなは入浴と寝つきの関係、意識してる？",🛁🌙,high,implicit,
2026-10-16,21:00,sleep,threads,睡眠,"私は「起床時間固定」派。就寝時間より起きる時間を揺らさない方が睡眠の質は安定すると感じている。
休日に寝坊すると月曜がしんどくなるのは、体内時計がズレるから。
目安にしてるのはこの3つ。
・平日と休日の起床差は1時間以内
・起きたらすぐ日光を浴びる
・二度寝は15分以内で切る
シンプルだけど効果を感じやすい基準だと思う。
起床時間、みんなはどのくらいブレてる？",⏰☀️,medium,implicit,
2026-10-17,07:00,konkatsu,threads,婚活,"初対面から3回目のデートまでずっと敬語のまま、というのは珍しいことではないと観察している。
私は『3回目で下の名前を呼べているか』を進展の分かれ目として見ている派。
■距離感が縮まっているかのチェック
・沈黙になっても気まずくならない
・LINEの文末に絵文字や砕けた言い回しが増える
・次の予定を相手から提案してくるようになる
逆にこれが3回目を過ぎても変わらない場合、関係は仮交際のまま止まりやすいと感じている。
あなたの婚活で、距離感が変わった瞬間はどんなタイミングだった？",📏💬,medium,implicit,
2026-10-17,12:00,konkatsu,threads,婚活,"結論、婚活で本気度を見るべきは「学歴」より「質問の数」だと思う。
先週、婚活パーティー会場のロビーで順番待ちをしていた2人の会話が耳に入った。
一方はプロフィールの年収や勤務先ばかり確認し、もう一方は相手の休日の過ごし方を3つも質問していた。
■本気度が高い人に共通する質問の傾向
・相手の「好きなもの」を聞いているか
・条件確認より過去のエピソードを聞いているか
・沈黙の後も会話を続けようとしているか
条件を聞く人より、好きなものを聞く人の方が、関係が進みやすいと感じている。
直近のデートで「質問攻めだったな」と感じた瞬間、ありましたか？",🤔📝,high,implicit,
2026-10-17,19:00,konkatsu,threads,婚活,"私は、婚活が停滞する一番の原因は「年収」より「審査モードが抜けないこと」だと思う。
最初はときめきで会っていたはずなのに、3回目あたりから急に条件確認モードに切り替わる人を何人も見てきた。
■審査モードに入っているサイン
・会話の8割が確認作業になっている
・相手の弱みより強みばかり探している
・楽しかった記憶より条件の一致率で判断している
審査を忘れられた瞬間からしか、関係は前に進まないと考えている。
最近のデートで、つい確認モードになってしまった瞬間はありましたか？",💭✅,high,implicit,
2026-10-17,21:00,konkatsu,threads,婚活,"婚活中の人の話を聞いていると、プロフ写真で一番差が出るのは加工より表情だと感じる。
結論、自己紹介文の雰囲気と写真の表情が一致していないと不成立になりやすい気がする。
■見直しポイント
・自然光で撮っているか
・口角より目が笑っているか
・年齢に見合った雰囲気か
プロフ迷子、意外と多い印象。みんなは写真何枚使ってる？",👀,medium,implicit,
2026-10-17,07:00,sidejob,threads,副業,副業アプリを3つ以上掛け持ちしてる人、正直成果が分散して伸びにくいと感じる。私は「1つに集中→一定期間で反応が出なければ乗り換え」派です。乗り換えるかどうかの判断基準は3つ。①初月に実際に手を動かした時間 ②得られた反応・問い合わせ数 ③自分の得意分野との相性。増やす前に一度この3つで立ち止まってみてほしい。あなたは掛け持ち派？集中派？,📝✅,high,implicit,
2026-10-17,12:00,sidejob,threads,副業,在宅ワークの求人、応募者の多くが単価だけを見て選んでいる印象がある。私は「継続して依頼が来るかどうか」で選ぶべき派。単価が高くても更新されない案件は結局稼働ゼロになりやすい。見るべきポイントは①募集期間の長さ ②依頼主のレビュー数 ③初回対応の速さ、の3つ。単価と継続率、どちらを優先して選んでる？,🔍,medium,none,
2026-10-17,19:00,sidejob,threads,副業,"結論、副業初心者はまず「在庫を持たない」ジャンルから始めるべきだと思っています。
挑戦してすぐ挫折する人の共通点は、初期費用を先に使いすぎることです。
私が見てきた中で続きやすかった順番はこちら👇
①スキル販売（時間さえあれば元手0円）
②アフィリエイト（在庫ゼロ・発送ゼロ）
③物販（在庫リスクあり・最後に検討）
あなたが最初に選んだのはどのタイプでしたか？",👇,high,implicit,
2026-10-17,21:00,sidejob,threads,副業,"体感、副業が続かない人の8割は「毎日投稿」を目標にしすぎていると思っています。
私は質より先に「継続できる頻度」を決める派です。
挫折しやすい人によく見られる特徴はこちら👇
・初日から気合を入れすぎる
・反応がないとすぐやめる
・比較対象がいきなり月収100万円の人
まずは週2投稿を3ヶ月続けるほうが、結果的に早く積み上がります。
今の投稿頻度、少し無理していませんか？",👇,high,implicit,
2026-10-17,07:00,beauty,threads,美容,"「盛れるコスメ」より「自分に合う色」を選んだ方が結局盛れる、と最近よく思う。
私はパーツを強調するメイクより、肌なじみ優先の似合わせ盛り派。
セルフチェックは、①ファンデを頬と顎で色比べする②チークは骨格の一番高い位置に薄く③リップは唇の血色に近い色を選ぶ、の3つだけ。
パーツ盛りで浮いていた頃より、似合わせを意識してからの方が『変わったね』と言われる気がしている。
最近メイクで意識してること、ある？",💄🪞,medium,implicit,
2026-10-17,12:00,beauty,threads,美容,"結論、今話題の「再生系成分」は成分名で選ぶより、悩み別に使い分けるほうが失敗しにくいと感じています。
見ている基準は3つ→①乾燥か赤みかで系統を選ぶ②新成分は少量から試す③3週間は変化を様子見してから判断。
情報が多い時期ほど「基準を先に決める」ほうが近道だと思うのですが、みなさんは成分選びで何を一番重視していますか？",✅🧪,high,implicit,
2026-10-17,19:00,beauty,threads,美容,"私は「攻める美容医療級ケア」より「守る土台ケア」を先に固める派です。
季節の変化で肌がゆらぐという声は美容メディアでもよく指摘されています。
土台ケアの基準は3つ→①バリアを壊さない洗顔に一時切り替え②低刺激処方を選ぶ③肌が落ち着いてから攻めケアを再開。
今の時期、攻めと守りどちらを優先していますか？",🛡️🌿,high,implicit,
2026-10-17,21:00,beauty,threads,美容,"結論、乾燥小ジワ対策は「保湿の量」より「重ねるタイミング」だと思っている。
私がチェックしている基準は3つ。
①洗顔後1分以内に化粧水を1プッシュ
②乳液は手のひらで軽く温めてから伸ばす
③夜だけ保湿量を1.5倍にする
この3つのうち、1つでもやってないと乾燥が戻りやすい印象。
みなさんは重ねるタイミング、意識してますか？",🧴💧,high,implicit,
2026-10-17,07:00,bodymake,threads,筋トレ,結論、忙しい日ほど「10分メニュー」でいいと思っている。私が実践しているのはスクワット10回・腕立て10回・プランク30秒の3つだけ。完璧な60分より、ゼロの日を作らないことの方が半年後の差になる気がしている。あなたが忙しい日に削るなら、種目？時間？それとも回数？,💪🏠,high,implicit,
2026-10-17,12:00,bodymake,threads,筋トレ,私は「タイミングより合計量」派。筋トレ後30分以内にこだわるより、朝・昼・夜でタンパク質を1品ずつ足す方が結局続く。目安は卵1個・納豆1パック・ヨーグルト1個をそれぞれ別の食事に足すだけ。細かい計算より『足す習慣』を先に作る方が挫折しにくいと感じている。みんなはタイミング重視？合計量重視？,🍳⏱️,high,implicit,
2026-10-17,19:00,bodymake,threads,筋トレ,"結論、タンパク質は体重×1.2gで十分だと思っている。厳密に計算するより「今日どれだけ実行できたか」の方が重要。
続けやすさの基準は①朝に卵か納豆を1品追加②間食を加工食品からゆで卵やヨーグルトに変える③体重は2週間単位で見る、の3つだけ。
量より継続、どっちを優先してる？",🥚💪,high,implicit,
2026-10-17,21:00,bodymake,threads,筋トレ,"筋トレより睡眠を優先する、が私の結論。追い込んだ日ほど回復が遅れている人を見ていると、そう感じる。
チェックしたいのは①就寝1時間前はスマホを置く②筋トレは就寝3時間前までに終える③入浴で深部体温を上げすぎない、の3つだけ。
あなたは何時間睡眠を目標にしてる？",😴🛏️,high,implicit,
2026-10-17,07:00,education,threads,教育,"結論、子どもの『できない』への返しは、否定せず現在地を示す一言に変えるだけで反応が変わると感じています。
私が意識しているのは3段階の言い換えです。
・否定しない→「まだ途中だね」
・現在地を示す→「ここまではできてるね」
・次に繋げる→「次はここをやってみようか」
この順番を守るだけで表情が変わることがあります。
みなさんが使っている言い換え、コメントで教えてください。",📌,high,implicit,
2026-10-17,12:00,education,threads,教育,"結論、子どもの「できない」への返しは具体性一択だと思っています。
・「まだできてないだけ」→現在地の言い換え
・「ここまでできてるね」→進捗の可視化
・「一緒に考えてみようか」→伴走宣言
保存版チェックリストとして使ってみてください。他に使っている言い換え、あれば教えてください。",📌✏️,high,implicit,
2026-10-17,19:00,education,threads,教育,"結論、子どもの「できない」への返しは、行動を主語にすると変わると思う。
私は「あなたはできない」ではなく「このやり方がまだ合ってないだけ」と伝える派です。
・成果より途中経過を認める
・他の子と比較しない基準を先に決めておく
・次の一歩だけを具体的に提案する
保存版のつもりで書きました。皆さんが実際に使ってる言い換え、どんなのがありますか？",📝,high,implicit,
2026-10-17,21:00,education,threads,教育,"結論、ロボット教室とプログラミング教室は「入り口」で選べば失敗しにくいと思う。
私は、手を動かすのが好きな子にはロボット、画面の中で完結させたい子にはプログラミングを勧める派です。
判断の目安：
・工作や分解が好き→ロボット系
・ゲームや動画を作りたい→プログラミング系
・両方好きそう→まずは両方の体験だけ受けてみる
どちらのタイプか、迷ってる人はお子さんの普段の遊び方どっちに近いですか？",🤖,high,implicit,
2026-10-17,07:00,setsuyaku,threads,節約,"結論、ふるさと納税は9月中に済ませておくべき派です。

2026年10月から返礼品の地場産品基準が厳格化され、家電や域外加工の食品などが対象から外れる可能性があるとされています。欲しい返礼品が決まっている人ほど先延ばしは損になりやすいです。

寄付前にチェックしたい3点↓
✅ 欲しい返礼品が『地場産品基準厳格化』の対象カテゴリか確認
✅ 上限額シミュレーターで控除枠を再確認
✅ 決済方法（クレカ・キャッシュレス）でポイント上乗せがあるか比較

制度が変わるたびに『前のルールのまま』損している人、意外と多い印象です。
みなさんは今年、もう寄付済みですか？",🍤✅,high,implicit,
2026-10-17,12:00,setsuyaku,threads,節約,"結論、固定費の見直しは『通信費→保険→サブスク』の順でやるのが効率いい派です。

理由はシンプルで、通信費は一度見直せば手間なく効果が数年続くから。保険やサブスクは見直しに時間がかかる割にリターンが小さいことが多いです。

見直し前のミニチェックリスト↓
✅ 直近3ヶ月の携帯代の平均額を出す
✅ 使っていないサブスクを1つでも洗い出す
✅ 保険は『同じ保障で安いプランがないか』だけ確認

完璧を目指すと疲れて続かないので、まず1項目だけでいいと思っています。
みなさんが最初に手をつけるならどれですか？",📱💡,medium,implicit,
2026-10-17,19:00,setsuyaku,threads,節約,"結論、固定費は「通信→保険→サブスク」の順で見直すのが一番効率がいいと思っている。

理由は単純で、この3つは一度見直せば毎月ずっと効果が続くから。

見直す時に自分がチェックしてる基準はこの3つだけ。
①使ってる機能を実際に使っているか
②同条件でもっと安いプランがあるか
③解約・変更の手間が数千円以上の価値に見合うか

節約系の発信をしてると「頑張って我慢する」系のアドバイスが多いけど、個人的には我慢より仕組みを変える方がラクだし続くと感じてる。

みんなは固定費、どこから手をつけた？",💡📱,high,implicit,
2026-10-17,21:00,setsuyaku,threads,節約,"ふるさと納税、毎年12月に慌てて申し込む人が多いけど、私は「夏〜秋のうちに上限額だけ計算しておく派」。

理由は、年末は返礼品の人気商品が売り切れやすいから。

上限額を計算する時に見てる項目はこれだけ。
・今年の給与収入（見込みでOK）
・扶養家族の人数
・他の控除（iDeCoやふるさと納税以外の寄付）の有無

この3つが分かれば、シミュレーターでだいたいの上限は出せる。

毎年ギリギリで焦る人、意外と多くない？",🍅📝,medium,implicit,
2026-10-17,07:00,tenshoku,threads,転職,"求人サイトの倍率が高くても、現場の実感は「買い手市場」という人が6割超えてるらしい。
私はこのギャップこそが転職活動の落とし穴だと思ってる。

『本当に人が足りてる会社』を見極める基準はこの3つ。
・面接官が2回以上変わる＝選考が慎重＝実は余裕がある可能性
・スカウトの文面が定型文か個別かで温度感が分かる
・求人票の「即日入社歓迎」は逆に警戒したほうがいい

数字だけで判断すると痛い目を見る。

このギャップ、実際に感じたことある人いる？",🔍📊,high,implicit,
2026-10-17,12:00,tenshoku,threads,転職,"私は「転職エージェント3社登録」派です。理由は単純で、求人の出方が会社によって全然違うから。
1社だけだと紹介される求人の数も業界の偏りも大きい、という声はよく聞きます。

登録前に見るべきチェックリストはこの3つ。
・得意業界（IT/メーカーなど）が自分と合っているか
・担当者の初回提案までのスピード
・面談の日程調整のしやすさ

これだけで「合わないエージェント」に時間を溶かすリスクはかなり減らせます。

みなさんは何社登録していますか？",📋,high,none,
2026-10-17,19:00,tenshoku,threads,転職,"結論、面接での退職理由は「ポジティブ変換一択」だと思っている。
「人間関係が嫌だった」ではなく「よりチームで成果を出せる環境を求めた」に言い換えるだけで、面接官の受け取り方は変わる、という声は多い。

言い換えの基準はシンプル。
・ネガティブワードを削る
・未来志向の言葉に変える
・具体的な行動やスキルにつなげる

これを意識するだけで、同じ経歴でも印象は大きく変わるはず。

みんなはどう言い換えてる？",💬,medium,implicit,
2026-10-17,21:00,tenshoku,threads,転職,"転職エージェントは1社より3社使う方が良いと思う。理由は求人の偏りと担当者の当たり外れをなくすため。
比較するときに見てるポイントはこの4つ。
・提案してくる求人の幅
・年収交渉の実績
・担当者の業界理解度
・面接後のフィードバックの速さ
1社だけだと『その担当者の得意分野』しか見えてこない。みなさんは何社くらい使ってますか？",📝✅,high,none,
2026-10-17,07:00,pet,threads,ペット,"結論、犬の留守番対策は""環境""より""合図の習慣化""で決まると考えている。
チェックリスト
・出る前と帰宅後の声かけを毎回同じ言葉にする
・退屈対策グッズは3日おきに入れ替える
・室温と換気は数値で管理し感覚に頼らない
この3点を意識するだけで留守番中の様子が変わったという報告は多い。あなたの家ではどれを優先している？",🐕📝,high,none,
2026-10-17,12:00,pet,threads,ペット,"猫の1日の飲水量は体重1kgあたり50mlが目安とされている。私はこの数字を下回った日は要注意ラインだと考える派。
判断基準
・器の水は最低1日1回入れ替える
・複数の器を離れた場所に置く
・冬場は基準値を下回りやすいので温度も確認する
数字で管理すると変化に気づきやすいという声が多い。普段、水分量はどう確認してる？",🐈💧,high,none,
2026-10-17,19:00,pet,threads,ペット,犬が『ご褒美用おやつ』の匂いを嗅いだ瞬間に真顔になる瞬間、あれは表情筋より『間』で感情を伝えている証拠だと思う。結論、指示を出す前に3秒待つだけで反応がはっきり変わることが多い。急かすより『待たせる』方が実は伝わりやすいという観察、共感する飼い主さん多い印象。みなさんの子は何秒くらい待てますか？,🐶⏱️,medium,implicit,
2026-10-17,21:00,pet,threads,ペット,35℃の日、アスファルト表面温度は60℃近くまで上がることがある。結論、日中の散歩は避けて『朝5時台』か『夜9時以降』の二択でいいと思う。チェックすべきは3つだけ。①手の甲を5秒地面につけて熱くないか②肉球の色や歩き方に違和感がないか③水分補給用のボトルを常に携帯しているか。この3つを守るだけで熱中症リスクはかなり下げられる印象。みなさんは散歩の時間、いつにずらしてますか？,🌡️🐾,high,implicit,
2026-10-17,07:00,sleep,threads,睡眠,"結論、夜中に何度も目が覚めるなら“質問”より先に“室温”を疑ったほうがいいと思う。
チェックリスト
・寝室が27℃以下か
・除湿は40〜60%目安になっているか
・扇風機の風が体に直接当たっていないか
一つでも当てはまらないなら、まずそこから見直すのが近道。今の時期、何度目が覚める？",🌙💦,high,implicit,
2026-10-17,12:00,sleep,threads,睡眠,"結論、お盆休みで夜型になった人は、今が一番戻しにくい時期だと思う。
観察していると崩れがちなのはこの2パターン
・起床時間だけ元に戻して就寝時間はそのまま
・寝る前のスマホ時間だけ伸びたまま
休み明け、みんなはどう立て直してる？",🌅📱,medium,implicit,
2026-10-17,19:00,sleep,threads,睡眠,入眠までの目安は10〜20分。30分以上かかる日が続くなら、寝具より先に環境を疑ったほうがいいというのが私の考え。チェックすべきは3つだけ。①寝る1時間前のスマホ②寝室の温度③寝る直前の入浴タイミング。今の暑い時期は①②の影響が特に大きいと感じている。あなたはこの3つのうち、どれが一番崩れやすい？,🌙💤,high,implicit,
2026-10-17,21:00,sleep,threads,睡眠,結論、寝苦しい夜に安眠グッズを増やすより先にやることがある。それは『室温を下げる』の一択だと思っている。手順はシンプル。①就寝1時間前にエアコンを26〜27℃設定②寝る直前の熱いシャワーはNG、ぬるめの湯船かシャワーのみ③掛け布団は接触冷感素材に変える。この3つを順番通りにやるだけで体感はかなり変わるという声をよく見かける。今夜、この中でどれから試せそう？,🌡️😴,high,implicit,
2026-10-18,07:00,konkatsu,threads,婚活,"婚活で一番もったいないのは、最初の「楽しみ」が数ヶ月で「条件確認」に変わることだと思う。私は、会話の中心が年収や実家の話ばかりになったら一度立ち止まる派。

■審査モードに入っているサイン3つ
・話題の中心が「年収・職種・実家・将来設計」に偏っている
・LINEの文面が事務連絡っぽくなっている
・会う前から次の候補を探し始めている

この3つに当てはまったら、条件より「一緒にいて楽か」を見直すタイミングかもしれない。
あなたはどんな瞬間に審査モードに気づく？",💍🔍,high,implicit,
2026-10-18,12:00,konkatsu,threads,婚活,"先週、電車で隣に座った2人の会話が最後まで敬語のままだったのを見かけた。私は、3回目のデート以降も敬語や距離感が変わらない相手とは、進展が鈍いことが多いと感じている。

■距離感が縮まっているかの判断基準
・下の名前や愛称で呼べているか
・沈黙があっても気まずくないか
・LINEの返信が短文でも成立しているか

条件よりも先にこの「距離感」を見たほうが、後の失敗が減る気がしている。
あなたは何回目のデートで距離感の変化を感じる？",🚃💬,medium,implicit,
2026-10-18,19:00,konkatsu,threads,婚活,"結論、婚活が長引く人の多くは「審査モード」に入り込んでいると感じる。条件確認から入るほど、相手も身構えて距離が縮まらない。

■審査モードに入っているサイン3つ
・初対面でいきなり年収/実家/将来設計を聞く
・沈黙が怖くて質問攻めになる
・LINEが「今度会いましょう」で止まり日程を詰めない

私は「面接官をやめた瞬間に、婚活は前に進む」派。条件を通過した先に好意があるのではなく、条件を忘れた瞬間に好意が生まれるものだと思う。

あなたは直近のデート、趣味の話に何分使えた？",💍🤔,high,implicit,
2026-10-18,21:00,konkatsu,threads,婚活,"結論、同棲の話し合いは「言葉が同じでも意味が違う」ことが多いと思う。

先日、地下鉄で隣になった20代後半くらいの2人の会話がふと耳に入った。「一緒に住もう」という同じ一言に対して、片方は現状維持のつもりで、もう片方は結婚への準備のつもりで話しているように聞こえた。

■同棲前にすり合わせておきたい3つ
・同棲のゴール（結婚時期）をいつまでに話すか
・生活費・家事の分担ルール
・将来の話題が出たときの反応を観察する

私は「同棲の意味は、言葉より態度で確認するべき」派。

あなたは同棲、通過点派？それとも結婚への準備派？",🏠💬,high,implicit,
2026-10-18,07:00,sidejob,threads,副業,"住民税の『20万円以下なら申告しなくていい』は、所得税だけの話。私は副業収入の金額に関わらず、住民税の申告はする派です。
確定申告のときにチェックしておきたいのはこの3点。
・確定申告書 第二表の『住民税に関する事項』欄
・徴収方法が『普通徴収』になっているか
・提出前に控えを1部残しておく
これだけで会社に知られる不安はかなり減らせます。
みなさんは毎年、どちらを選んでいますか？",🧾✅,high,none,
2026-10-18,12:00,sidejob,threads,副業,"副業アカウントが伸び悩む一番の原因は、発信テーマがブレていることだと思っています。私は『1テーマ1切り口』を徹底する派です。
見直すべきチェックはこの3つ。
・プロフィールで発信テーマが一言で伝わるか
・投稿ごとにテーマが変わっていないか
・手順や基準など保存したくなる実用情報が入っているか
これだけで反応の土台が変わることが多いです。
みなさんは発信テーマ、何で絞っていますか？",📌,medium,implicit,
2026-10-18,19:00,sidejob,threads,副業,"結論、副業は「単価の高さ」より「再現性」で選んでいい。
単価だけで案件を選ぶと、続かないケースが多い印象。
私が案件を判断する基準は次の5つ。
✅ 週5時間以内で完結するか
✅ マニュアル化できる作業か
✅ 単発でなく継続案件があるか
✅ クライアントとの連絡頻度が多すぎないか
✅ 身につくスキルが翌月以降も使い回せるか
この基準に当てはまらない案件は、単価が高くても長続きしにくいと感じています。
今やってる副業、この5つに何個当てはまりますか？",✅📝,high,implicit,
2026-10-18,21:00,sidejob,threads,副業,"体感で言うと、副業が続かない人の共通点は「毎日更新」をノルマにしていること。
逆に半年以上続けられている人ほど、最初から「週3日でいい」とハードルを下げている印象がある。
理由はシンプルで、一度更新が止まると再開のハードルが一気に上がるから。
私は投稿頻度より「破綻しない仕組み」を優先する派です。
毎日更新、まだ続けられていますか？",🗓️💭,medium,implicit,
2026-10-18,07:00,beauty,threads,美容,"肌がゆらいでいるサイン、私は3つだけ見れば十分だと思っている。
①いつもより赤みが出やすい
②化粧水がしみる
③皮膚科で「肌が薄い」と言われたことがある
どれか1つでも当てはまる人は、攻めのケア（レチノール・酸系）を毎日から週2〜3回に落として、保湿を厚めにするだけで印象が変わることが多いらしい。
攻めと守り、今どっちを優先してますか？",🌿✨,high,implicit,
2026-10-18,12:00,beauty,threads,美容,肌がゆらいでいるサインは、実は3つだけ覚えておけば十分だと思っている。①化粧水がしみる②いつもより赤みが出やすい③皮膚科で「乾燥・バリア機能が低下」と言われた。結論、1つでも当てはまったら攻めケア（レチノールや酸系）は週1〜2回まで落として、保湿を厚めにするだけで扱いやすくなる、という印象がある。今の時期、当てはまる人ってどのくらいいるんだろう？,🧴✋,high,implicit,
2026-10-18,19:00,beauty,threads,美容,"結論、スキンケアは「順番」より「温度」で変える方が肌に合うと思っている。
夏は化粧水を体温に近づけてから重ね付け、冬は乳液を早めに足して蒸発を防ぐイメージ。
チェックしたいのは①肌がつっぱる時間帯②メイクがヨレる場所③週末の肌荒れ頻度、の3つ。
1つでも当てはまったら、季節ごとに順番を見直すサインだと思う。
みんなは季節で使う順番、変えてる？",🧴☀️❄️,high,implicit,
2026-10-18,21:00,beauty,threads,美容,"レチノールは毎日より、週3〜4回+保湿多めの方が続けやすいと思っている。
肌がゆらいでいるサインは次の3つ。
①いつもより赤みが出やすい
②化粧水がしみる
③皮膚科で「乾燥・薄い」と言われたことがある
1つでも当てはまるなら、頻度を落として保湿を厚くするのも選択肢だと思う。
毎日派？休み休み派？コメントで教えて",🌙✨,high,implicit,
2026-10-18,07:00,bodymake,threads,筋トレ,"結論、筋トレの伸び悩みは「追い込み不足」より「寝不足」が原因なことが多いと感じている。
📝睡眠チェックリスト
□ 就寝1時間前はスマホを触らない
□ 就寝時刻を毎日そろえる
□ 起床後にタンパク質を摂る
□ 週2回は7時間以上眠る
ここで2つ以上×がついた人は、フォーム改善より先に睡眠を整える方が結果につながりやすい気がしている。
あなたは何個当てはまった？",😴📝💪,high,none,
2026-10-18,12:00,bodymake,threads,筋トレ,"私はタイミングより「1日の合計摂取量」を優先する派です。
体重×1.6g前後を目安に朝昼晩で分けて摂る方が、30分以内のゴールデンタイムを狙うより現実的に続けられると感じている。
📋今日から試せる分け方
・朝：卵or納豆
・昼：鶏むねor魚
・夜：プロテインor豆腐
厳密さより『今日も合計は届いた』の積み重ねが継続の鍵な気がしている。
あなたはタイミング派？合計量派？",🍳📋⏱️,high,none,
2026-10-18,19:00,bodymake,threads,筋トレ,"私は「準備の手間を先に減らす」派。
・前夜にジムバッグを玄関に置く
・着替えを枕元に用意する
・補給用のドリンクを冷蔵庫に常備する
この3つだけで、朝の重い腰がかなり軽くなったという声をよく見かける。
次の朝トレ、あなたは前夜に何を準備しておく？",🎒⏰,medium,implicit,
2026-10-18,21:00,bodymake,threads,筋トレ,結論、筋トレは週3〜4回に抑える派でいる。毎日追い込むより、部位ごとに48〜72時間の回復時間を空けたほうが、扱う重量が結果的に伸びやすいと感じている。曜日固定より「前回の筋肉痛が抜けたか」で次のトレ日を決める人が周りには多い印象。あなたは頻度、何回で回してる？,💪📅,high,implicit,
2026-10-18,07:00,education,threads,教育,"結論、宿題タイムは「机に向かう時間の長さ」より「始めるまでのハードルの低さ」を優先した方がうまくいくと感じている。
声かけで意識しているのは次の3つ。
①「10分だけやろう」と時間を区切る
②最初の1問だけ一緒に解く
③終わったら丸つけより先に「お疲れさま」を言う
完璧な計画より、始めやすさを優先する家庭の方が続いている印象がある。
あなたの家庭は、始める工夫と終わる工夫、どちらを重視していますか？",📝✏️,high,implicit,
2026-10-18,12:00,education,threads,教育,"私は「通知表の点数」より先に「本人が一番頑張ったと思う教科」を聞く派です。
点数だけを見ると、努力が結果に出なかった教科がどうしても目に入りにくい。
先に本人の実感を聞いてから点数を見ると、声のかけ方が変わってくる。
点数の話は、そのあとでいい。
みなさんは、点数と本人の実感、どちらを先に聞きますか？",🗣️📖,high,implicit,
2026-10-18,19:00,education,threads,教育,"通信制高校を調べると、オンラインと通学を両方持つところがあるらしい。

資料請求前に見ていた点は3つ。
・授業の受け方
・相談窓口の有無
・費用の内訳が資料で分かるか

進路の候補に、通信制は入っていますか？",📚,medium,implicit,
2026-10-18,21:00,education,threads,教育,"幼児教室と小学校受験の教室をいくつか調べると、「無料体験の予約」が入口のものがあるらしい。

体験の前に見ていた点は3つ。
・対象年齢が公開ページに書いてあるか
・体験が無料か
・受験対策の範囲がどこまでか

習い事の候補に、教室型は入っていますか？",📚,medium,implicit,
2026-10-18,07:00,setsuyaku,threads,節約,ふるさと納税、いまだに『返礼品ランキング』から選んでる人が多い気がする。私は先に控除上限額を計算してから探す派。手順はシンプルで、①年収から上限額を出す②米や洗剤など普段使いのカテゴリで探す③届く時期を分散させる、この3ステップだけ。年末に慌てて選ぶより今の時期に動いた方が選択肢が多い。今年もう申し込んだ人いる？,🍚📦,high,implicit,
2026-10-18,12:00,setsuyaku,threads,節約,先月のスーパー、去年と同じ買い物カゴなのに800円くらい高くなってた気がする。値上げの実感って数字にすると結構でかい。私は毎回レシートを前月分と見比べる派で、家計簿アプリより肌感覚が掴みやすいと思ってる。細かい値上げ、みんなはどの商品で一番感じてる？,🧾📈,high,implicit,
2026-10-18,19:00,setsuyaku,threads,節約,"月額3000円以上のスマホ代を払ってる人、結論そのままだと損してます。

私は「基本料＋事務手数料＋通話料」の総額でしか比較しない派です。

見るべきポイントは3つだけ。
① 直近3ヶ月の平均データ使用量（設定画面で確認）
② 通話は月何分か（かけ放題が必要か）
③ 契約時の事務手数料込みの実質月額

表面の月額だけ見て選ぶと、結局高くつくケースをよく見かけます。

みんなは乗り換えるとき、月額以外にどこ見て決めてます？",📱,high,implicit,
2026-10-18,21:00,setsuyaku,threads,節約,"ふるさと納税、12月にまとめてやる人が多いですが、私は「夏のうちに上限額だけ確認しておく」派です。

理由はシンプルで、年末は返礼品が品切れ・発送遅延になりやすいから。

やることは2つだけ。
① 今年の想定年収からざっくり上限額を計算
② 上限の8割くらいまでで一度申し込んでおく

『年末にまとめて選ぶ楽しさ』もわかるけど、選択肢が減ってから焦るより早めの方が結局お得だと感じます。

みなさんは毎年いつ頃やってますか？",🍅,medium,implicit,
2026-10-18,07:00,tenshoku,threads,転職,"転職理由を『人間関係』とそのまま面接で言う人は少ないと感じる。結論、本音と建前は最初から分けて整理しておいた方がいい。
・本音（自己分析用）：人間関係、給与、将来不安
・建前（面接用）：キャリアアップ、スキル活用
本音を隠すのではなく、面接用に翻訳しておくイメージ。みなさんは本音と建前、どう線引きしてますか？",🗣️🔍,high,implicit,
2026-10-18,12:00,tenshoku,threads,転職,"有効求人倍率1.18倍でも、書類選考の通過率は体感で下がっている。私は「応募数より一社ごとの準備の質」派。
最低限これだけは揃えてから出すべきだと思っている項目↓
・職務経歴書は求人票の文言に合わせて言い換える
・志望動機は「なぜこの会社か」まで踏み込む
・退職理由はネガティブ→前向きに変換して1行で言えるようにする
ここまでやって落ちるなら、応募先の相性の問題だと切り替えていい。
今の転職活動、数で勝負派？質で勝負派？",📝,high,implicit,
2026-10-18,19:00,tenshoku,threads,転職,"求職者の6割が「買い手市場」だと感じているのに、実際の有効求人倍率は高止まりしている。このギャップ、放置すると自己評価を下げすぎる原因になると思っている。
結論、求人数の多さと「自分に合う求人があるか」は別問題。
見るべきは求人票の数ではなく、応募先の中で自分の経験がそのまま活きる求人が何件あるかどうか。
数字に振り回されて動けなくなってる人、意外と多い気がする。",📊,medium,none,
2026-10-18,21:00,tenshoku,threads,転職,"年収600万円以上の人の約6割がSNS経由でスカウトを受けた経験があるらしい。
私はこの数字、思ったより低くないなと感じている。

プロフィールを整えるだけで声がかかる可能性があるなら、やらない理由がない。
最低限チェックしたいのはこの3つ。
☑ 職種・スキルが一目でわかる自己紹介文になっているか
☑ 実績は数字ベースで書けているか
☑ 発信内容に一貫性があるか

整っていない人ほど「見られている」意識が抜けている印象。

あなたのプロフィール、この3つ埋まってますか？",📈🧾,high,implicit,
2026-10-18,07:00,pet,threads,ペット,"うちの猫、掃除機をかけた日は決まって半日ふてくされてる。もう3年目だけど毎回同じ反応。

私は正直、掃除機のタイミングは猫の機嫌優先派。多少部屋が汚くても、猫が隠れて出てこない時間を作らない方が結果的にストレス少ないと思ってる。

音に敏感な子への対策、うちでやってるのは
・掃除機前におやつで別室に誘導
・掃除の直前に一声かける
・終わったらすぐ横に座って様子を見る

これくらいで様子見の時間は結構減った。

みんなの子は掃除機、平気なタイプ？それとも即逃走タイプ？",🐱🧹,high,implicit,
2026-10-18,12:00,pet,threads,ペット,"月の餌代、犬猫1匹あたり5,000〜8,000円が「普通」だと思ってる。これより極端に安い場合は原材料を一度見直した方がいいと感じる。

私はコスパより「原材料の最初の3つが何か」を優先派。安さだけで選んで体調を崩された経験があるので、そこは譲れないラインにしてる。

選ぶときにチェックしてる基準はこの3つ。
① 主原料が穀物メインじゃないか
② 添加物表記がシンプルか
③ 年齢・体重に合った粒サイズか

この基準にしてから、うちの子は毛艶と便の状態が安定した。

餌選び、みんなは価格重視？成分重視？",🐾🍖,medium,implicit,
2026-10-18,19:00,pet,threads,ペット,"結論、フード選びで一番見るべきは「原材料表示の順番」だと思っている。

最初の3つに肉・魚由来のタンパク源が入っているかで、だいたいの品質は判断できる。

保存版チェックリスト↓
□ 原材料の1〜3番目にタンパク源があるか
□ 添加物の種類が多すぎないか
□ 便の状態（硬さ・匂い）が切り替え後2週間で安定したか
□ 粒の大きさが顎の力に合っているか

毎回パッケージ裏を見返すのが面倒な人向けの基準です。

みなさんはフード選びで一番重視してる項目、何ですか？",🐾📋,high,implicit,
2026-10-18,21:00,pet,threads,ペット,"猫が急に飼い主の膝から降りて、少し離れた場所で丸くなるのは「嫌い」じゃなくて「安心してる証拠」だと思っている。

ベタベタ甘えるだけが愛情表現じゃなくて、視界に入る距離で寛いでいること自体が信頼のサインというのが私の見方。

同じ空間にいるのに触れ合わない時間、うちのコだけかと思ってたけど意外とあるあるらしい。

猫飼いのみなさん、この「つかず離れず」感じたことあります？",🐈,medium,none,
2026-10-18,07:00,sleep,threads,睡眠,"結論、入浴は寝る90分前が一番効果を感じやすいと思っています。私は「90分前入浴派」。理由は体温が下がり始めるタイミングと、入眠に向かう体内リズムが噛み合うから。
今日からできる3ステップ↓
①38〜40度で10〜15分浸かる
②上がったらすぐ靴下を脱ぐ
③照明を落として画面を見ない
これだけで寝つきが変わったという声、よく見かけます。あなたは何分前派ですか？",🛁🌙,high,implicit,
2026-10-18,12:00,sleep,threads,睡眠,"室温は18〜20度が睡眠の質に一番影響すると感じています。私は「寒め設定＋厚手ブランケット派」。エアコンをタイマーで切って朝方に室温が上がり、中途覚醒するという相談が地味に多いです。
チェックリスト↓
・就寝時は18〜20度に設定
・タイマーではなく朝までつけっぱなしが安定
・掛け布団は薄手を2枚で微調整
今の寝室、何度に設定してますか？",🌡️😴,high,implicit,
2026-10-18,19:00,sleep,threads,睡眠,"結論、夜中に何度も目が覚めるのは「気にしすぎ」より先に室温と光を疑ったほうがいい派です。
目安にしているチェックはこの3つ↓
①寝る1時間前は暖色照明に切り替えているか
②布団の中の温度が高すぎないか
③起床時刻を平日休日で大きくズラしていないか
どれか当てはまる人、地味に多いはず。あなたはどれが一番怪しいと思う？",🌙💤,high,implicit,
2026-10-18,21:00,sleep,threads,睡眠,"最近「夜中に3回以上目が覚める」という声をよく見かける。私はこれ、スマホより『布団の中で考え事をする時間』の影響のほうが大きいと思っている派です。
試している人が多い対策はシンプルで、
・寝る前に『明日やること』を紙に書き出す
・布団に入ったら考え事を一旦保留にする
これだけで中途覚醒が減ったという話をよく聞きます。同じタイプの人いる？",🛌📝,medium,implicit,
2026-10-19,07:00,konkatsu,threads,婚活,"結論、婚活で停滞する人の多くは「審査モード」に入りすぎていると感じる。
最初は『どんな人だろう』だったのに、気づけば年収・学歴・実家の話ばかり聞いていないだろうか。
私は、条件確認より先に『素の自分が出せる相手かどうか』を見る派。
■審査モードに入っているサイン
・沈黙が怖くて質問攻めになる
・LINEが用件だけのやり取りに変わる
・会うたびに品定めされている感覚が強くなる
一つでも当てはまったら、条件リストより会話の中身を見直した方がいいと思っている。
あなたは今、どちらのモードだと思う？",💍📝,high,implicit,
2026-10-19,12:00,konkatsu,threads,婚活,"初対面から3回目のデートまでずっと敬語のまま、というのは珍しいことではないと観察している。
私は『3回目で下の名前を呼べているか』を進展の分かれ目として見ている派。
■距離感が縮まっているかのチェック
・沈黙になっても気まずくならない
・LINEの文末に絵文字や砕けた言い回しが増える
・次の予定を相手から提案してくるようになる
逆にこれが3回目を過ぎても変わらない場合、関係は仮交際のまま止まりやすいと感じている。
あなたの婚活で、距離感が変わった瞬間はどんなタイミングだった？",📏💬,medium,implicit,
2026-10-19,19:00,konkatsu,threads,婚活,"結論、婚活で本気度を見るべきは「学歴」より「質問の数」だと思う。
先週、婚活パーティー会場のロビーで順番待ちをしていた2人の会話が耳に入った。
一方はプロフィールの年収や勤務先ばかり確認し、もう一方は相手の休日の過ごし方を3つも質問していた。
■本気度が高い人に共通する質問の傾向
・相手の「好きなもの」を聞いているか
・条件確認より過去のエピソードを聞いているか
・沈黙の後も会話を続けようとしているか
条件を聞く人より、好きなものを聞く人の方が、関係が進みやすいと感じている。
直近のデートで「質問攻めだったな」と感じた瞬間、ありましたか？",🤔📝,high,implicit,
2026-10-19,21:00,konkatsu,threads,婚活,"私は、婚活が停滞する一番の原因は「年収」より「審査モードが抜けないこと」だと思う。
最初はときめきで会っていたはずなのに、3回目あたりから急に条件確認モードに切り替わる人を何人も見てきた。
■審査モードに入っているサイン
・会話の8割が確認作業になっている
・相手の弱みより強みばかり探している
・楽しかった記憶より条件の一致率で判断している
審査を忘れられた瞬間からしか、関係は前に進まないと考えている。
最近のデートで、つい確認モードになってしまった瞬間はありましたか？",💭✅,high,implicit,
2026-10-19,07:00,sidejob,threads,副業,"結論、副業を選ぶ基準は「単価」より「再現性」だと思う。

高単価でも自分にしか売れないスキルは長続きしにくい。逆に単価が低くても、毎回同じ手順で数字が読める仕組みの方が結果的に続けやすいと感じる。

副業を選ぶ前に見るチェックリスト
・作業時間が毎回大きくブレないか
・自分が休んでも仕組みが回るか
・成果が数字で見える仕組みか

これに当てはまらない副業は、始める前に一度立ち止まった方がいいと思う。

みんなは副業選びで何を一番重視してる？",📝✅,high,implicit,
2026-10-19,12:00,sidejob,threads,副業,"丁寧に書きすぎた投稿ほど伸びない、というのは副業アカウントを見ていてよく感じること。

長文で背景から説明するより、3行で言い切る投稿の方が反応が良い印象がある。通勤時間にサッと読める分量に収まっているかどうかは、地味だけど大きな差になっている気がする。

短く言い切る投稿の型
・1行目で結論を言う
・2行目で理由をひとつだけ添える
・3行目で行動か問いで締める

丁寧に書きすぎて逆に反応が伸びなかった経験、心当たりある人いる？",✂️💭,medium,implicit,
2026-10-19,19:00,sidejob,threads,副業,"結論、初心者が最初に手を出すべき副業は「在庫を持たない系」だと考えています。
判断基準はシンプルに3つ。①初期費用1万円以下②即日撤退できる③スキマ時間で完結する。
この3条件を満たさない副業話は、契約前に一度立ち止まる価値があると思います。
あなたが今検討している副業、この基準に当てはまりますか？",📝✅,high,implicit,
2026-10-19,21:00,sidejob,threads,副業,"副業を始めて早期にやめる人に共通するのは、「完璧な準備」を先にやろうとする傾向だと感じています。
私は「まず小さく1件動いてから改善する」派です。
準備期間が長くなるほど、実行に踏み出す心理的ハードルが上がっていく現象、周りで見かけませんか？",💭🔍,medium,implicit,
2026-10-19,07:00,beauty,threads,美容,"結論、秋の乾燥対策は「化粧水の量」より「重ねる回数」がカギだと思う。
チェックしてほしいポイントは3つ。
①肌がつっぱる時間帯が朝か夜かで違うか
②メイクのヨレが増えたか
③使うアイテムを季節で変えているか
1つでも当てはまるなら、量を増やす前に重ねづけの回数を見直すのがおすすめ。
秋の乾燥、対策変えた人います？",🍂✨,high,implicit,
2026-10-19,12:00,beauty,threads,美容,"私は「毛穴パック」より「保湿の均一化」を優先する派。
乾燥した部分ほど皮脂が過剰に出て毛穴が目立ちやすくなると考えているから。
見直すポイントは2つだけ。
①Tゾーンと頬で化粧水の量を変えていないか
②夜だけ保湿して朝は省略していないか
この2つを直すだけで印象が変わったという声もよく見かける。
毛穴対策、今どうしてますか？",🔍✨,medium,implicit,
2026-10-19,19:00,beauty,threads,美容,"結論、毛穴とくすみは「隠す」より「土台から整える」ほうが長期的には楽だと思っている。
私の基準はシンプルで、①下地前に毛穴用の下地を一枚挟む②くすみは色ムラよりまず乾燥ケアを先にする③厚塗りで誤魔化す日は週1以下にする、の3つだけ。
特別な日だけ気合いを入れるより、日常の延長で整えるほうが結局続く気がしている。
あなたは「隠す派」「土台から整える派」どっち？",🧴✨,medium,implicit,
2026-10-19,21:00,beauty,threads,美容,"はっきり言うと、肌だけ頑張っても髪がパサついていると顔全体の印象がくすんで見えると思っている。
私が意識しているのは、①乾かす前にオイルを一滴つける②アイロン前も同じ工程を挟む③ディープトリートメントは週1回だけ、の3ステップだけ。
肌の透明感を仕込む前に髪のツヤを仕込んだほうが、写真の伸びが早い気がしている。
今、肌ケアと髪ケア、時間をかけているのはどっち？",💇‍♀️✨,medium,implicit,
2026-10-19,07:00,bodymake,threads,筋トレ,結論、筋トレの継続力は「準備の手間を何分削れるか」で9割決まると思っている。続けられている人に共通して見えるのは①ウェアを前夜に出す②ジムバッグを玄関に置く③行った日だけカレンダーに丸をつける、の3つだけ。根性で乗り切るより仕組みを変える方が再現性が高い気がしている。あなたが取り入れてる『続く仕組み』、ひとつだけ教えて？,🗓️✅,medium,implicit,
2026-10-19,12:00,bodymake,threads,筋トレ,"結論、筋トレが続くかどうかは「最初の2週間の頻度設計」でほぼ決まると思っている。理由はシンプルで、習慣が固まる前に高頻度・高強度にすると、心身の負荷でやめやすくなるから。
続けやすい人に共通する初期設計はこの3つ。
・週2〜3回からスタートする
・同じ部位を連続で追い込まない
・「休む日」を先にカレンダーへ入れておく
この3つを外している人ほど、3週間以内に離脱しやすい印象がある。あなたは最初の2週間、どんな頻度で始めた（始める予定）？",📅💪,high,implicit,
2026-10-19,19:00,bodymake,threads,筋トレ,"「筋肉痛が出ないと効いていない」というのは半分間違いだと思っている。筋肉痛はダメージの指標であって、成長そのものの指標ではないからだ。
実際、扱う重量や回数の推移が右肩上がりなら、筋肉痛がなくても筋力・筋量は伸びているケースがある。
成長判断に使えるチェックポイントはこの3つ。
・同じ種目の重量が3週間前より伸びているか
・同じ重量でのフォームが安定してきたか
・翌日の「動ける感覚」を疲労感より重視できているか
この3つを記録し始めると、筋肉痛の有無に一喜一憂しなくなる気がしている。あなたは何を基準に伸びを判断してる？",📊🔥,high,implicit,
2026-10-19,21:00,bodymake,threads,筋トレ,"停滞期に入ったとき、種目を増やす前に見直されがちなポイントをメモ。
① 睡眠時間が最近削れていないか
② 同じ重量・回数が何週も続いていないか
③ 体重の変化に対して食事量が合っているか
この3つから確認する、という考え方があるらしい。
みんなは停滞期、まず何から見直す？
📝",📝,high,implicit,
2026-10-19,07:00,education,threads,教育,"夏休みの自由研究、テーマ決めから仕上げまで親がかなり伴走する家庭と、子どもにほぼ任せて見守るだけの家庭がある。完成度を重視するか、試行錯誤の過程を重視するかで自然と分かれるポイント。
あなたの家庭は伴走派？見守り派？",☀️,high,implicit,
2026-10-19,12:00,education,threads,教育,"子どもの「朝の準備」、声かけする派としない派で家庭の空気がだいぶ変わる。
毎朝リマインドして一緒に進める家庭もあれば、失敗も経験のうちと見守る家庭も。
どちらも『自分でできるようになってほしい』という気持ちは同じだけど、やり方は真逆になりがち。
あなたの家はどちら派ですか？",🕗,high,implicit,
2026-10-19,19:00,education,threads,教育,"小学生の「音読カード」、地味だけど見落としがちなポイント3つ。
①同じページを繰り返す日があっても問題なし、むしろ定着のサイン
②サインする欄は『聞いた時間帯』も一言添えると先生に伝わりやすい
③声の大きさより『区切って読めているか』の方がチェックポイントとして有効
保存しておくと役立つかもしれません。",📖,medium,implicit,
2026-10-19,21:00,education,threads,教育,"結論、宿題は低学年のうちは隣について見る派です。
理由はシンプルで、伴走ありのほうが「わからない」をその場で解消できるから。
うちで目安にしている切り替えラインはこの3つ。
①漢字の書き取りは3年生から一人でOK
②文章題は「式だけ一緒→計算は一人」に移行
③丸つけは学年関係なく一緒にやる
みなさんの家庭の切り替えラインはいつ頃でしたか？",📐📝,high,implicit,
2026-10-19,07:00,setsuyaku,threads,節約,"月の固定費が3万円台に収まるかどうかで、貯金体質は9割決まると思っている。私は結論、食費を削るより先に固定費を見直すべき派です。
見直す優先順位は①通信費②サブスク③保険④電気ガスの順が効率的。
チェックリスト
・スマホ代が月5000円を超えていないか
・使っていないサブスクが3つ以上ないか
・保険に『なんとなく』で入っていないか
固定費、最後に見直したのいつですか？",💰📝,high,implicit,
2026-10-19,12:00,setsuyaku,threads,節約,"食費を切り詰めるより、惰性で払っている固定費を削る方が続けやすいと思う。私はここ数年、食費より先に契約系の見直しから手をつける派です。
節約が続かない人に共通するのは、我慢を積み重ねて疲れてしまうこと。一度手続きすれば自動的に減る仕組みの方が挫折しにくい。
変動費と固定費、みなさんはどっちから見直しましたか？",🧾💡,medium,implicit,
2026-10-19,19:00,setsuyaku,threads,節約,"結論、節約はまず固定費から。食費を削るのは一番最後でいい。
通信費・サブスク・保険の3つは、一度見直せば効果がずっと続くのが強み。
手順はシンプル↓
1) 契約中のサブスクを全部書き出す
2) 直近1ヶ月使っていないものを解約
3) 保険の保障内容が重複していないか確認
食費や外食を我慢するより、心理的なストレスが少ないのが固定費見直しの良いところ。
みんなは固定費、最後に見直したのいつ？",🏠📝,high,implicit,
2026-10-19,21:00,setsuyaku,threads,節約,"結論、節約で家庭がギスギスするのは『我慢の分担』がズレてるだけだと思う。
サブスクは放置なのに子どものおやつだけ削られる、みたいな家庭は意外と多い。
削る前にやっておきたいこと↓
・家族それぞれの『削れそうなもの』を出し合う
・一人にだけ我慢を集中させない
・小さな楽しみは最後まで残す
節約は根性より仕組みで続ける方が長持ちする気がしている。
うちはこうしてる、という工夫があれば教えてほしい。",👨‍👩‍👧🍰,medium,implicit,
2026-10-19,07:00,tenshoku,threads,転職,"転職活動で後悔するのは「情報収集を怠ったこと」より「決断を先延ばしにしたこと」だと私は思う。
情報はいくら集めても、決める基準がないと堂々巡りになる。

私が決断前に確認している基準はこの4つ。
① 給与は現状維持以上か
② 裁量権は増えるか減るか
③ 通勤・働き方の負荷は許容範囲か
④ 1年後にスキルとして残るものがあるか

全部満たさなくてもいいけど、2つ以下ならまだ動くタイミングじゃない気がしている。

この基準、あなたなら何を足しますか？",🧭✅,high,none,
2026-10-19,12:00,tenshoku,threads,転職,"第二新卒・既卒向けの転職支援をいくつか調べて、入口が「無料カウンセリング」のものと「登録だけ」のものに分かれる印象があった。

比較するときに見ていたのは3つ。
・初回が面談か、登録完了か
・条件の棚卸しが先か、求人提示が先か
・入社後の記述があるか

今の自分は、情報収集と応募のどちらが先だと思いますか？",🗂️,medium,implicit,
2026-10-19,19:00,tenshoku,threads,転職,"20代の転職記事を読んでいると、「職務経歴書の添削」や「模擬面接」まで書く支援と、求人紹介が中心の支援が混在している。

整理した観点:
1. 支援の範囲が公開ページに書いてあるか
2. 対象（第二新卒／既卒／フリーター）が自分と重なるか
3. 無料の範囲がどこまでか

あなたが先に確認したいのは、支援の中身と対象、どちらですか？",📝,medium,implicit,
2026-10-19,21:00,tenshoku,threads,転職,"20〜30代向けの転職エージェントをいくつか調べると、「成長企業」と書くところと「求人数」と書くところに分かれる印象があった。

比較するときに見ていたのは3つ。
・対象年齢が公開ページに書いてあるか
・入口が登録か、面談か
・無料の範囲がどこまでか

今の自分は、情報収集と応募のどちらが先だと思いますか？",🗂️,medium,implicit,
2026-10-19,07:00,pet,threads,ペット,"結論、初心者ほど多頭飼いより先に「通院費の備え」を整えるべきだと思う。保険の有無で、通院するかどうかの判断が変わる場面をよく見かける。

【通院前チェック】
・年1回の健康診断予定はあるか
・通院費の上限額を決めているか
・持病の有無を把握しているか

これだけで「まさかの通院」への心構えがかなり変わる、というのが個人的な結論。みなさんは通院費の目安、決めていますか？",🐾🏥,medium,none,
2026-10-19,12:00,pet,threads,ペット,"うちの子が季節の変わり目にフードを残す——これ、あるあるだと思う。結論、フードを変える前にまず「量」を見直すのが先。

【原因を絞る3チェック】
1) 体重の増減
2) おやつの量
3) 運動量の変化

これで大体の原因は絞れる、というのが観察してきた実感。みなさんの子は食欲の波、どう対策してますか？",🐶🍚,medium,none,
2026-10-19,19:00,pet,threads,ペット,"ドッグフードのパッケージ、私は上位3つの原材料しか見ていません。それで十分と思う派です。
選ぶときに確認しているポイントはこの3つです。
・主原料が肉や魚など動物性たんぱくか
・添加物表記が少ないか
・年齢や体重に合わせたカロリー設計になっているか
細かい成分表より、この3点で十分な差が出ると感じています。
みなさんはフード選びで最初にどこを見ますか？",🍖🐾,high,implicit,
2026-10-19,21:00,pet,threads,ペット,"保護犬を勧めるかどうか、私は「飼い主の経験値次第」で分ける派です。
初めて犬を迎える人には、まず性格や病歴が把握しやすいブリーダーや里親会経由の子をすすめることが多いです。反対に、一度でも犬と暮らした経験がある人には、保護犬の相性の良さを伝えることが多いです。
どちらが正しいという話ではなく、経験値によって向き不向きがあると感じています。
みなさんは保護犬派・ブリーダー派、どちらですか？その理由も聞いてみたいです。",🐕💭,high,implicit,
2026-10-19,07:00,sleep,threads,睡眠,"結論、寝る前90分のスマホ断ちが一番コスパの良い睡眠改善策だと思う。

私は『デジタル門限』と呼んで人に勧めている。

やることはシンプル：
・22:30以降は通知オフ
・照明は暖色系に切り替え
・ベッドでは本かストレッチのみ

これだけで『布団に入ってからのスマホ時間』が減り、入眠までの体感時間が短くなったという声が多い。

みんなは寝る前、何時にスマホを手放してる？",📱🌙,high,implicit,
2026-10-19,12:00,sleep,threads,睡眠,"夜中に『明日ちゃんと起きられるかな』と不安になって、逆に目が冴えた経験がある人は多いはず。

私はこの手の不安は『予定への責任感の裏返し』だと思っている。だから無理に寝ようとせず、一度アラームを2つ確認するだけで安心して眠れることが多い。

完璧に寝ようとするより、『最低限起きられる保険』を作る方が結果的に眠りやすい派です。

みんなは寝る前、そういう不安どう対処してる？",⏰😌,high,none,
2026-10-19,19:00,sleep,threads,睡眠,"結論、寝る1時間前のスマホは「明るさ」より「情報量」が問題だと思ってる。
脳が“処理待ちの情報”を抱えたまま横になると、光を落としても入眠が長引く。
私が試して良かった基準は3つだけ。
①通知は音もバイブも切る
②SNSは開いても「見る専用」にしてコメントしない
③ベッドに入ったらスマホは手の届かない場所に置く
これだけで「あれこれ考えて寝れない」時間が減った人、他にもいる？",🌙📵,high,implicit,
2026-10-19,21:00,sleep,threads,睡眠,"深部体温は入浴後90分でストンと下がる。私はこの90分ルールを知ってから、入浴時間を「寝る直前」から「寝る1.5時間前」に変えた派。
体感で変わったのはここ。
・布団に入ってからの寝つきまでの体感時間が短くなった
・夜中に一度目が覚める回数が減った気がする
入浴のタイミングを変えるだけで体感が変わった経験、ある人いる？どのくらい前に入ってる？",🛁⏰,high,implicit,
2026-10-20,07:00,konkatsu,threads,婚活,"婚活中の人の話を聞いていると、プロフ写真で一番差が出るのは加工より表情だと感じる。
結論、自己紹介文の雰囲気と写真の表情が一致していないと不成立になりやすい気がする。
■見直しポイント
・自然光で撮っているか
・口角より目が笑っているか
・年齢に見合った雰囲気か
プロフ迷子、意外と多い印象。みんなは写真何枚使ってる？",👀,medium,implicit,
2026-10-20,12:00,konkatsu,threads,婚活,"婚活で一番もったいないのは、最初の「楽しみ」が数ヶ月で「条件確認」に変わることだと思う。私は、会話の中心が年収や実家の話ばかりになったら一度立ち止まる派。

■審査モードに入っているサイン3つ
・話題の中心が「年収・職種・実家・将来設計」に偏っている
・LINEの文面が事務連絡っぽくなっている
・会う前から次の候補を探し始めている

この3つに当てはまったら、条件より「一緒にいて楽か」を見直すタイミングかもしれない。
あなたはどんな瞬間に審査モードに気づく？",💍🔍,high,implicit,
2026-10-20,19:00,konkatsu,threads,婚活,"先週、電車で隣に座った2人の会話が最後まで敬語のままだったのを見かけた。私は、3回目のデート以降も敬語や距離感が変わらない相手とは、進展が鈍いことが多いと感じている。

■距離感が縮まっているかの判断基準
・下の名前や愛称で呼べているか
・沈黙があっても気まずくないか
・LINEの返信が短文でも成立しているか

条件よりも先にこの「距離感」を見たほうが、後の失敗が減る気がしている。
あなたは何回目のデートで距離感の変化を感じる？",🚃💬,medium,implicit,
2026-10-20,21:00,konkatsu,threads,婚活,"結論、婚活が長引く人の多くは「審査モード」に入り込んでいると感じる。条件確認から入るほど、相手も身構えて距離が縮まらない。

■審査モードに入っているサイン3つ
・初対面でいきなり年収/実家/将来設計を聞く
・沈黙が怖くて質問攻めになる
・LINEが「今度会いましょう」で止まり日程を詰めない

私は「面接官をやめた瞬間に、婚活は前に進む」派。条件を通過した先に好意があるのではなく、条件を忘れた瞬間に好意が生まれるものだと思う。

あなたは直近のデート、趣味の話に何分使えた？",💍🤔,high,implicit,
2026-10-20,07:00,sidejob,threads,副業,副業アプリを3つ以上掛け持ちしてる人、正直成果が分散して伸びにくいと感じる。私は「1つに集中→一定期間で反応が出なければ乗り換え」派です。乗り換えるかどうかの判断基準は3つ。①初月に実際に手を動かした時間 ②得られた反応・問い合わせ数 ③自分の得意分野との相性。増やす前に一度この3つで立ち止まってみてほしい。あなたは掛け持ち派？集中派？,📝✅,high,implicit,
2026-10-20,12:00,sidejob,threads,副業,在宅ワークの求人、応募者の多くが単価だけを見て選んでいる印象がある。私は「継続して依頼が来るかどうか」で選ぶべき派。単価が高くても更新されない案件は結局稼働ゼロになりやすい。見るべきポイントは①募集期間の長さ ②依頼主のレビュー数 ③初回対応の速さ、の3つ。単価と継続率、どちらを優先して選んでる？,🔍,medium,none,
2026-10-20,19:00,sidejob,threads,副業,"結論、副業初心者はまず「在庫を持たない」ジャンルから始めるべきだと思っています。
挑戦してすぐ挫折する人の共通点は、初期費用を先に使いすぎることです。
私が見てきた中で続きやすかった順番はこちら👇
①スキル販売（時間さえあれば元手0円）
②アフィリエイト（在庫ゼロ・発送ゼロ）
③物販（在庫リスクあり・最後に検討）
あなたが最初に選んだのはどのタイプでしたか？",👇,high,implicit,
2026-10-20,21:00,sidejob,threads,副業,"体感、副業が続かない人の8割は「毎日投稿」を目標にしすぎていると思っています。
私は質より先に「継続できる頻度」を決める派です。
挫折しやすい人によく見られる特徴はこちら👇
・初日から気合を入れすぎる
・反応がないとすぐやめる
・比較対象がいきなり月収100万円の人
まずは週2投稿を3ヶ月続けるほうが、結果的に早く積み上がります。
今の投稿頻度、少し無理していませんか？",👇,high,implicit,
2026-10-20,07:00,beauty,threads,美容,"「盛れるコスメ」より「自分に合う色」を選んだ方が結局盛れる、と最近よく思う。
私はパーツを強調するメイクより、肌なじみ優先の似合わせ盛り派。
セルフチェックは、①ファンデを頬と顎で色比べする②チークは骨格の一番高い位置に薄く③リップは唇の血色に近い色を選ぶ、の3つだけ。
パーツ盛りで浮いていた頃より、似合わせを意識してからの方が『変わったね』と言われる気がしている。
最近メイクで意識してること、ある？",💄🪞,medium,implicit,
2026-10-20,12:00,beauty,threads,美容,"結論、今話題の「再生系成分」は成分名で選ぶより、悩み別に使い分けるほうが失敗しにくいと感じています。
見ている基準は3つ→①乾燥か赤みかで系統を選ぶ②新成分は少量から試す③3週間は変化を様子見してから判断。
情報が多い時期ほど「基準を先に決める」ほうが近道だと思うのですが、みなさんは成分選びで何を一番重視していますか？",✅🧪,high,implicit,
2026-10-20,19:00,beauty,threads,美容,"私は「攻める美容医療級ケア」より「守る土台ケア」を先に固める派です。
季節の変化で肌がゆらぐという声は美容メディアでもよく指摘されています。
土台ケアの基準は3つ→①バリアを壊さない洗顔に一時切り替え②低刺激処方を選ぶ③肌が落ち着いてから攻めケアを再開。
今の時期、攻めと守りどちらを優先していますか？",🛡️🌿,high,implicit,
2026-10-20,21:00,beauty,threads,美容,"結論、乾燥小ジワ対策は「保湿の量」より「重ねるタイミング」だと思っている。
私がチェックしている基準は3つ。
①洗顔後1分以内に化粧水を1プッシュ
②乳液は手のひらで軽く温めてから伸ばす
③夜だけ保湿量を1.5倍にする
この3つのうち、1つでもやってないと乾燥が戻りやすい印象。
みなさんは重ねるタイミング、意識してますか？",🧴💧,high,implicit,
2026-10-20,07:00,bodymake,threads,筋トレ,体重×1.5gのタンパク質量、いきなり計算しなくていい。私が続けているのは「卵1個＋納豆1パック」を毎日の食事に固定で足すだけのルール。数字を追うより“いつもの食事に1品足す”方式の方が続く気がしている。今日の食事、あと何を足せそう？,🥚,medium,implicit,
2026-10-20,12:00,bodymake,threads,筋トレ,結論、忙しい日ほど「10分メニュー」でいいと思っている。私が実践しているのはスクワット10回・腕立て10回・プランク30秒の3つだけ。完璧な60分より、ゼロの日を作らないことの方が半年後の差になる気がしている。あなたが忙しい日に削るなら、種目？時間？それとも回数？,💪🏠,high,implicit,
2026-10-20,19:00,bodymake,threads,筋トレ,私は「タイミングより合計量」派。筋トレ後30分以内にこだわるより、朝・昼・夜でタンパク質を1品ずつ足す方が結局続く。目安は卵1個・納豆1パック・ヨーグルト1個をそれぞれ別の食事に足すだけ。細かい計算より『足す習慣』を先に作る方が挫折しにくいと感じている。みんなはタイミング重視？合計量重視？,🍳⏱️,high,implicit,
2026-10-20,21:00,bodymake,threads,筋トレ,"結論、タンパク質は体重×1.2gで十分だと思っている。厳密に計算するより「今日どれだけ実行できたか」の方が重要。
続けやすさの基準は①朝に卵か納豆を1品追加②間食を加工食品からゆで卵やヨーグルトに変える③体重は2週間単位で見る、の3つだけ。
量より継続、どっちを優先してる？",🥚💪,high,implicit,
2026-10-20,07:00,education,threads,教育,"結論、テストの点数は見せてもらう派です。
点数そのものより「どこで間違えたか」を一緒に確認する材料になると考えています。
我が家で決めているチェックポイントは3つ。
①70点以下は原因を一緒に探す
②90点以上は結果より過程を一言褒める
③点数の良し悪しでその日の機嫌を変えない
見せなくていい派のご家庭は、どんな基準でやる気を守っていますか？",📊✏️,high,implicit,
2026-10-20,12:00,education,threads,教育,"結論、家庭のご褒美設計は「プロセス評価8割・結果評価2割」がちょうどいいと感じている。
テストの点数だけを見ていると、点数が伸びない時期にやる気の土台まで崩れやすい。
・机に向かった時間
・声に出して読んだ回数
・分からない問題に粘った時間
このあたりを記録して、月末にまとめて結果と紐づけるくらいが現実的だと思う。
みなさんの家庭では、どちらの比重が大きいですか？",🎯📝,high,implicit,
2026-10-20,19:00,education,threads,教育,"結論、子どもの「できない」は「まだ」に言い換えるだけで行動が変わりやすいと感じている。
言い換えの基準はシンプルに3つ。
①結果ではなく直前の行動を言葉にする
②比較は「昨日の自分」に限定する
③できたことは具体的な数字で伝える（例：10分早く着席できた）
抽象的な励ましより、この方が次の一歩につながりやすい気がする。
他に効果を感じた言い換え、あれば教えてください。",📌✨,high,implicit,
2026-10-20,21:00,education,threads,教育,"結論、プログラミングはもう『習い事の選択肢』ではなく『受験科目の準備』だと私は見ています。
情報Ⅰが共通テストに入ってから、周囲の相談内容は「楽しく触れさせたい」から「間に合わせたい」に変わってきました。
判断基準はシンプルに2段階、
・中学までに触れて型に慣れる
・高校からは演習量を増やす
この順番で考えると迷いにくいです。
みなさんはいつから対策を意識し始めましたか？",📝,high,implicit,
2026-10-20,07:00,setsuyaku,threads,節約,"電気・ガス・水道の明細、先月分と見比べたことありますか？

同じ生活スタイルでも季節や使い方のクセで数百円〜千円単位の差が出ていることがあります。

私は「先月比」を見る習慣をつけてから、無駄遣いに気づきやすくなりました。

みなさんは光熱費、どのタイミングでチェックしていますか？",💡📊,medium,implicit,
2026-10-20,12:00,setsuyaku,threads,節約,サブスク、平均5個以上契約してる人が多いらしい。私は「年1回、全部書き出して先月の利用回数がゼロなら即解約」をルール化するのが一番効くと思う派。①契約中サービスを紙に書き出す②先月使った回数を書く③ゼロなら解約、これだけで固定費は減らせる。今月見直した人、何個解約できた？,📝,high,implicit,
2026-10-20,19:00,setsuyaku,threads,節約,節約って我慢することだと思われがちだけど、私は逆だと思う派。通信・保険・サブスクみたいな固定費を一度整えれば、あとは我慢ゼロで自動的に浮き続ける。逆に食費や外食を削る方法は継続コストが高くて挫折しやすい。あなたが最初に見直すなら、通信費・保険・サブスクのどれから手をつける？,💡,medium,implicit,
2026-10-20,21:00,setsuyaku,threads,節約,"結論、ふるさと納税は9月中に済ませておくべき派です。

2026年10月から返礼品の地場産品基準が厳格化され、家電や域外加工の食品などが対象から外れる可能性があるとされています。欲しい返礼品が決まっている人ほど先延ばしは損になりやすいです。

寄付前にチェックしたい3点↓
✅ 欲しい返礼品が『地場産品基準厳格化』の対象カテゴリか確認
✅ 上限額シミュレーターで控除枠を再確認
✅ 決済方法（クレカ・キャッシュレス）でポイント上乗せがあるか比較

制度が変わるたびに『前のルールのまま』損している人、意外と多い印象です。
みなさんは今年、もう寄付済みですか？",🍤✅,high,implicit,
2026-10-20,07:00,tenshoku,threads,転職,"採用側の視点として、書類選考で見られやすいポイントは「年齢」だけでなく「マネジメント経験の有無」や「新しく学んでいること」だとよく言われます。

特に最近はAIなど、業務外での学習をアピールする人が増えている印象です。

保存しておくと、職務経歴書を見直すときに役立つかもしれません📝",📝,high,implicit,
2026-10-20,12:00,tenshoku,threads,転職,"「石の上にも3年」って、まだ信じてますか？
最初の会社は我慢の場所だと思っていた人ほど、体調に変化が出てから初めて気づくことが多いようです。
続けることが正解とは限らない環境、意外と多いのかもしれません。
あなたの周りにも、そんな話ありますか？",🤔💭,high,implicit,
2026-10-20,19:00,tenshoku,threads,転職,"2026年、育児・介護休業法の改正で「小学校3年生まで時短勤務が可能」になった会社、実はまだ知られていません。
求人票だけでは分からない“制度の運用実態”こそ、会社選びで見落とされがちなポイントかもしれません。
面接で聞いてよかった質問、ある人は教えてください🙏",📋✨,high,implicit,
2026-10-20,21:00,tenshoku,threads,転職,"面接で落ちる人の多くは「逆質問」で損してると思う。
私はこれまで採用側・支援側の両方を見てきたけど、ここを軽視してる人が本当に多い。

チェックしてほしいのはこの3つ：
・給与や休暇の確認だけで終わっていないか
・入社後にどう貢献したいかを語れているか
・面接官の反応を見て一段深掘りできているか

どれか1つでも欠けると、印象は一気に薄くなる。

あなたは逆質問、何を準備してる？",📝✅,high,implicit,
2026-10-20,07:00,pet,threads,ペット,結論、ペットフード選びで見るべき基準は3つだけでいいと考えています。①原材料の1番目が肉・魚であること②着色料・香料が無添加であること③粒の大きさが顎の力に合っていること。それ以外の細かい成分表はあまり気にしなくていいというのが私の立場です。保存しておいて買い物のときに見返せる基準にしてもらえたら。あなたが一番重視しているポイントは①〜③のどれですか？,🐾📝,high,none,
2026-10-20,12:00,pet,threads,ペット,朝5時に起こしにくる猫は珍しくないと思っています。個人的には、これは甘えではなく「生活リズムの主張」だと捉えるのが一番しっくりきます。無理に直そうとするより、前日の夜ご飯の時間を30分後ろにずらすだけで改善したという声もよく聞きます。しつけの失敗ではなく、リズムの調整で解決できるケースが多い印象です。同じように早朝に起こされている人、どう対処してますか？,🐱⏰,medium,implicit,
2026-10-20,19:00,pet,threads,ペット,"結論、犬の留守番対策は""環境""より""合図の習慣化""で決まると考えている。
チェックリスト
・出る前と帰宅後の声かけを毎回同じ言葉にする
・退屈対策グッズは3日おきに入れ替える
・室温と換気は数値で管理し感覚に頼らない
この3点を意識するだけで留守番中の様子が変わったという報告は多い。あなたの家ではどれを優先している？",🐕📝,high,none,
2026-10-20,21:00,pet,threads,ペット,"猫の1日の飲水量は体重1kgあたり50mlが目安とされている。私はこの数字を下回った日は要注意ラインだと考える派。
判断基準
・器の水は最低1日1回入れ替える
・複数の器を離れた場所に置く
・冬場は基準値を下回りやすいので温度も確認する
数字で管理すると変化に気づきやすいという声が多い。普段、水分量はどう確認してる？",🐈💧,high,none,
2026-10-20,07:00,sleep,threads,睡眠,"結論、寝る90分前の入浴が一番コスパがいいと思う。
深部体温が下がるタイミングで入眠すると寝つきが変わる、というのを試してから朝の目覚めが軽くなった気がする。
チェックすべきは3つだけ。
①湯温38〜40度
②浸かる時間10〜15分
③入浴後は照明を落として画面を見ない
これだけで「寝つくまでの時間」が変わる人は多いはず。
みんなは入浴と寝つきの関係、意識してる？",🛁🌙,high,implicit,
2026-10-20,12:00,sleep,threads,睡眠,"私は「起床時間固定」派。就寝時間より起きる時間を揺らさない方が睡眠の質は安定すると感じている。
休日に寝坊すると月曜がしんどくなるのは、体内時計がズレるから。
目安にしてるのはこの3つ。
・平日と休日の起床差は1時間以内
・起きたらすぐ日光を浴びる
・二度寝は15分以内で切る
シンプルだけど効果を感じやすい基準だと思う。
起床時間、みんなはどのくらいブレてる？",⏰☀️,medium,implicit,
2026-10-20,19:00,sleep,threads,睡眠,"結論、夜中に何度も目が覚めるなら“質問”より先に“室温”を疑ったほうがいいと思う。
チェックリスト
・寝室が27℃以下か
・除湿は40〜60%目安になっているか
・扇風機の風が体に直接当たっていないか
一つでも当てはまらないなら、まずそこから見直すのが近道。今の時期、何度目が覚める？",🌙💦,high,implicit,
2026-10-20,21:00,sleep,threads,睡眠,"結論、お盆休みで夜型になった人は、今が一番戻しにくい時期だと思う。
観察していると崩れがちなのはこの2パターン
・起床時間だけ元に戻して就寝時間はそのまま
・寝る前のスマホ時間だけ伸びたまま
休み明け、みんなはどう立て直してる？",🌅📱,medium,implicit,
2026-10-21,07:00,konkatsu,threads,婚活,"結論、同棲の話し合いは「言葉が同じでも意味が違う」ことが多いと思う。

先日、地下鉄で隣になった20代後半くらいの2人の会話がふと耳に入った。「一緒に住もう」という同じ一言に対して、片方は現状維持のつもりで、もう片方は結婚への準備のつもりで話しているように聞こえた。

■同棲前にすり合わせておきたい3つ
・同棲のゴール（結婚時期）をいつまでに話すか
・生活費・家事の分担ルール
・将来の話題が出たときの反応を観察する

私は「同棲の意味は、言葉より態度で確認するべき」派。

あなたは同棲、通過点派？それとも結婚への準備派？",🏠💬,high,implicit,
2026-10-21,12:00,konkatsu,threads,婚活,"結論、婚活で停滞する人の多くは「審査モード」に入りすぎていると感じる。
最初は『どんな人だろう』だったのに、気づけば年収・学歴・実家の話ばかり聞いていないだろうか。
私は、条件確認より先に『素の自分が出せる相手かどうか』を見る派。
■審査モードに入っているサイン
・沈黙が怖くて質問攻めになる
・LINEが用件だけのやり取りに変わる
・会うたびに品定めされている感覚が強くなる
一つでも当てはまったら、条件リストより会話の中身を見直した方がいいと思っている。
あなたは今、どちらのモードだと思う？",💍📝,high,implicit,
2026-10-21,19:00,konkatsu,threads,婚活,"初対面から3回目のデートまでずっと敬語のまま、というのは珍しいことではないと観察している。
私は『3回目で下の名前を呼べているか』を進展の分かれ目として見ている派。
■距離感が縮まっているかのチェック
・沈黙になっても気まずくならない
・LINEの文末に絵文字や砕けた言い回しが増える
・次の予定を相手から提案してくるようになる
逆にこれが3回目を過ぎても変わらない場合、関係は仮交際のまま止まりやすいと感じている。
あなたの婚活で、距離感が変わった瞬間はどんなタイミングだった？",📏💬,medium,implicit,
2026-10-21,21:00,konkatsu,threads,婚活,"結論、婚活で本気度を見るべきは「学歴」より「質問の数」だと思う。
先週、婚活パーティー会場のロビーで順番待ちをしていた2人の会話が耳に入った。
一方はプロフィールの年収や勤務先ばかり確認し、もう一方は相手の休日の過ごし方を3つも質問していた。
■本気度が高い人に共通する質問の傾向
・相手の「好きなもの」を聞いているか
・条件確認より過去のエピソードを聞いているか
・沈黙の後も会話を続けようとしているか
条件を聞く人より、好きなものを聞く人の方が、関係が進みやすいと感じている。
直近のデートで「質問攻めだったな」と感じた瞬間、ありましたか？",🤔📝,high,implicit,
2026-10-21,07:00,sidejob,threads,副業,"住民税の『20万円以下なら申告しなくていい』は、所得税だけの話。私は副業収入の金額に関わらず、住民税の申告はする派です。
確定申告のときにチェックしておきたいのはこの3点。
・確定申告書 第二表の『住民税に関する事項』欄
・徴収方法が『普通徴収』になっているか
・提出前に控えを1部残しておく
これだけで会社に知られる不安はかなり減らせます。
みなさんは毎年、どちらを選んでいますか？",🧾✅,high,none,
2026-10-21,12:00,sidejob,threads,副業,"副業アカウントが伸び悩む一番の原因は、発信テーマがブレていることだと思っています。私は『1テーマ1切り口』を徹底する派です。
見直すべきチェックはこの3つ。
・プロフィールで発信テーマが一言で伝わるか
・投稿ごとにテーマが変わっていないか
・手順や基準など保存したくなる実用情報が入っているか
これだけで反応の土台が変わることが多いです。
みなさんは発信テーマ、何で絞っていますか？",📌,medium,implicit,
2026-10-21,19:00,sidejob,threads,副業,"結論、副業は「単価の高さ」より「再現性」で選んでいい。
単価だけで案件を選ぶと、続かないケースが多い印象。
私が案件を判断する基準は次の5つ。
✅ 週5時間以内で完結するか
✅ マニュアル化できる作業か
✅ 単発でなく継続案件があるか
✅ クライアントとの連絡頻度が多すぎないか
✅ 身につくスキルが翌月以降も使い回せるか
この基準に当てはまらない案件は、単価が高くても長続きしにくいと感じています。
今やってる副業、この5つに何個当てはまりますか？",✅📝,high,implicit,
2026-10-21,21:00,sidejob,threads,副業,"体感で言うと、副業が続かない人の共通点は「毎日更新」をノルマにしていること。
逆に半年以上続けられている人ほど、最初から「週3日でいい」とハードルを下げている印象がある。
理由はシンプルで、一度更新が止まると再開のハードルが一気に上がるから。
私は投稿頻度より「破綻しない仕組み」を優先する派です。
毎日更新、まだ続けられていますか？",🗓️💭,medium,implicit,
2026-10-21,07:00,beauty,threads,美容,"肌がゆらいでいるサイン、私は3つだけ見れば十分だと思っている。
①いつもより赤みが出やすい
②化粧水がしみる
③皮膚科で「肌が薄い」と言われたことがある
どれか1つでも当てはまる人は、攻めのケア（レチノール・酸系）を毎日から週2〜3回に落として、保湿を厚めにするだけで印象が変わることが多いらしい。
攻めと守り、今どっちを優先してますか？",🌿✨,high,implicit,
2026-10-21,12:00,beauty,threads,美容,肌がゆらいでいるサインは、実は3つだけ覚えておけば十分だと思っている。①化粧水がしみる②いつもより赤みが出やすい③皮膚科で「乾燥・バリア機能が低下」と言われた。結論、1つでも当てはまったら攻めケア（レチノールや酸系）は週1〜2回まで落として、保湿を厚めにするだけで扱いやすくなる、という印象がある。今の時期、当てはまる人ってどのくらいいるんだろう？,🧴✋,high,implicit,
2026-10-21,19:00,beauty,threads,美容,"結論、スキンケアは「順番」より「温度」で変える方が肌に合うと思っている。
夏は化粧水を体温に近づけてから重ね付け、冬は乳液を早めに足して蒸発を防ぐイメージ。
チェックしたいのは①肌がつっぱる時間帯②メイクがヨレる場所③週末の肌荒れ頻度、の3つ。
1つでも当てはまったら、季節ごとに順番を見直すサインだと思う。
みんなは季節で使う順番、変えてる？",🧴☀️❄️,high,implicit,
2026-10-21,21:00,beauty,threads,美容,"レチノールは毎日より、週3〜4回+保湿多めの方が続けやすいと思っている。
肌がゆらいでいるサインは次の3つ。
①いつもより赤みが出やすい
②化粧水がしみる
③皮膚科で「乾燥・薄い」と言われたことがある
1つでも当てはまるなら、頻度を落として保湿を厚くするのも選択肢だと思う。
毎日派？休み休み派？コメントで教えて",🌙✨,high,implicit,
2026-10-21,07:00,bodymake,threads,筋トレ,"筋トレより睡眠を優先する、が私の結論。追い込んだ日ほど回復が遅れている人を見ていると、そう感じる。
チェックしたいのは①就寝1時間前はスマホを置く②筋トレは就寝3時間前までに終える③入浴で深部体温を上げすぎない、の3つだけ。
あなたは何時間睡眠を目標にしてる？",😴🛏️,high,implicit,
2026-10-21,12:00,bodymake,threads,筋トレ,"結論、筋トレの伸び悩みは「追い込み不足」より「寝不足」が原因なことが多いと感じている。
📝睡眠チェックリスト
□ 就寝1時間前はスマホを触らない
□ 就寝時刻を毎日そろえる
□ 起床後にタンパク質を摂る
□ 週2回は7時間以上眠る
ここで2つ以上×がついた人は、フォーム改善より先に睡眠を整える方が結果につながりやすい気がしている。
あなたは何個当てはまった？",😴📝💪,high,none,
2026-10-21,19:00,bodymake,threads,筋トレ,"私はタイミングより「1日の合計摂取量」を優先する派です。
体重×1.6g前後を目安に朝昼晩で分けて摂る方が、30分以内のゴールデンタイムを狙うより現実的に続けられると感じている。
📋今日から試せる分け方
・朝：卵or納豆
・昼：鶏むねor魚
・夜：プロテインor豆腐
厳密さより『今日も合計は届いた』の積み重ねが継続の鍵な気がしている。
あなたはタイミング派？合計量派？",🍳📋⏱️,high,none,
2026-10-21,21:00,bodymake,threads,筋トレ,"私は「準備の手間を先に減らす」派。
・前夜にジムバッグを玄関に置く
・着替えを枕元に用意する
・補給用のドリンクを冷蔵庫に常備する
この3つだけで、朝の重い腰がかなり軽くなったという声をよく見かける。
次の朝トレ、あなたは前夜に何を準備しておく？",🎒⏰,medium,implicit,
2026-10-21,07:00,education,threads,教育,"結論、子どもの『できない』への返しは、否定せず現在地を示す一言に変えるだけで反応が変わると感じています。
私が意識しているのは3段階の言い換えです。
・否定しない→「まだ途中だね」
・現在地を示す→「ここまではできてるね」
・次に繋げる→「次はここをやってみようか」
この順番を守るだけで表情が変わることがあります。
みなさんが使っている言い換え、コメントで教えてください。",📌,high,implicit,
2026-10-21,12:00,education,threads,教育,"結論、子どもの「できない」への返しは具体性一択だと思っています。
・「まだできてないだけ」→現在地の言い換え
・「ここまでできてるね」→進捗の可視化
・「一緒に考えてみようか」→伴走宣言
保存版チェックリストとして使ってみてください。他に使っている言い換え、あれば教えてください。",📌✏️,high,implicit,
2026-10-21,19:00,education,threads,教育,"結論、子どもの「できない」への返しは、行動を主語にすると変わると思う。
私は「あなたはできない」ではなく「このやり方がまだ合ってないだけ」と伝える派です。
・成果より途中経過を認める
・他の子と比較しない基準を先に決めておく
・次の一歩だけを具体的に提案する
保存版のつもりで書きました。皆さんが実際に使ってる言い換え、どんなのがありますか？",📝,high,implicit,
2026-10-21,21:00,education,threads,教育,"結論、ロボット教室とプログラミング教室は「入り口」で選べば失敗しにくいと思う。
私は、手を動かすのが好きな子にはロボット、画面の中で完結させたい子にはプログラミングを勧める派です。
判断の目安：
・工作や分解が好き→ロボット系
・ゲームや動画を作りたい→プログラミング系
・両方好きそう→まずは両方の体験だけ受けてみる
どちらのタイプか、迷ってる人はお子さんの普段の遊び方どっちに近いですか？",🤖,high,implicit,
2026-10-21,07:00,setsuyaku,threads,節約,"結論、固定費の見直しは『通信費→保険→サブスク』の順でやるのが効率いい派です。

理由はシンプルで、通信費は一度見直せば手間なく効果が数年続くから。保険やサブスクは見直しに時間がかかる割にリターンが小さいことが多いです。

見直し前のミニチェックリスト↓
✅ 直近3ヶ月の携帯代の平均額を出す
✅ 使っていないサブスクを1つでも洗い出す
✅ 保険は『同じ保障で安いプランがないか』だけ確認

完璧を目指すと疲れて続かないので、まず1項目だけでいいと思っています。
みなさんが最初に手をつけるならどれですか？",📱💡,medium,implicit,
2026-10-21,12:00,setsuyaku,threads,節約,"結論、固定費は「通信→保険→サブスク」の順で見直すのが一番効率がいいと思っている。

理由は単純で、この3つは一度見直せば毎月ずっと効果が続くから。

見直す時に自分がチェックしてる基準はこの3つだけ。
①使ってる機能を実際に使っているか
②同条件でもっと安いプランがあるか
③解約・変更の手間が数千円以上の価値に見合うか

節約系の発信をしてると「頑張って我慢する」系のアドバイスが多いけど、個人的には我慢より仕組みを変える方がラクだし続くと感じてる。

みんなは固定費、どこから手をつけた？",💡📱,high,implicit,
2026-10-21,19:00,setsuyaku,threads,節約,"ふるさと納税、毎年12月に慌てて申し込む人が多いけど、私は「夏〜秋のうちに上限額だけ計算しておく派」。

理由は、年末は返礼品の人気商品が売り切れやすいから。

上限額を計算する時に見てる項目はこれだけ。
・今年の給与収入（見込みでOK）
・扶養家族の人数
・他の控除（iDeCoやふるさと納税以外の寄付）の有無

この3つが分かれば、シミュレーターでだいたいの上限は出せる。

毎年ギリギリで焦る人、意外と多くない？",🍅📝,medium,implicit,
2026-10-21,21:00,setsuyaku,threads,節約,ふるさと納税、いまだに『返礼品ランキング』から選んでる人が多い気がする。私は先に控除上限額を計算してから探す派。手順はシンプルで、①年収から上限額を出す②米や洗剤など普段使いのカテゴリで探す③届く時期を分散させる、この3ステップだけ。年末に慌てて選ぶより今の時期に動いた方が選択肢が多い。今年もう申し込んだ人いる？,🍚📦,high,implicit,
2026-10-21,07:00,tenshoku,threads,転職,"「今の会社が嫌」だけで転職活動を始めると、正直うまくいかないケースが多いと感じている。

私が見てきた中で、うまくいっている人には共通点があった。
・辞めたい理由より「叶えたい条件」を先に言語化している
・年収だけでなく働き方の優先順位が決まっている
・応募前の自己分析にちゃんと時間をかけている

逆に勢いだけで書類を出す人ほど、入社後にミスマッチを感じやすい印象がある。

今の転職理由、「逃げ」より「叶えたいこと」で言えてる？",💭🔍,high,implicit,
2026-10-21,12:00,tenshoku,threads,転職,"面接で給与交渉をしない人がまだ8割くらいいる気がする。
私は「交渉しない方がリスク」派。

交渉するタイミングの基準はこの3つだけ見てる。
①内定通知後、入社日確定前
②他社オファーがある場合は先に開示
③希望額は根拠（前職給与・市場相場）とセットで出す

これだけでも印象は悪くならないし、下がることはほぼない。

みんなは給与交渉、したことある派？しない派？",💬📈,high,implicit,
2026-10-21,19:00,tenshoku,threads,転職,"求人サイトの倍率が高くても、現場の実感は「買い手市場」という人が6割超えてるらしい。
私はこのギャップこそが転職活動の落とし穴だと思ってる。

『本当に人が足りてる会社』を見極める基準はこの3つ。
・面接官が2回以上変わる＝選考が慎重＝実は余裕がある可能性
・スカウトの文面が定型文か個別かで温度感が分かる
・求人票の「即日入社歓迎」は逆に警戒したほうがいい

数字だけで判断すると痛い目を見る。

このギャップ、実際に感じたことある人いる？",🔍📊,high,implicit,
2026-10-21,21:00,tenshoku,threads,転職,"私は「転職エージェント3社登録」派です。理由は単純で、求人の出方が会社によって全然違うから。
1社だけだと紹介される求人の数も業界の偏りも大きい、という声はよく聞きます。

登録前に見るべきチェックリストはこの3つ。
・得意業界（IT/メーカーなど）が自分と合っているか
・担当者の初回提案までのスピード
・面談の日程調整のしやすさ

これだけで「合わないエージェント」に時間を溶かすリスクはかなり減らせます。

みなさんは何社登録していますか？",📋,high,none,
2026-10-21,07:00,pet,threads,ペット,犬が『ご褒美用おやつ』の匂いを嗅いだ瞬間に真顔になる瞬間、あれは表情筋より『間』で感情を伝えている証拠だと思う。結論、指示を出す前に3秒待つだけで反応がはっきり変わることが多い。急かすより『待たせる』方が実は伝わりやすいという観察、共感する飼い主さん多い印象。みなさんの子は何秒くらい待てますか？,🐶⏱️,medium,implicit,
2026-10-21,12:00,pet,threads,ペット,35℃の日、アスファルト表面温度は60℃近くまで上がることがある。結論、日中の散歩は避けて『朝5時台』か『夜9時以降』の二択でいいと思う。チェックすべきは3つだけ。①手の甲を5秒地面につけて熱くないか②肉球の色や歩き方に違和感がないか③水分補給用のボトルを常に携帯しているか。この3つを守るだけで熱中症リスクはかなり下げられる印象。みなさんは散歩の時間、いつにずらしてますか？,🌡️🐾,high,implicit,
2026-10-21,19:00,pet,threads,ペット,"うちの猫、掃除機をかけた日は決まって半日ふてくされてる。もう3年目だけど毎回同じ反応。

私は正直、掃除機のタイミングは猫の機嫌優先派。多少部屋が汚くても、猫が隠れて出てこない時間を作らない方が結果的にストレス少ないと思ってる。

音に敏感な子への対策、うちでやってるのは
・掃除機前におやつで別室に誘導
・掃除の直前に一声かける
・終わったらすぐ横に座って様子を見る

これくらいで様子見の時間は結構減った。

みんなの子は掃除機、平気なタイプ？それとも即逃走タイプ？",🐱🧹,high,implicit,
2026-10-21,21:00,pet,threads,ペット,"月の餌代、犬猫1匹あたり5,000〜8,000円が「普通」だと思ってる。これより極端に安い場合は原材料を一度見直した方がいいと感じる。

私はコスパより「原材料の最初の3つが何か」を優先派。安さだけで選んで体調を崩された経験があるので、そこは譲れないラインにしてる。

選ぶときにチェックしてる基準はこの3つ。
① 主原料が穀物メインじゃないか
② 添加物表記がシンプルか
③ 年齢・体重に合った粒サイズか

この基準にしてから、うちの子は毛艶と便の状態が安定した。

餌選び、みんなは価格重視？成分重視？",🐾🍖,medium,implicit,
2026-10-21,07:00,sleep,threads,睡眠,入眠までの目安は10〜20分。30分以上かかる日が続くなら、寝具より先に環境を疑ったほうがいいというのが私の考え。チェックすべきは3つだけ。①寝る1時間前のスマホ②寝室の温度③寝る直前の入浴タイミング。今の暑い時期は①②の影響が特に大きいと感じている。あなたはこの3つのうち、どれが一番崩れやすい？,🌙💤,high,implicit,
2026-10-21,12:00,sleep,threads,睡眠,結論、寝苦しい夜に安眠グッズを増やすより先にやることがある。それは『室温を下げる』の一択だと思っている。手順はシンプル。①就寝1時間前にエアコンを26〜27℃設定②寝る直前の熱いシャワーはNG、ぬるめの湯船かシャワーのみ③掛け布団は接触冷感素材に変える。この3つを順番通りにやるだけで体感はかなり変わるという声をよく見かける。今夜、この中でどれから試せそう？,🌡️😴,high,implicit,
2026-10-21,19:00,sleep,threads,睡眠,"結論、入浴は寝る90分前が一番効果を感じやすいと思っています。私は「90分前入浴派」。理由は体温が下がり始めるタイミングと、入眠に向かう体内リズムが噛み合うから。
今日からできる3ステップ↓
①38〜40度で10〜15分浸かる
②上がったらすぐ靴下を脱ぐ
③照明を落として画面を見ない
これだけで寝つきが変わったという声、よく見かけます。あなたは何分前派ですか？",🛁🌙,high,implicit,
2026-10-21,21:00,sleep,threads,睡眠,"室温は18〜20度が睡眠の質に一番影響すると感じています。私は「寒め設定＋厚手ブランケット派」。エアコンをタイマーで切って朝方に室温が上がり、中途覚醒するという相談が地味に多いです。
チェックリスト↓
・就寝時は18〜20度に設定
・タイマーではなく朝までつけっぱなしが安定
・掛け布団は薄手を2枚で微調整
今の寝室、何度に設定してますか？",🌡️😴,high,implicit,
2026-10-22,07:00,konkatsu,threads,婚活,"私は、婚活が停滞する一番の原因は「年収」より「審査モードが抜けないこと」だと思う。
最初はときめきで会っていたはずなのに、3回目あたりから急に条件確認モードに切り替わる人を何人も見てきた。
■審査モードに入っているサイン
・会話の8割が確認作業になっている
・相手の弱みより強みばかり探している
・楽しかった記憶より条件の一致率で判断している
審査を忘れられた瞬間からしか、関係は前に進まないと考えている。
最近のデートで、つい確認モードになってしまった瞬間はありましたか？",💭✅,high,implicit,
2026-10-22,12:00,konkatsu,threads,婚活,"婚活中の人の話を聞いていると、プロフ写真で一番差が出るのは加工より表情だと感じる。
結論、自己紹介文の雰囲気と写真の表情が一致していないと不成立になりやすい気がする。
■見直しポイント
・自然光で撮っているか
・口角より目が笑っているか
・年齢に見合った雰囲気か
プロフ迷子、意外と多い印象。みんなは写真何枚使ってる？",👀,medium,implicit,
2026-10-22,19:00,konkatsu,threads,婚活,"婚活で一番もったいないのは、最初の「楽しみ」が数ヶ月で「条件確認」に変わることだと思う。私は、会話の中心が年収や実家の話ばかりになったら一度立ち止まる派。

■審査モードに入っているサイン3つ
・話題の中心が「年収・職種・実家・将来設計」に偏っている
・LINEの文面が事務連絡っぽくなっている
・会う前から次の候補を探し始めている

この3つに当てはまったら、条件より「一緒にいて楽か」を見直すタイミングかもしれない。
あなたはどんな瞬間に審査モードに気づく？",💍🔍,high,implicit,
2026-10-22,21:00,konkatsu,threads,婚活,"先週、電車で隣に座った2人の会話が最後まで敬語のままだったのを見かけた。私は、3回目のデート以降も敬語や距離感が変わらない相手とは、進展が鈍いことが多いと感じている。

■距離感が縮まっているかの判断基準
・下の名前や愛称で呼べているか
・沈黙があっても気まずくないか
・LINEの返信が短文でも成立しているか

条件よりも先にこの「距離感」を見たほうが、後の失敗が減る気がしている。
あなたは何回目のデートで距離感の変化を感じる？",🚃💬,medium,implicit,
2026-10-22,07:00,sidejob,threads,副業,"結論、副業を選ぶ基準は「単価」より「再現性」だと思う。

高単価でも自分にしか売れないスキルは長続きしにくい。逆に単価が低くても、毎回同じ手順で数字が読める仕組みの方が結果的に続けやすいと感じる。

副業を選ぶ前に見るチェックリスト
・作業時間が毎回大きくブレないか
・自分が休んでも仕組みが回るか
・成果が数字で見える仕組みか

これに当てはまらない副業は、始める前に一度立ち止まった方がいいと思う。

みんなは副業選びで何を一番重視してる？",📝✅,high,implicit,
2026-10-22,12:00,sidejob,threads,副業,"丁寧に書きすぎた投稿ほど伸びない、というのは副業アカウントを見ていてよく感じること。

長文で背景から説明するより、3行で言い切る投稿の方が反応が良い印象がある。通勤時間にサッと読める分量に収まっているかどうかは、地味だけど大きな差になっている気がする。

短く言い切る投稿の型
・1行目で結論を言う
・2行目で理由をひとつだけ添える
・3行目で行動か問いで締める

丁寧に書きすぎて逆に反応が伸びなかった経験、心当たりある人いる？",✂️💭,medium,implicit,
2026-10-22,19:00,sidejob,threads,副業,"結論、初心者が最初に手を出すべき副業は「在庫を持たない系」だと考えています。
判断基準はシンプルに3つ。①初期費用1万円以下②即日撤退できる③スキマ時間で完結する。
この3条件を満たさない副業話は、契約前に一度立ち止まる価値があると思います。
あなたが今検討している副業、この基準に当てはまりますか？",📝✅,high,implicit,
2026-10-22,21:00,sidejob,threads,副業,"副業を始めて早期にやめる人に共通するのは、「完璧な準備」を先にやろうとする傾向だと感じています。
私は「まず小さく1件動いてから改善する」派です。
準備期間が長くなるほど、実行に踏み出す心理的ハードルが上がっていく現象、周りで見かけませんか？",💭🔍,medium,implicit,
2026-10-22,07:00,beauty,threads,美容,"結論、秋の乾燥対策は「化粧水の量」より「重ねる回数」がカギだと思う。
チェックしてほしいポイントは3つ。
①肌がつっぱる時間帯が朝か夜かで違うか
②メイクのヨレが増えたか
③使うアイテムを季節で変えているか
1つでも当てはまるなら、量を増やす前に重ねづけの回数を見直すのがおすすめ。
秋の乾燥、対策変えた人います？",🍂✨,high,implicit,
2026-10-22,12:00,beauty,threads,美容,"私は「毛穴パック」より「保湿の均一化」を優先する派。
乾燥した部分ほど皮脂が過剰に出て毛穴が目立ちやすくなると考えているから。
見直すポイントは2つだけ。
①Tゾーンと頬で化粧水の量を変えていないか
②夜だけ保湿して朝は省略していないか
この2つを直すだけで印象が変わったという声もよく見かける。
毛穴対策、今どうしてますか？",🔍✨,medium,implicit,
2026-10-22,19:00,beauty,threads,美容,"結論、毛穴とくすみは「隠す」より「土台から整える」ほうが長期的には楽だと思っている。
私の基準はシンプルで、①下地前に毛穴用の下地を一枚挟む②くすみは色ムラよりまず乾燥ケアを先にする③厚塗りで誤魔化す日は週1以下にする、の3つだけ。
特別な日だけ気合いを入れるより、日常の延長で整えるほうが結局続く気がしている。
あなたは「隠す派」「土台から整える派」どっち？",🧴✨,medium,implicit,
2026-10-22,21:00,beauty,threads,美容,"はっきり言うと、肌だけ頑張っても髪がパサついていると顔全体の印象がくすんで見えると思っている。
私が意識しているのは、①乾かす前にオイルを一滴つける②アイロン前も同じ工程を挟む③ディープトリートメントは週1回だけ、の3ステップだけ。
肌の透明感を仕込む前に髪のツヤを仕込んだほうが、写真の伸びが早い気がしている。
今、肌ケアと髪ケア、時間をかけているのはどっち？",💇‍♀️✨,medium,implicit,
2026-10-22,07:00,bodymake,threads,筋トレ,結論、筋トレは週3〜4回に抑える派でいる。毎日追い込むより、部位ごとに48〜72時間の回復時間を空けたほうが、扱う重量が結果的に伸びやすいと感じている。曜日固定より「前回の筋肉痛が抜けたか」で次のトレ日を決める人が周りには多い印象。あなたは頻度、何回で回してる？,💪📅,high,implicit,
2026-10-22,12:00,bodymake,threads,筋トレ,結論、筋トレの継続力は「準備の手間を何分削れるか」で9割決まると思っている。続けられている人に共通して見えるのは①ウェアを前夜に出す②ジムバッグを玄関に置く③行った日だけカレンダーに丸をつける、の3つだけ。根性で乗り切るより仕組みを変える方が再現性が高い気がしている。あなたが取り入れてる『続く仕組み』、ひとつだけ教えて？,🗓️✅,medium,implicit,
2026-10-22,19:00,bodymake,threads,筋トレ,"結論、筋トレが続くかどうかは「最初の2週間の頻度設計」でほぼ決まると思っている。理由はシンプルで、習慣が固まる前に高頻度・高強度にすると、心身の負荷でやめやすくなるから。
続けやすい人に共通する初期設計はこの3つ。
・週2〜3回からスタートする
・同じ部位を連続で追い込まない
・「休む日」を先にカレンダーへ入れておく
この3つを外している人ほど、3週間以内に離脱しやすい印象がある。あなたは最初の2週間、どんな頻度で始めた（始める予定）？",📅💪,high,implicit,
2026-10-22,21:00,bodymake,threads,筋トレ,"「筋肉痛が出ないと効いていない」というのは半分間違いだと思っている。筋肉痛はダメージの指標であって、成長そのものの指標ではないからだ。
実際、扱う重量や回数の推移が右肩上がりなら、筋肉痛がなくても筋力・筋量は伸びているケースがある。
成長判断に使えるチェックポイントはこの3つ。
・同じ種目の重量が3週間前より伸びているか
・同じ重量でのフォームが安定してきたか
・翌日の「動ける感覚」を疲労感より重視できているか
この3つを記録し始めると、筋肉痛の有無に一喜一憂しなくなる気がしている。あなたは何を基準に伸びを判断してる？",📊🔥,high,implicit,
2026-10-22,07:00,education,threads,教育,"結論、宿題タイムは「机に向かう時間の長さ」より「始めるまでのハードルの低さ」を優先した方がうまくいくと感じている。
声かけで意識しているのは次の3つ。
①「10分だけやろう」と時間を区切る
②最初の1問だけ一緒に解く
③終わったら丸つけより先に「お疲れさま」を言う
完璧な計画より、始めやすさを優先する家庭の方が続いている印象がある。
あなたの家庭は、始める工夫と終わる工夫、どちらを重視していますか？",📝✏️,high,implicit,
2026-10-22,12:00,education,threads,教育,"私は「通知表の点数」より先に「本人が一番頑張ったと思う教科」を聞く派です。
点数だけを見ると、努力が結果に出なかった教科がどうしても目に入りにくい。
先に本人の実感を聞いてから点数を見ると、声のかけ方が変わってくる。
点数の話は、そのあとでいい。
みなさんは、点数と本人の実感、どちらを先に聞きますか？",🗣️📖,high,implicit,
2026-10-22,19:00,education,threads,教育,"通信制高校を調べると、オンラインと通学を両方持つところがあるらしい。

資料請求前に見ていた点は3つ。
・授業の受け方
・相談窓口の有無
・費用の内訳が資料で分かるか

進路の候補に、通信制は入っていますか？",📚,medium,implicit,
2026-10-22,21:00,education,threads,教育,"幼児教室と小学校受験の教室をいくつか調べると、「無料体験の予約」が入口のものがあるらしい。

体験の前に見ていた点は3つ。
・対象年齢が公開ページに書いてあるか
・体験が無料か
・受験対策の範囲がどこまでか

習い事の候補に、教室型は入っていますか？",📚,medium,implicit,
2026-10-22,07:00,setsuyaku,threads,節約,先月のスーパー、去年と同じ買い物カゴなのに800円くらい高くなってた気がする。値上げの実感って数字にすると結構でかい。私は毎回レシートを前月分と見比べる派で、家計簿アプリより肌感覚が掴みやすいと思ってる。細かい値上げ、みんなはどの商品で一番感じてる？,🧾📈,high,implicit,
2026-10-22,12:00,setsuyaku,threads,節約,"月額3000円以上のスマホ代を払ってる人、結論そのままだと損してます。

私は「基本料＋事務手数料＋通話料」の総額でしか比較しない派です。

見るべきポイントは3つだけ。
① 直近3ヶ月の平均データ使用量（設定画面で確認）
② 通話は月何分か（かけ放題が必要か）
③ 契約時の事務手数料込みの実質月額

表面の月額だけ見て選ぶと、結局高くつくケースをよく見かけます。

みんなは乗り換えるとき、月額以外にどこ見て決めてます？",📱,high,implicit,
2026-10-22,19:00,setsuyaku,threads,節約,"ふるさと納税、12月にまとめてやる人が多いですが、私は「夏のうちに上限額だけ確認しておく」派です。

理由はシンプルで、年末は返礼品が品切れ・発送遅延になりやすいから。

やることは2つだけ。
① 今年の想定年収からざっくり上限額を計算
② 上限の8割くらいまでで一度申し込んでおく

『年末にまとめて選ぶ楽しさ』もわかるけど、選択肢が減ってから焦るより早めの方が結局お得だと感じます。

みなさんは毎年いつ頃やってますか？",🍅,medium,implicit,
2026-10-22,21:00,setsuyaku,threads,節約,"月の固定費が3万円台に収まるかどうかで、貯金体質は9割決まると思っている。私は結論、食費を削るより先に固定費を見直すべき派です。
見直す優先順位は①通信費②サブスク③保険④電気ガスの順が効率的。
チェックリスト
・スマホ代が月5000円を超えていないか
・使っていないサブスクが3つ以上ないか
・保険に『なんとなく』で入っていないか
固定費、最後に見直したのいつですか？",💰📝,high,implicit,
2026-10-22,07:00,tenshoku,threads,転職,"結論、面接での退職理由は「ポジティブ変換一択」だと思っている。
「人間関係が嫌だった」ではなく「よりチームで成果を出せる環境を求めた」に言い換えるだけで、面接官の受け取り方は変わる、という声は多い。

言い換えの基準はシンプル。
・ネガティブワードを削る
・未来志向の言葉に変える
・具体的な行動やスキルにつなげる

これを意識するだけで、同じ経歴でも印象は大きく変わるはず。

みんなはどう言い換えてる？",💬,medium,implicit,
2026-10-22,12:00,tenshoku,threads,転職,"転職エージェントは1社より3社使う方が良いと思う。理由は求人の偏りと担当者の当たり外れをなくすため。
比較するときに見てるポイントはこの4つ。
・提案してくる求人の幅
・年収交渉の実績
・担当者の業界理解度
・面接後のフィードバックの速さ
1社だけだと『その担当者の得意分野』しか見えてこない。みなさんは何社くらい使ってますか？",📝✅,high,none,
2026-10-22,19:00,tenshoku,threads,転職,"転職理由を『人間関係』とそのまま面接で言う人は少ないと感じる。結論、本音と建前は最初から分けて整理しておいた方がいい。
・本音（自己分析用）：人間関係、給与、将来不安
・建前（面接用）：キャリアアップ、スキル活用
本音を隠すのではなく、面接用に翻訳しておくイメージ。みなさんは本音と建前、どう線引きしてますか？",🗣️🔍,high,implicit,
2026-10-22,21:00,tenshoku,threads,転職,"有効求人倍率1.18倍でも、書類選考の通過率は体感で下がっている。私は「応募数より一社ごとの準備の質」派。
最低限これだけは揃えてから出すべきだと思っている項目↓
・職務経歴書は求人票の文言に合わせて言い換える
・志望動機は「なぜこの会社か」まで踏み込む
・退職理由はネガティブ→前向きに変換して1行で言えるようにする
ここまでやって落ちるなら、応募先の相性の問題だと切り替えていい。
今の転職活動、数で勝負派？質で勝負派？",📝,high,implicit,
2026-10-22,07:00,pet,threads,ペット,"結論、フード選びで一番見るべきは「原材料表示の順番」だと思っている。

最初の3つに肉・魚由来のタンパク源が入っているかで、だいたいの品質は判断できる。

保存版チェックリスト↓
□ 原材料の1〜3番目にタンパク源があるか
□ 添加物の種類が多すぎないか
□ 便の状態（硬さ・匂い）が切り替え後2週間で安定したか
□ 粒の大きさが顎の力に合っているか

毎回パッケージ裏を見返すのが面倒な人向けの基準です。

みなさんはフード選びで一番重視してる項目、何ですか？",🐾📋,high,implicit,
2026-10-22,12:00,pet,threads,ペット,"猫が急に飼い主の膝から降りて、少し離れた場所で丸くなるのは「嫌い」じゃなくて「安心してる証拠」だと思っている。

ベタベタ甘えるだけが愛情表現じゃなくて、視界に入る距離で寛いでいること自体が信頼のサインというのが私の見方。

同じ空間にいるのに触れ合わない時間、うちのコだけかと思ってたけど意外とあるあるらしい。

猫飼いのみなさん、この「つかず離れず」感じたことあります？",🐈,medium,none,
2026-10-22,19:00,pet,threads,ペット,"結論、初心者ほど多頭飼いより先に「通院費の備え」を整えるべきだと思う。保険の有無で、通院するかどうかの判断が変わる場面をよく見かける。

【通院前チェック】
・年1回の健康診断予定はあるか
・通院費の上限額を決めているか
・持病の有無を把握しているか

これだけで「まさかの通院」への心構えがかなり変わる、というのが個人的な結論。みなさんは通院費の目安、決めていますか？",🐾🏥,medium,none,
2026-10-22,21:00,pet,threads,ペット,"うちの子が季節の変わり目にフードを残す——これ、あるあるだと思う。結論、フードを変える前にまず「量」を見直すのが先。

【原因を絞る3チェック】
1) 体重の増減
2) おやつの量
3) 運動量の変化

これで大体の原因は絞れる、というのが観察してきた実感。みなさんの子は食欲の波、どう対策してますか？",🐶🍚,medium,none,
2026-10-22,07:00,sleep,threads,睡眠,"結論、夜中に何度も目が覚めるのは「気にしすぎ」より先に室温と光を疑ったほうがいい派です。
目安にしているチェックはこの3つ↓
①寝る1時間前は暖色照明に切り替えているか
②布団の中の温度が高すぎないか
③起床時刻を平日休日で大きくズラしていないか
どれか当てはまる人、地味に多いはず。あなたはどれが一番怪しいと思う？",🌙💤,high,implicit,
2026-10-22,12:00,sleep,threads,睡眠,"最近「夜中に3回以上目が覚める」という声をよく見かける。私はこれ、スマホより『布団の中で考え事をする時間』の影響のほうが大きいと思っている派です。
試している人が多い対策はシンプルで、
・寝る前に『明日やること』を紙に書き出す
・布団に入ったら考え事を一旦保留にする
これだけで中途覚醒が減ったという話をよく聞きます。同じタイプの人いる？",🛌📝,medium,implicit,
2026-10-22,19:00,sleep,threads,睡眠,"結論、寝る前90分のスマホ断ちが一番コスパの良い睡眠改善策だと思う。

私は『デジタル門限』と呼んで人に勧めている。

やることはシンプル：
・22:30以降は通知オフ
・照明は暖色系に切り替え
・ベッドでは本かストレッチのみ

これだけで『布団に入ってからのスマホ時間』が減り、入眠までの体感時間が短くなったという声が多い。

みんなは寝る前、何時にスマホを手放してる？",📱🌙,high,implicit,
2026-10-22,21:00,sleep,threads,睡眠,"夜中に『明日ちゃんと起きられるかな』と不安になって、逆に目が冴えた経験がある人は多いはず。

私はこの手の不安は『予定への責任感の裏返し』だと思っている。だから無理に寝ようとせず、一度アラームを2つ確認するだけで安心して眠れることが多い。

完璧に寝ようとするより、『最低限起きられる保険』を作る方が結果的に眠りやすい派です。

みんなは寝る前、そういう不安どう対処してる？",⏰😌,high,none,
2026-10-23,07:00,konkatsu,threads,婚活,"結論、婚活が長引く人の多くは「審査モード」に入り込んでいると感じる。条件確認から入るほど、相手も身構えて距離が縮まらない。

■審査モードに入っているサイン3つ
・初対面でいきなり年収/実家/将来設計を聞く
・沈黙が怖くて質問攻めになる
・LINEが「今度会いましょう」で止まり日程を詰めない

私は「面接官をやめた瞬間に、婚活は前に進む」派。条件を通過した先に好意があるのではなく、条件を忘れた瞬間に好意が生まれるものだと思う。

あなたは直近のデート、趣味の話に何分使えた？",💍🤔,high,implicit,
2026-10-23,12:00,konkatsu,threads,婚活,"結論、同棲の話し合いは「言葉が同じでも意味が違う」ことが多いと思う。

先日、地下鉄で隣になった20代後半くらいの2人の会話がふと耳に入った。「一緒に住もう」という同じ一言に対して、片方は現状維持のつもりで、もう片方は結婚への準備のつもりで話しているように聞こえた。

■同棲前にすり合わせておきたい3つ
・同棲のゴール（結婚時期）をいつまでに話すか
・生活費・家事の分担ルール
・将来の話題が出たときの反応を観察する

私は「同棲の意味は、言葉より態度で確認するべき」派。

あなたは同棲、通過点派？それとも結婚への準備派？",🏠💬,high,implicit,
2026-10-23,19:00,konkatsu,threads,婚活,"結論、婚活で停滞する人の多くは「審査モード」に入りすぎていると感じる。
最初は『どんな人だろう』だったのに、気づけば年収・学歴・実家の話ばかり聞いていないだろうか。
私は、条件確認より先に『素の自分が出せる相手かどうか』を見る派。
■審査モードに入っているサイン
・沈黙が怖くて質問攻めになる
・LINEが用件だけのやり取りに変わる
・会うたびに品定めされている感覚が強くなる
一つでも当てはまったら、条件リストより会話の中身を見直した方がいいと思っている。
あなたは今、どちらのモードだと思う？",💍📝,high,implicit,
2026-10-23,21:00,konkatsu,threads,婚活,"初対面から3回目のデートまでずっと敬語のまま、というのは珍しいことではないと観察している。
私は『3回目で下の名前を呼べているか』を進展の分かれ目として見ている派。
■距離感が縮まっているかのチェック
・沈黙になっても気まずくならない
・LINEの文末に絵文字や砕けた言い回しが増える
・次の予定を相手から提案してくるようになる
逆にこれが3回目を過ぎても変わらない場合、関係は仮交際のまま止まりやすいと感じている。
あなたの婚活で、距離感が変わった瞬間はどんなタイミングだった？",📏💬,medium,implicit,
2026-10-23,07:00,sidejob,threads,副業,副業アプリを3つ以上掛け持ちしてる人、正直成果が分散して伸びにくいと感じる。私は「1つに集中→一定期間で反応が出なければ乗り換え」派です。乗り換えるかどうかの判断基準は3つ。①初月に実際に手を動かした時間 ②得られた反応・問い合わせ数 ③自分の得意分野との相性。増やす前に一度この3つで立ち止まってみてほしい。あなたは掛け持ち派？集中派？,📝✅,high,implicit,
2026-10-23,12:00,sidejob,threads,副業,在宅ワークの求人、応募者の多くが単価だけを見て選んでいる印象がある。私は「継続して依頼が来るかどうか」で選ぶべき派。単価が高くても更新されない案件は結局稼働ゼロになりやすい。見るべきポイントは①募集期間の長さ ②依頼主のレビュー数 ③初回対応の速さ、の3つ。単価と継続率、どちらを優先して選んでる？,🔍,medium,none,
2026-10-23,19:00,sidejob,threads,副業,"結論、副業初心者はまず「在庫を持たない」ジャンルから始めるべきだと思っています。
挑戦してすぐ挫折する人の共通点は、初期費用を先に使いすぎることです。
私が見てきた中で続きやすかった順番はこちら👇
①スキル販売（時間さえあれば元手0円）
②アフィリエイト（在庫ゼロ・発送ゼロ）
③物販（在庫リスクあり・最後に検討）
あなたが最初に選んだのはどのタイプでしたか？",👇,high,implicit,
2026-10-23,21:00,sidejob,threads,副業,"体感、副業が続かない人の8割は「毎日投稿」を目標にしすぎていると思っています。
私は質より先に「継続できる頻度」を決める派です。
挫折しやすい人によく見られる特徴はこちら👇
・初日から気合を入れすぎる
・反応がないとすぐやめる
・比較対象がいきなり月収100万円の人
まずは週2投稿を3ヶ月続けるほうが、結果的に早く積み上がります。
今の投稿頻度、少し無理していませんか？",👇,high,implicit,
2026-10-23,07:00,beauty,threads,美容,"「盛れるコスメ」より「自分に合う色」を選んだ方が結局盛れる、と最近よく思う。
私はパーツを強調するメイクより、肌なじみ優先の似合わせ盛り派。
セルフチェックは、①ファンデを頬と顎で色比べする②チークは骨格の一番高い位置に薄く③リップは唇の血色に近い色を選ぶ、の3つだけ。
パーツ盛りで浮いていた頃より、似合わせを意識してからの方が『変わったね』と言われる気がしている。
最近メイクで意識してること、ある？",💄🪞,medium,implicit,
2026-10-23,12:00,beauty,threads,美容,"結論、今話題の「再生系成分」は成分名で選ぶより、悩み別に使い分けるほうが失敗しにくいと感じています。
見ている基準は3つ→①乾燥か赤みかで系統を選ぶ②新成分は少量から試す③3週間は変化を様子見してから判断。
情報が多い時期ほど「基準を先に決める」ほうが近道だと思うのですが、みなさんは成分選びで何を一番重視していますか？",✅🧪,high,implicit,
2026-10-23,19:00,beauty,threads,美容,"私は「攻める美容医療級ケア」より「守る土台ケア」を先に固める派です。
季節の変化で肌がゆらぐという声は美容メディアでもよく指摘されています。
土台ケアの基準は3つ→①バリアを壊さない洗顔に一時切り替え②低刺激処方を選ぶ③肌が落ち着いてから攻めケアを再開。
今の時期、攻めと守りどちらを優先していますか？",🛡️🌿,high,implicit,
2026-10-23,21:00,beauty,threads,美容,"結論、乾燥小ジワ対策は「保湿の量」より「重ねるタイミング」だと思っている。
私がチェックしている基準は3つ。
①洗顔後1分以内に化粧水を1プッシュ
②乳液は手のひらで軽く温めてから伸ばす
③夜だけ保湿量を1.5倍にする
この3つのうち、1つでもやってないと乾燥が戻りやすい印象。
みなさんは重ねるタイミング、意識してますか？",🧴💧,high,implicit,
2026-10-23,07:00,bodymake,threads,筋トレ,"停滞期に入ったとき、種目を増やす前に見直されがちなポイントをメモ。
① 睡眠時間が最近削れていないか
② 同じ重量・回数が何週も続いていないか
③ 体重の変化に対して食事量が合っているか
この3つから確認する、という考え方があるらしい。
みんなは停滞期、まず何から見直す？
📝",📝,high,implicit,
2026-10-23,12:00,bodymake,threads,筋トレ,体重×1.5gのタンパク質量、いきなり計算しなくていい。私が続けているのは「卵1個＋納豆1パック」を毎日の食事に固定で足すだけのルール。数字を追うより“いつもの食事に1品足す”方式の方が続く気がしている。今日の食事、あと何を足せそう？,🥚,medium,implicit,
2026-10-23,19:00,bodymake,threads,筋トレ,結論、忙しい日ほど「10分メニュー」でいいと思っている。私が実践しているのはスクワット10回・腕立て10回・プランク30秒の3つだけ。完璧な60分より、ゼロの日を作らないことの方が半年後の差になる気がしている。あなたが忙しい日に削るなら、種目？時間？それとも回数？,💪🏠,high,implicit,
2026-10-23,21:00,bodymake,threads,筋トレ,私は「タイミングより合計量」派。筋トレ後30分以内にこだわるより、朝・昼・夜でタンパク質を1品ずつ足す方が結局続く。目安は卵1個・納豆1パック・ヨーグルト1個をそれぞれ別の食事に足すだけ。細かい計算より『足す習慣』を先に作る方が挫折しにくいと感じている。みんなはタイミング重視？合計量重視？,🍳⏱️,high,implicit,
2026-10-23,07:00,education,threads,教育,"夏休みの自由研究、テーマ決めから仕上げまで親がかなり伴走する家庭と、子どもにほぼ任せて見守るだけの家庭がある。完成度を重視するか、試行錯誤の過程を重視するかで自然と分かれるポイント。
あなたの家庭は伴走派？見守り派？",☀️,high,implicit,
2026-10-23,12:00,education,threads,教育,"子どもの「朝の準備」、声かけする派としない派で家庭の空気がだいぶ変わる。
毎朝リマインドして一緒に進める家庭もあれば、失敗も経験のうちと見守る家庭も。
どちらも『自分でできるようになってほしい』という気持ちは同じだけど、やり方は真逆になりがち。
あなたの家はどちら派ですか？",🕗,high,implicit,
2026-10-23,19:00,education,threads,教育,"小学生の「音読カード」、地味だけど見落としがちなポイント3つ。
①同じページを繰り返す日があっても問題なし、むしろ定着のサイン
②サインする欄は『聞いた時間帯』も一言添えると先生に伝わりやすい
③声の大きさより『区切って読めているか』の方がチェックポイントとして有効
保存しておくと役立つかもしれません。",📖,medium,implicit,
2026-10-23,21:00,education,threads,教育,"結論、宿題は低学年のうちは隣について見る派です。
理由はシンプルで、伴走ありのほうが「わからない」をその場で解消できるから。
うちで目安にしている切り替えラインはこの3つ。
①漢字の書き取りは3年生から一人でOK
②文章題は「式だけ一緒→計算は一人」に移行
③丸つけは学年関係なく一緒にやる
みなさんの家庭の切り替えラインはいつ頃でしたか？",📐📝,high,implicit,
2026-10-23,07:00,setsuyaku,threads,節約,"食費を切り詰めるより、惰性で払っている固定費を削る方が続けやすいと思う。私はここ数年、食費より先に契約系の見直しから手をつける派です。
節約が続かない人に共通するのは、我慢を積み重ねて疲れてしまうこと。一度手続きすれば自動的に減る仕組みの方が挫折しにくい。
変動費と固定費、みなさんはどっちから見直しましたか？",🧾💡,medium,implicit,
2026-10-23,12:00,setsuyaku,threads,節約,"結論、節約はまず固定費から。食費を削るのは一番最後でいい。
通信費・サブスク・保険の3つは、一度見直せば効果がずっと続くのが強み。
手順はシンプル↓
1) 契約中のサブスクを全部書き出す
2) 直近1ヶ月使っていないものを解約
3) 保険の保障内容が重複していないか確認
食費や外食を我慢するより、心理的なストレスが少ないのが固定費見直しの良いところ。
みんなは固定費、最後に見直したのいつ？",🏠📝,high,implicit,
2026-10-23,19:00,setsuyaku,threads,節約,"結論、節約で家庭がギスギスするのは『我慢の分担』がズレてるだけだと思う。
サブスクは放置なのに子どものおやつだけ削られる、みたいな家庭は意外と多い。
削る前にやっておきたいこと↓
・家族それぞれの『削れそうなもの』を出し合う
・一人にだけ我慢を集中させない
・小さな楽しみは最後まで残す
節約は根性より仕組みで続ける方が長持ちする気がしている。
うちはこうしてる、という工夫があれば教えてほしい。",👨‍👩‍👧🍰,medium,implicit,
2026-10-23,21:00,setsuyaku,threads,節約,"電気・ガス・水道の明細、先月分と見比べたことありますか？

同じ生活スタイルでも季節や使い方のクセで数百円〜千円単位の差が出ていることがあります。

私は「先月比」を見る習慣をつけてから、無駄遣いに気づきやすくなりました。

みなさんは光熱費、どのタイミングでチェックしていますか？",💡📊,medium,implicit,
2026-10-23,07:00,tenshoku,threads,転職,"求職者の6割が「買い手市場」だと感じているのに、実際の有効求人倍率は高止まりしている。このギャップ、放置すると自己評価を下げすぎる原因になると思っている。
結論、求人数の多さと「自分に合う求人があるか」は別問題。
見るべきは求人票の数ではなく、応募先の中で自分の経験がそのまま活きる求人が何件あるかどうか。
数字に振り回されて動けなくなってる人、意外と多い気がする。",📊,medium,none,
2026-10-23,12:00,tenshoku,threads,転職,"年収600万円以上の人の約6割がSNS経由でスカウトを受けた経験があるらしい。
私はこの数字、思ったより低くないなと感じている。

プロフィールを整えるだけで声がかかる可能性があるなら、やらない理由がない。
最低限チェックしたいのはこの3つ。
☑ 職種・スキルが一目でわかる自己紹介文になっているか
☑ 実績は数字ベースで書けているか
☑ 発信内容に一貫性があるか

整っていない人ほど「見られている」意識が抜けている印象。

あなたのプロフィール、この3つ埋まってますか？",📈🧾,high,implicit,
2026-10-23,19:00,tenshoku,threads,転職,"転職活動で後悔するのは「情報収集を怠ったこと」より「決断を先延ばしにしたこと」だと私は思う。
情報はいくら集めても、決める基準がないと堂々巡りになる。

私が決断前に確認している基準はこの4つ。
① 給与は現状維持以上か
② 裁量権は増えるか減るか
③ 通勤・働き方の負荷は許容範囲か
④ 1年後にスキルとして残るものがあるか

全部満たさなくてもいいけど、2つ以下ならまだ動くタイミングじゃない気がしている。

この基準、あなたなら何を足しますか？",🧭✅,high,none,
2026-10-23,21:00,tenshoku,threads,転職,"第二新卒・既卒向けの転職支援をいくつか調べて、入口が「無料カウンセリング」のものと「登録だけ」のものに分かれる印象があった。

比較するときに見ていたのは3つ。
・初回が面談か、登録完了か
・条件の棚卸しが先か、求人提示が先か
・入社後の記述があるか

今の自分は、情報収集と応募のどちらが先だと思いますか？",🗂️,medium,implicit,
2026-10-23,07:00,pet,threads,ペット,"ドッグフードのパッケージ、私は上位3つの原材料しか見ていません。それで十分と思う派です。
選ぶときに確認しているポイントはこの3つです。
・主原料が肉や魚など動物性たんぱくか
・添加物表記が少ないか
・年齢や体重に合わせたカロリー設計になっているか
細かい成分表より、この3点で十分な差が出ると感じています。
みなさんはフード選びで最初にどこを見ますか？",🍖🐾,high,implicit,
2026-10-23,12:00,pet,threads,ペット,"保護犬を勧めるかどうか、私は「飼い主の経験値次第」で分ける派です。
初めて犬を迎える人には、まず性格や病歴が把握しやすいブリーダーや里親会経由の子をすすめることが多いです。反対に、一度でも犬と暮らした経験がある人には、保護犬の相性の良さを伝えることが多いです。
どちらが正しいという話ではなく、経験値によって向き不向きがあると感じています。
みなさんは保護犬派・ブリーダー派、どちらですか？その理由も聞いてみたいです。",🐕💭,high,implicit,
2026-10-23,19:00,pet,threads,ペット,結論、ペットフード選びで見るべき基準は3つだけでいいと考えています。①原材料の1番目が肉・魚であること②着色料・香料が無添加であること③粒の大きさが顎の力に合っていること。それ以外の細かい成分表はあまり気にしなくていいというのが私の立場です。保存しておいて買い物のときに見返せる基準にしてもらえたら。あなたが一番重視しているポイントは①〜③のどれですか？,🐾📝,high,none,
2026-10-23,21:00,pet,threads,ペット,朝5時に起こしにくる猫は珍しくないと思っています。個人的には、これは甘えではなく「生活リズムの主張」だと捉えるのが一番しっくりきます。無理に直そうとするより、前日の夜ご飯の時間を30分後ろにずらすだけで改善したという声もよく聞きます。しつけの失敗ではなく、リズムの調整で解決できるケースが多い印象です。同じように早朝に起こされている人、どう対処してますか？,🐱⏰,medium,implicit,
2026-10-23,07:00,sleep,threads,睡眠,"結論、寝る1時間前のスマホは「明るさ」より「情報量」が問題だと思ってる。
脳が“処理待ちの情報”を抱えたまま横になると、光を落としても入眠が長引く。
私が試して良かった基準は3つだけ。
①通知は音もバイブも切る
②SNSは開いても「見る専用」にしてコメントしない
③ベッドに入ったらスマホは手の届かない場所に置く
これだけで「あれこれ考えて寝れない」時間が減った人、他にもいる？",🌙📵,high,implicit,
2026-10-23,12:00,sleep,threads,睡眠,"深部体温は入浴後90分でストンと下がる。私はこの90分ルールを知ってから、入浴時間を「寝る直前」から「寝る1.5時間前」に変えた派。
体感で変わったのはここ。
・布団に入ってからの寝つきまでの体感時間が短くなった
・夜中に一度目が覚める回数が減った気がする
入浴のタイミングを変えるだけで体感が変わった経験、ある人いる？どのくらい前に入ってる？",🛁⏰,high,implicit,
2026-10-23,19:00,sleep,threads,睡眠,"結論、寝る90分前の入浴が一番コスパがいいと思う。
深部体温が下がるタイミングで入眠すると寝つきが変わる、というのを試してから朝の目覚めが軽くなった気がする。
チェックすべきは3つだけ。
①湯温38〜40度
②浸かる時間10〜15分
③入浴後は照明を落として画面を見ない
これだけで「寝つくまでの時間」が変わる人は多いはず。
みんなは入浴と寝つきの関係、意識してる？",🛁🌙,high,implicit,
2026-10-23,21:00,sleep,threads,睡眠,"私は「起床時間固定」派。就寝時間より起きる時間を揺らさない方が睡眠の質は安定すると感じている。
休日に寝坊すると月曜がしんどくなるのは、体内時計がズレるから。
目安にしてるのはこの3つ。
・平日と休日の起床差は1時間以内
・起きたらすぐ日光を浴びる
・二度寝は15分以内で切る
シンプルだけど効果を感じやすい基準だと思う。
起床時間、みんなはどのくらいブレてる？",⏰☀️,medium,implicit,
2026-10-24,07:00,konkatsu,threads,婚活,"結論、婚活で本気度を見るべきは「学歴」より「質問の数」だと思う。
先週、婚活パーティー会場のロビーで順番待ちをしていた2人の会話が耳に入った。
一方はプロフィールの年収や勤務先ばかり確認し、もう一方は相手の休日の過ごし方を3つも質問していた。
■本気度が高い人に共通する質問の傾向
・相手の「好きなもの」を聞いているか
・条件確認より過去のエピソードを聞いているか
・沈黙の後も会話を続けようとしているか
条件を聞く人より、好きなものを聞く人の方が、関係が進みやすいと感じている。
直近のデートで「質問攻めだったな」と感じた瞬間、ありましたか？",🤔📝,high,implicit,
2026-10-24,12:00,konkatsu,threads,婚活,"私は、婚活が停滞する一番の原因は「年収」より「審査モードが抜けないこと」だと思う。
最初はときめきで会っていたはずなのに、3回目あたりから急に条件確認モードに切り替わる人を何人も見てきた。
■審査モードに入っているサイン
・会話の8割が確認作業になっている
・相手の弱みより強みばかり探している
・楽しかった記憶より条件の一致率で判断している
審査を忘れられた瞬間からしか、関係は前に進まないと考えている。
最近のデートで、つい確認モードになってしまった瞬間はありましたか？",💭✅,high,implicit,
2026-10-24,19:00,konkatsu,threads,婚活,"婚活中の人の話を聞いていると、プロフ写真で一番差が出るのは加工より表情だと感じる。
結論、自己紹介文の雰囲気と写真の表情が一致していないと不成立になりやすい気がする。
■見直しポイント
・自然光で撮っているか
・口角より目が笑っているか
・年齢に見合った雰囲気か
プロフ迷子、意外と多い印象。みんなは写真何枚使ってる？",👀,medium,implicit,
2026-10-24,21:00,konkatsu,threads,婚活,"婚活で一番もったいないのは、最初の「楽しみ」が数ヶ月で「条件確認」に変わることだと思う。私は、会話の中心が年収や実家の話ばかりになったら一度立ち止まる派。

■審査モードに入っているサイン3つ
・話題の中心が「年収・職種・実家・将来設計」に偏っている
・LINEの文面が事務連絡っぽくなっている
・会う前から次の候補を探し始めている

この3つに当てはまったら、条件より「一緒にいて楽か」を見直すタイミングかもしれない。
あなたはどんな瞬間に審査モードに気づく？",💍🔍,high,implicit,
2026-10-24,07:00,sidejob,threads,副業,"住民税の『20万円以下なら申告しなくていい』は、所得税だけの話。私は副業収入の金額に関わらず、住民税の申告はする派です。
確定申告のときにチェックしておきたいのはこの3点。
・確定申告書 第二表の『住民税に関する事項』欄
・徴収方法が『普通徴収』になっているか
・提出前に控えを1部残しておく
これだけで会社に知られる不安はかなり減らせます。
みなさんは毎年、どちらを選んでいますか？",🧾✅,high,none,
2026-10-24,12:00,sidejob,threads,副業,"副業アカウントが伸び悩む一番の原因は、発信テーマがブレていることだと思っています。私は『1テーマ1切り口』を徹底する派です。
見直すべきチェックはこの3つ。
・プロフィールで発信テーマが一言で伝わるか
・投稿ごとにテーマが変わっていないか
・手順や基準など保存したくなる実用情報が入っているか
これだけで反応の土台が変わることが多いです。
みなさんは発信テーマ、何で絞っていますか？",📌,medium,implicit,
2026-10-24,19:00,sidejob,threads,副業,"結論、副業は「単価の高さ」より「再現性」で選んでいい。
単価だけで案件を選ぶと、続かないケースが多い印象。
私が案件を判断する基準は次の5つ。
✅ 週5時間以内で完結するか
✅ マニュアル化できる作業か
✅ 単発でなく継続案件があるか
✅ クライアントとの連絡頻度が多すぎないか
✅ 身につくスキルが翌月以降も使い回せるか
この基準に当てはまらない案件は、単価が高くても長続きしにくいと感じています。
今やってる副業、この5つに何個当てはまりますか？",✅📝,high,implicit,
2026-10-24,21:00,sidejob,threads,副業,"体感で言うと、副業が続かない人の共通点は「毎日更新」をノルマにしていること。
逆に半年以上続けられている人ほど、最初から「週3日でいい」とハードルを下げている印象がある。
理由はシンプルで、一度更新が止まると再開のハードルが一気に上がるから。
私は投稿頻度より「破綻しない仕組み」を優先する派です。
毎日更新、まだ続けられていますか？",🗓️💭,medium,implicit,
2026-10-24,07:00,beauty,threads,美容,"肌がゆらいでいるサイン、私は3つだけ見れば十分だと思っている。
①いつもより赤みが出やすい
②化粧水がしみる
③皮膚科で「肌が薄い」と言われたことがある
どれか1つでも当てはまる人は、攻めのケア（レチノール・酸系）を毎日から週2〜3回に落として、保湿を厚めにするだけで印象が変わることが多いらしい。
攻めと守り、今どっちを優先してますか？",🌿✨,high,implicit,
2026-10-24,12:00,beauty,threads,美容,肌がゆらいでいるサインは、実は3つだけ覚えておけば十分だと思っている。①化粧水がしみる②いつもより赤みが出やすい③皮膚科で「乾燥・バリア機能が低下」と言われた。結論、1つでも当てはまったら攻めケア（レチノールや酸系）は週1〜2回まで落として、保湿を厚めにするだけで扱いやすくなる、という印象がある。今の時期、当てはまる人ってどのくらいいるんだろう？,🧴✋,high,implicit,
2026-10-24,19:00,beauty,threads,美容,"結論、スキンケアは「順番」より「温度」で変える方が肌に合うと思っている。
夏は化粧水を体温に近づけてから重ね付け、冬は乳液を早めに足して蒸発を防ぐイメージ。
チェックしたいのは①肌がつっぱる時間帯②メイクがヨレる場所③週末の肌荒れ頻度、の3つ。
1つでも当てはまったら、季節ごとに順番を見直すサインだと思う。
みんなは季節で使う順番、変えてる？",🧴☀️❄️,high,implicit,
2026-10-24,21:00,beauty,threads,美容,"レチノールは毎日より、週3〜4回+保湿多めの方が続けやすいと思っている。
肌がゆらいでいるサインは次の3つ。
①いつもより赤みが出やすい
②化粧水がしみる
③皮膚科で「乾燥・薄い」と言われたことがある
1つでも当てはまるなら、頻度を落として保湿を厚くするのも選択肢だと思う。
毎日派？休み休み派？コメントで教えて",🌙✨,high,implicit,
2026-10-24,07:00,bodymake,threads,筋トレ,"結論、タンパク質は体重×1.2gで十分だと思っている。厳密に計算するより「今日どれだけ実行できたか」の方が重要。
続けやすさの基準は①朝に卵か納豆を1品追加②間食を加工食品からゆで卵やヨーグルトに変える③体重は2週間単位で見る、の3つだけ。
量より継続、どっちを優先してる？",🥚💪,high,implicit,
2026-10-24,12:00,bodymake,threads,筋トレ,"筋トレより睡眠を優先する、が私の結論。追い込んだ日ほど回復が遅れている人を見ていると、そう感じる。
チェックしたいのは①就寝1時間前はスマホを置く②筋トレは就寝3時間前までに終える③入浴で深部体温を上げすぎない、の3つだけ。
あなたは何時間睡眠を目標にしてる？",😴🛏️,high,implicit,
2026-10-24,19:00,bodymake,threads,筋トレ,"結論、筋トレの伸び悩みは「追い込み不足」より「寝不足」が原因なことが多いと感じている。
📝睡眠チェックリスト
□ 就寝1時間前はスマホを触らない
□ 就寝時刻を毎日そろえる
□ 起床後にタンパク質を摂る
□ 週2回は7時間以上眠る
ここで2つ以上×がついた人は、フォーム改善より先に睡眠を整える方が結果につながりやすい気がしている。
あなたは何個当てはまった？",😴📝💪,high,none,
2026-10-24,21:00,bodymake,threads,筋トレ,"私はタイミングより「1日の合計摂取量」を優先する派です。
体重×1.6g前後を目安に朝昼晩で分けて摂る方が、30分以内のゴールデンタイムを狙うより現実的に続けられると感じている。
📋今日から試せる分け方
・朝：卵or納豆
・昼：鶏むねor魚
・夜：プロテインor豆腐
厳密さより『今日も合計は届いた』の積み重ねが継続の鍵な気がしている。
あなたはタイミング派？合計量派？",🍳📋⏱️,high,none,
2026-10-24,07:00,education,threads,教育,"結論、テストの点数は見せてもらう派です。
点数そのものより「どこで間違えたか」を一緒に確認する材料になると考えています。
我が家で決めているチェックポイントは3つ。
①70点以下は原因を一緒に探す
②90点以上は結果より過程を一言褒める
③点数の良し悪しでその日の機嫌を変えない
見せなくていい派のご家庭は、どんな基準でやる気を守っていますか？",📊✏️,high,implicit,
2026-10-24,12:00,education,threads,教育,"結論、家庭のご褒美設計は「プロセス評価8割・結果評価2割」がちょうどいいと感じている。
テストの点数だけを見ていると、点数が伸びない時期にやる気の土台まで崩れやすい。
・机に向かった時間
・声に出して読んだ回数
・分からない問題に粘った時間
このあたりを記録して、月末にまとめて結果と紐づけるくらいが現実的だと思う。
みなさんの家庭では、どちらの比重が大きいですか？",🎯📝,high,implicit,
2026-10-24,19:00,education,threads,教育,"結論、子どもの「できない」は「まだ」に言い換えるだけで行動が変わりやすいと感じている。
言い換えの基準はシンプルに3つ。
①結果ではなく直前の行動を言葉にする
②比較は「昨日の自分」に限定する
③できたことは具体的な数字で伝える（例：10分早く着席できた）
抽象的な励ましより、この方が次の一歩につながりやすい気がする。
他に効果を感じた言い換え、あれば教えてください。",📌✨,high,implicit,
2026-10-24,21:00,education,threads,教育,"結論、プログラミングはもう『習い事の選択肢』ではなく『受験科目の準備』だと私は見ています。
情報Ⅰが共通テストに入ってから、周囲の相談内容は「楽しく触れさせたい」から「間に合わせたい」に変わってきました。
判断基準はシンプルに2段階、
・中学までに触れて型に慣れる
・高校からは演習量を増やす
この順番で考えると迷いにくいです。
みなさんはいつから対策を意識し始めましたか？",📝,high,implicit,
2026-10-24,07:00,setsuyaku,threads,節約,サブスク、平均5個以上契約してる人が多いらしい。私は「年1回、全部書き出して先月の利用回数がゼロなら即解約」をルール化するのが一番効くと思う派。①契約中サービスを紙に書き出す②先月使った回数を書く③ゼロなら解約、これだけで固定費は減らせる。今月見直した人、何個解約できた？,📝,high,implicit,
2026-10-24,12:00,setsuyaku,threads,節約,節約って我慢することだと思われがちだけど、私は逆だと思う派。通信・保険・サブスクみたいな固定費を一度整えれば、あとは我慢ゼロで自動的に浮き続ける。逆に食費や外食を削る方法は継続コストが高くて挫折しやすい。あなたが最初に見直すなら、通信費・保険・サブスクのどれから手をつける？,💡,medium,implicit,
2026-10-24,19:00,setsuyaku,threads,節約,"結論、ふるさと納税は9月中に済ませておくべき派です。

2026年10月から返礼品の地場産品基準が厳格化され、家電や域外加工の食品などが対象から外れる可能性があるとされています。欲しい返礼品が決まっている人ほど先延ばしは損になりやすいです。

寄付前にチェックしたい3点↓
✅ 欲しい返礼品が『地場産品基準厳格化』の対象カテゴリか確認
✅ 上限額シミュレーターで控除枠を再確認
✅ 決済方法（クレカ・キャッシュレス）でポイント上乗せがあるか比較

制度が変わるたびに『前のルールのまま』損している人、意外と多い印象です。
みなさんは今年、もう寄付済みですか？",🍤✅,high,implicit,
2026-10-24,21:00,setsuyaku,threads,節約,"結論、固定費の見直しは『通信費→保険→サブスク』の順でやるのが効率いい派です。

理由はシンプルで、通信費は一度見直せば手間なく効果が数年続くから。保険やサブスクは見直しに時間がかかる割にリターンが小さいことが多いです。

見直し前のミニチェックリスト↓
✅ 直近3ヶ月の携帯代の平均額を出す
✅ 使っていないサブスクを1つでも洗い出す
✅ 保険は『同じ保障で安いプランがないか』だけ確認

完璧を目指すと疲れて続かないので、まず1項目だけでいいと思っています。
みなさんが最初に手をつけるならどれですか？",📱💡,medium,implicit,
2026-10-24,07:00,tenshoku,threads,転職,"20代の転職記事を読んでいると、「職務経歴書の添削」や「模擬面接」まで書く支援と、求人紹介が中心の支援が混在している。

整理した観点:
1. 支援の範囲が公開ページに書いてあるか
2. 対象（第二新卒／既卒／フリーター）が自分と重なるか
3. 無料の範囲がどこまでか

あなたが先に確認したいのは、支援の中身と対象、どちらですか？",📝,medium,implicit,
2026-10-24,12:00,tenshoku,threads,転職,"20〜30代向けの転職エージェントをいくつか調べると、「成長企業」と書くところと「求人数」と書くところに分かれる印象があった。

比較するときに見ていたのは3つ。
・対象年齢が公開ページに書いてあるか
・入口が登録か、面談か
・無料の範囲がどこまでか

今の自分は、情報収集と応募のどちらが先だと思いますか？",🗂️,medium,implicit,
2026-10-24,19:00,tenshoku,threads,転職,"採用側の視点として、書類選考で見られやすいポイントは「年齢」だけでなく「マネジメント経験の有無」や「新しく学んでいること」だとよく言われます。

特に最近はAIなど、業務外での学習をアピールする人が増えている印象です。

保存しておくと、職務経歴書を見直すときに役立つかもしれません📝",📝,high,implicit,
2026-10-24,21:00,tenshoku,threads,転職,"「石の上にも3年」って、まだ信じてますか？
最初の会社は我慢の場所だと思っていた人ほど、体調に変化が出てから初めて気づくことが多いようです。
続けることが正解とは限らない環境、意外と多いのかもしれません。
あなたの周りにも、そんな話ありますか？",🤔💭,high,implicit,
2026-10-24,07:00,pet,threads,ペット,"結論、犬の留守番対策は""環境""より""合図の習慣化""で決まると考えている。
チェックリスト
・出る前と帰宅後の声かけを毎回同じ言葉にする
・退屈対策グッズは3日おきに入れ替える
・室温と換気は数値で管理し感覚に頼らない
この3点を意識するだけで留守番中の様子が変わったという報告は多い。あなたの家ではどれを優先している？",🐕📝,high,none,
2026-10-24,12:00,pet,threads,ペット,"猫の1日の飲水量は体重1kgあたり50mlが目安とされている。私はこの数字を下回った日は要注意ラインだと考える派。
判断基準
・器の水は最低1日1回入れ替える
・複数の器を離れた場所に置く
・冬場は基準値を下回りやすいので温度も確認する
数字で管理すると変化に気づきやすいという声が多い。普段、水分量はどう確認してる？",🐈💧,high,none,
2026-10-24,19:00,pet,threads,ペット,犬が『ご褒美用おやつ』の匂いを嗅いだ瞬間に真顔になる瞬間、あれは表情筋より『間』で感情を伝えている証拠だと思う。結論、指示を出す前に3秒待つだけで反応がはっきり変わることが多い。急かすより『待たせる』方が実は伝わりやすいという観察、共感する飼い主さん多い印象。みなさんの子は何秒くらい待てますか？,🐶⏱️,medium,implicit,
2026-10-24,21:00,pet,threads,ペット,35℃の日、アスファルト表面温度は60℃近くまで上がることがある。結論、日中の散歩は避けて『朝5時台』か『夜9時以降』の二択でいいと思う。チェックすべきは3つだけ。①手の甲を5秒地面につけて熱くないか②肉球の色や歩き方に違和感がないか③水分補給用のボトルを常に携帯しているか。この3つを守るだけで熱中症リスクはかなり下げられる印象。みなさんは散歩の時間、いつにずらしてますか？,🌡️🐾,high,implicit,
2026-10-24,07:00,sleep,threads,睡眠,"結論、夜中に何度も目が覚めるなら“質問”より先に“室温”を疑ったほうがいいと思う。
チェックリスト
・寝室が27℃以下か
・除湿は40〜60%目安になっているか
・扇風機の風が体に直接当たっていないか
一つでも当てはまらないなら、まずそこから見直すのが近道。今の時期、何度目が覚める？",🌙💦,high,implicit,
2026-10-24,12:00,sleep,threads,睡眠,"結論、お盆休みで夜型になった人は、今が一番戻しにくい時期だと思う。
観察していると崩れがちなのはこの2パターン
・起床時間だけ元に戻して就寝時間はそのまま
・寝る前のスマホ時間だけ伸びたまま
休み明け、みんなはどう立て直してる？",🌅📱,medium,implicit,
2026-10-24,19:00,sleep,threads,睡眠,入眠までの目安は10〜20分。30分以上かかる日が続くなら、寝具より先に環境を疑ったほうがいいというのが私の考え。チェックすべきは3つだけ。①寝る1時間前のスマホ②寝室の温度③寝る直前の入浴タイミング。今の暑い時期は①②の影響が特に大きいと感じている。あなたはこの3つのうち、どれが一番崩れやすい？,🌙💤,high,implicit,
2026-10-24,21:00,sleep,threads,睡眠,結論、寝苦しい夜に安眠グッズを増やすより先にやることがある。それは『室温を下げる』の一択だと思っている。手順はシンプル。①就寝1時間前にエアコンを26〜27℃設定②寝る直前の熱いシャワーはNG、ぬるめの湯船かシャワーのみ③掛け布団は接触冷感素材に変える。この3つを順番通りにやるだけで体感はかなり変わるという声をよく見かける。今夜、この中でどれから試せそう？,🌡️😴,high,implicit,
2026-10-25,07:00,konkatsu,threads,婚活,"先週、電車で隣に座った2人の会話が最後まで敬語のままだったのを見かけた。私は、3回目のデート以降も敬語や距離感が変わらない相手とは、進展が鈍いことが多いと感じている。

■距離感が縮まっているかの判断基準
・下の名前や愛称で呼べているか
・沈黙があっても気まずくないか
・LINEの返信が短文でも成立しているか

条件よりも先にこの「距離感」を見たほうが、後の失敗が減る気がしている。
あなたは何回目のデートで距離感の変化を感じる？",🚃💬,medium,implicit,
2026-10-25,12:00,konkatsu,threads,婚活,"結論、婚活が長引く人の多くは「審査モード」に入り込んでいると感じる。条件確認から入るほど、相手も身構えて距離が縮まらない。

■審査モードに入っているサイン3つ
・初対面でいきなり年収/実家/将来設計を聞く
・沈黙が怖くて質問攻めになる
・LINEが「今度会いましょう」で止まり日程を詰めない

私は「面接官をやめた瞬間に、婚活は前に進む」派。条件を通過した先に好意があるのではなく、条件を忘れた瞬間に好意が生まれるものだと思う。

あなたは直近のデート、趣味の話に何分使えた？",💍🤔,high,implicit,
2026-10-25,19:00,konkatsu,threads,婚活,"結論、同棲の話し合いは「言葉が同じでも意味が違う」ことが多いと思う。

先日、地下鉄で隣になった20代後半くらいの2人の会話がふと耳に入った。「一緒に住もう」という同じ一言に対して、片方は現状維持のつもりで、もう片方は結婚への準備のつもりで話しているように聞こえた。

■同棲前にすり合わせておきたい3つ
・同棲のゴール（結婚時期）をいつまでに話すか
・生活費・家事の分担ルール
・将来の話題が出たときの反応を観察する

私は「同棲の意味は、言葉より態度で確認するべき」派。

あなたは同棲、通過点派？それとも結婚への準備派？",🏠💬,high,implicit,
2026-10-25,21:00,konkatsu,threads,婚活,"結論、婚活で停滞する人の多くは「審査モード」に入りすぎていると感じる。
最初は『どんな人だろう』だったのに、気づけば年収・学歴・実家の話ばかり聞いていないだろうか。
私は、条件確認より先に『素の自分が出せる相手かどうか』を見る派。
■審査モードに入っているサイン
・沈黙が怖くて質問攻めになる
・LINEが用件だけのやり取りに変わる
・会うたびに品定めされている感覚が強くなる
一つでも当てはまったら、条件リストより会話の中身を見直した方がいいと思っている。
あなたは今、どちらのモードだと思う？",💍📝,high,implicit,
2026-10-25,07:00,sidejob,threads,副業,"結論、副業を選ぶ基準は「単価」より「再現性」だと思う。

高単価でも自分にしか売れないスキルは長続きしにくい。逆に単価が低くても、毎回同じ手順で数字が読める仕組みの方が結果的に続けやすいと感じる。

副業を選ぶ前に見るチェックリスト
・作業時間が毎回大きくブレないか
・自分が休んでも仕組みが回るか
・成果が数字で見える仕組みか

これに当てはまらない副業は、始める前に一度立ち止まった方がいいと思う。

みんなは副業選びで何を一番重視してる？",📝✅,high,implicit,
2026-10-25,12:00,sidejob,threads,副業,"丁寧に書きすぎた投稿ほど伸びない、というのは副業アカウントを見ていてよく感じること。

長文で背景から説明するより、3行で言い切る投稿の方が反応が良い印象がある。通勤時間にサッと読める分量に収まっているかどうかは、地味だけど大きな差になっている気がする。

短く言い切る投稿の型
・1行目で結論を言う
・2行目で理由をひとつだけ添える
・3行目で行動か問いで締める

丁寧に書きすぎて逆に反応が伸びなかった経験、心当たりある人いる？",✂️💭,medium,implicit,
2026-10-25,19:00,sidejob,threads,副業,"結論、初心者が最初に手を出すべき副業は「在庫を持たない系」だと考えています。
判断基準はシンプルに3つ。①初期費用1万円以下②即日撤退できる③スキマ時間で完結する。
この3条件を満たさない副業話は、契約前に一度立ち止まる価値があると思います。
あなたが今検討している副業、この基準に当てはまりますか？",📝✅,high,implicit,
2026-10-25,21:00,sidejob,threads,副業,"副業を始めて早期にやめる人に共通するのは、「完璧な準備」を先にやろうとする傾向だと感じています。
私は「まず小さく1件動いてから改善する」派です。
準備期間が長くなるほど、実行に踏み出す心理的ハードルが上がっていく現象、周りで見かけませんか？",💭🔍,medium,implicit,
2026-10-25,07:00,beauty,threads,美容,"結論、秋の乾燥対策は「化粧水の量」より「重ねる回数」がカギだと思う。
チェックしてほしいポイントは3つ。
①肌がつっぱる時間帯が朝か夜かで違うか
②メイクのヨレが増えたか
③使うアイテムを季節で変えているか
1つでも当てはまるなら、量を増やす前に重ねづけの回数を見直すのがおすすめ。
秋の乾燥、対策変えた人います？",🍂✨,high,implicit,
2026-10-25,12:00,beauty,threads,美容,"私は「毛穴パック」より「保湿の均一化」を優先する派。
乾燥した部分ほど皮脂が過剰に出て毛穴が目立ちやすくなると考えているから。
見直すポイントは2つだけ。
①Tゾーンと頬で化粧水の量を変えていないか
②夜だけ保湿して朝は省略していないか
この2つを直すだけで印象が変わったという声もよく見かける。
毛穴対策、今どうしてますか？",🔍✨,medium,implicit,
2026-10-25,19:00,beauty,threads,美容,"結論、毛穴とくすみは「隠す」より「土台から整える」ほうが長期的には楽だと思っている。
私の基準はシンプルで、①下地前に毛穴用の下地を一枚挟む②くすみは色ムラよりまず乾燥ケアを先にする③厚塗りで誤魔化す日は週1以下にする、の3つだけ。
特別な日だけ気合いを入れるより、日常の延長で整えるほうが結局続く気がしている。
あなたは「隠す派」「土台から整える派」どっち？",🧴✨,medium,implicit,
2026-10-25,21:00,beauty,threads,美容,"はっきり言うと、肌だけ頑張っても髪がパサついていると顔全体の印象がくすんで見えると思っている。
私が意識しているのは、①乾かす前にオイルを一滴つける②アイロン前も同じ工程を挟む③ディープトリートメントは週1回だけ、の3ステップだけ。
肌の透明感を仕込む前に髪のツヤを仕込んだほうが、写真の伸びが早い気がしている。
今、肌ケアと髪ケア、時間をかけているのはどっち？",💇‍♀️✨,medium,implicit,
2026-10-25,07:00,bodymake,threads,筋トレ,"私は「準備の手間を先に減らす」派。
・前夜にジムバッグを玄関に置く
・着替えを枕元に用意する
・補給用のドリンクを冷蔵庫に常備する
この3つだけで、朝の重い腰がかなり軽くなったという声をよく見かける。
次の朝トレ、あなたは前夜に何を準備しておく？",🎒⏰,medium,implicit,
2026-10-25,12:00,bodymake,threads,筋トレ,結論、筋トレは週3〜4回に抑える派でいる。毎日追い込むより、部位ごとに48〜72時間の回復時間を空けたほうが、扱う重量が結果的に伸びやすいと感じている。曜日固定より「前回の筋肉痛が抜けたか」で次のトレ日を決める人が周りには多い印象。あなたは頻度、何回で回してる？,💪📅,high,implicit,
2026-10-25,19:00,bodymake,threads,筋トレ,結論、筋トレの継続力は「準備の手間を何分削れるか」で9割決まると思っている。続けられている人に共通して見えるのは①ウェアを前夜に出す②ジムバッグを玄関に置く③行った日だけカレンダーに丸をつける、の3つだけ。根性で乗り切るより仕組みを変える方が再現性が高い気がしている。あなたが取り入れてる『続く仕組み』、ひとつだけ教えて？,🗓️✅,medium,implicit,
2026-10-25,21:00,bodymake,threads,筋トレ,"結論、筋トレが続くかどうかは「最初の2週間の頻度設計」でほぼ決まると思っている。理由はシンプルで、習慣が固まる前に高頻度・高強度にすると、心身の負荷でやめやすくなるから。
続けやすい人に共通する初期設計はこの3つ。
・週2〜3回からスタートする
・同じ部位を連続で追い込まない
・「休む日」を先にカレンダーへ入れておく
この3つを外している人ほど、3週間以内に離脱しやすい印象がある。あなたは最初の2週間、どんな頻度で始めた（始める予定）？",📅💪,high,implicit,
2026-10-25,07:00,education,threads,教育,"結論、子どもの『できない』への返しは、否定せず現在地を示す一言に変えるだけで反応が変わると感じています。
私が意識しているのは3段階の言い換えです。
・否定しない→「まだ途中だね」
・現在地を示す→「ここまではできてるね」
・次に繋げる→「次はここをやってみようか」
この順番を守るだけで表情が変わることがあります。
みなさんが使っている言い換え、コメントで教えてください。",📌,high,implicit,
2026-10-25,12:00,education,threads,教育,"結論、子どもの「できない」への返しは具体性一択だと思っています。
・「まだできてないだけ」→現在地の言い換え
・「ここまでできてるね」→進捗の可視化
・「一緒に考えてみようか」→伴走宣言
保存版チェックリストとして使ってみてください。他に使っている言い換え、あれば教えてください。",📌✏️,high,implicit,
2026-10-25,19:00,education,threads,教育,"結論、子どもの「できない」への返しは、行動を主語にすると変わると思う。
私は「あなたはできない」ではなく「このやり方がまだ合ってないだけ」と伝える派です。
・成果より途中経過を認める
・他の子と比較しない基準を先に決めておく
・次の一歩だけを具体的に提案する
保存版のつもりで書きました。皆さんが実際に使ってる言い換え、どんなのがありますか？",📝,high,implicit,
2026-10-25,21:00,education,threads,教育,"結論、ロボット教室とプログラミング教室は「入り口」で選べば失敗しにくいと思う。
私は、手を動かすのが好きな子にはロボット、画面の中で完結させたい子にはプログラミングを勧める派です。
判断の目安：
・工作や分解が好き→ロボット系
・ゲームや動画を作りたい→プログラミング系
・両方好きそう→まずは両方の体験だけ受けてみる
どちらのタイプか、迷ってる人はお子さんの普段の遊び方どっちに近いですか？",🤖,high,implicit,
2026-10-25,07:00,setsuyaku,threads,節約,"結論、固定費は「通信→保険→サブスク」の順で見直すのが一番効率がいいと思っている。

理由は単純で、この3つは一度見直せば毎月ずっと効果が続くから。

見直す時に自分がチェックしてる基準はこの3つだけ。
①使ってる機能を実際に使っているか
②同条件でもっと安いプランがあるか
③解約・変更の手間が数千円以上の価値に見合うか

節約系の発信をしてると「頑張って我慢する」系のアドバイスが多いけど、個人的には我慢より仕組みを変える方がラクだし続くと感じてる。

みんなは固定費、どこから手をつけた？",💡📱,high,implicit,
2026-10-25,12:00,setsuyaku,threads,節約,"ふるさと納税、毎年12月に慌てて申し込む人が多いけど、私は「夏〜秋のうちに上限額だけ計算しておく派」。

理由は、年末は返礼品の人気商品が売り切れやすいから。

上限額を計算する時に見てる項目はこれだけ。
・今年の給与収入（見込みでOK）
・扶養家族の人数
・他の控除（iDeCoやふるさと納税以外の寄付）の有無

この3つが分かれば、シミュレーターでだいたいの上限は出せる。

毎年ギリギリで焦る人、意外と多くない？",🍅📝,medium,implicit,
2026-10-25,19:00,setsuyaku,threads,節約,ふるさと納税、いまだに『返礼品ランキング』から選んでる人が多い気がする。私は先に控除上限額を計算してから探す派。手順はシンプルで、①年収から上限額を出す②米や洗剤など普段使いのカテゴリで探す③届く時期を分散させる、この3ステップだけ。年末に慌てて選ぶより今の時期に動いた方が選択肢が多い。今年もう申し込んだ人いる？,🍚📦,high,implicit,
2026-10-25,21:00,setsuyaku,threads,節約,先月のスーパー、去年と同じ買い物カゴなのに800円くらい高くなってた気がする。値上げの実感って数字にすると結構でかい。私は毎回レシートを前月分と見比べる派で、家計簿アプリより肌感覚が掴みやすいと思ってる。細かい値上げ、みんなはどの商品で一番感じてる？,🧾📈,high,implicit,
2026-10-25,07:00,tenshoku,threads,転職,"2026年、育児・介護休業法の改正で「小学校3年生まで時短勤務が可能」になった会社、実はまだ知られていません。
求人票だけでは分からない“制度の運用実態”こそ、会社選びで見落とされがちなポイントかもしれません。
面接で聞いてよかった質問、ある人は教えてください🙏",📋✨,high,implicit,
2026-10-25,12:00,tenshoku,threads,転職,"面接で落ちる人の多くは「逆質問」で損してると思う。
私はこれまで採用側・支援側の両方を見てきたけど、ここを軽視してる人が本当に多い。

チェックしてほしいのはこの3つ：
・給与や休暇の確認だけで終わっていないか
・入社後にどう貢献したいかを語れているか
・面接官の反応を見て一段深掘りできているか

どれか1つでも欠けると、印象は一気に薄くなる。

あなたは逆質問、何を準備してる？",📝✅,high,implicit,
2026-10-25,19:00,tenshoku,threads,転職,"「今の会社が嫌」だけで転職活動を始めると、正直うまくいかないケースが多いと感じている。

私が見てきた中で、うまくいっている人には共通点があった。
・辞めたい理由より「叶えたい条件」を先に言語化している
・年収だけでなく働き方の優先順位が決まっている
・応募前の自己分析にちゃんと時間をかけている

逆に勢いだけで書類を出す人ほど、入社後にミスマッチを感じやすい印象がある。

今の転職理由、「逃げ」より「叶えたいこと」で言えてる？",💭🔍,high,implicit,
2026-10-25,21:00,tenshoku,threads,転職,"面接で給与交渉をしない人がまだ8割くらいいる気がする。
私は「交渉しない方がリスク」派。

交渉するタイミングの基準はこの3つだけ見てる。
①内定通知後、入社日確定前
②他社オファーがある場合は先に開示
③希望額は根拠（前職給与・市場相場）とセットで出す

これだけでも印象は悪くならないし、下がることはほぼない。

みんなは給与交渉、したことある派？しない派？",💬📈,high,implicit,
2026-10-25,07:00,pet,threads,ペット,"うちの猫、掃除機をかけた日は決まって半日ふてくされてる。もう3年目だけど毎回同じ反応。

私は正直、掃除機のタイミングは猫の機嫌優先派。多少部屋が汚くても、猫が隠れて出てこない時間を作らない方が結果的にストレス少ないと思ってる。

音に敏感な子への対策、うちでやってるのは
・掃除機前におやつで別室に誘導
・掃除の直前に一声かける
・終わったらすぐ横に座って様子を見る

これくらいで様子見の時間は結構減った。

みんなの子は掃除機、平気なタイプ？それとも即逃走タイプ？",🐱🧹,high,implicit,
2026-10-25,12:00,pet,threads,ペット,"月の餌代、犬猫1匹あたり5,000〜8,000円が「普通」だと思ってる。これより極端に安い場合は原材料を一度見直した方がいいと感じる。

私はコスパより「原材料の最初の3つが何か」を優先派。安さだけで選んで体調を崩された経験があるので、そこは譲れないラインにしてる。

選ぶときにチェックしてる基準はこの3つ。
① 主原料が穀物メインじゃないか
② 添加物表記がシンプルか
③ 年齢・体重に合った粒サイズか

この基準にしてから、うちの子は毛艶と便の状態が安定した。

餌選び、みんなは価格重視？成分重視？",🐾🍖,medium,implicit,
2026-10-25,19:00,pet,threads,ペット,"結論、フード選びで一番見るべきは「原材料表示の順番」だと思っている。

最初の3つに肉・魚由来のタンパク源が入っているかで、だいたいの品質は判断できる。

保存版チェックリスト↓
□ 原材料の1〜3番目にタンパク源があるか
□ 添加物の種類が多すぎないか
□ 便の状態（硬さ・匂い）が切り替え後2週間で安定したか
□ 粒の大きさが顎の力に合っているか

毎回パッケージ裏を見返すのが面倒な人向けの基準です。

みなさんはフード選びで一番重視してる項目、何ですか？",🐾📋,high,implicit,
2026-10-25,21:00,pet,threads,ペット,"猫が急に飼い主の膝から降りて、少し離れた場所で丸くなるのは「嫌い」じゃなくて「安心してる証拠」だと思っている。

ベタベタ甘えるだけが愛情表現じゃなくて、視界に入る距離で寛いでいること自体が信頼のサインというのが私の見方。

同じ空間にいるのに触れ合わない時間、うちのコだけかと思ってたけど意外とあるあるらしい。

猫飼いのみなさん、この「つかず離れず」感じたことあります？",🐈,medium,none,
2026-10-25,07:00,sleep,threads,睡眠,"結論、入浴は寝る90分前が一番効果を感じやすいと思っています。私は「90分前入浴派」。理由は体温が下がり始めるタイミングと、入眠に向かう体内リズムが噛み合うから。
今日からできる3ステップ↓
①38〜40度で10〜15分浸かる
②上がったらすぐ靴下を脱ぐ
③照明を落として画面を見ない
これだけで寝つきが変わったという声、よく見かけます。あなたは何分前派ですか？",🛁🌙,high,implicit,
2026-10-25,12:00,sleep,threads,睡眠,"室温は18〜20度が睡眠の質に一番影響すると感じています。私は「寒め設定＋厚手ブランケット派」。エアコンをタイマーで切って朝方に室温が上がり、中途覚醒するという相談が地味に多いです。
チェックリスト↓
・就寝時は18〜20度に設定
・タイマーではなく朝までつけっぱなしが安定
・掛け布団は薄手を2枚で微調整
今の寝室、何度に設定してますか？",🌡️😴,high,implicit,
2026-10-25,19:00,sleep,threads,睡眠,"結論、夜中に何度も目が覚めるのは「気にしすぎ」より先に室温と光を疑ったほうがいい派です。
目安にしているチェックはこの3つ↓
①寝る1時間前は暖色照明に切り替えているか
②布団の中の温度が高すぎないか
③起床時刻を平日休日で大きくズラしていないか
どれか当てはまる人、地味に多いはず。あなたはどれが一番怪しいと思う？",🌙💤,high,implicit,
2026-10-25,21:00,sleep,threads,睡眠,"最近「夜中に3回以上目が覚める」という声をよく見かける。私はこれ、スマホより『布団の中で考え事をする時間』の影響のほうが大きいと思っている派です。
試している人が多い対策はシンプルで、
・寝る前に『明日やること』を紙に書き出す
・布団に入ったら考え事を一旦保留にする
これだけで中途覚醒が減ったという話をよく聞きます。同じタイプの人いる？",🛌📝,medium,implicit,
2026-10-26,07:00,konkatsu,threads,婚活,"初対面から3回目のデートまでずっと敬語のまま、というのは珍しいことではないと観察している。
私は『3回目で下の名前を呼べているか』を進展の分かれ目として見ている派。
■距離感が縮まっているかのチェック
・沈黙になっても気まずくならない
・LINEの文末に絵文字や砕けた言い回しが増える
・次の予定を相手から提案してくるようになる
逆にこれが3回目を過ぎても変わらない場合、関係は仮交際のまま止まりやすいと感じている。
あなたの婚活で、距離感が変わった瞬間はどんなタイミングだった？",📏💬,medium,implicit,
2026-10-26,12:00,konkatsu,threads,婚活,"結論、婚活で本気度を見るべきは「学歴」より「質問の数」だと思う。
先週、婚活パーティー会場のロビーで順番待ちをしていた2人の会話が耳に入った。
一方はプロフィールの年収や勤務先ばかり確認し、もう一方は相手の休日の過ごし方を3つも質問していた。
■本気度が高い人に共通する質問の傾向
・相手の「好きなもの」を聞いているか
・条件確認より過去のエピソードを聞いているか
・沈黙の後も会話を続けようとしているか
条件を聞く人より、好きなものを聞く人の方が、関係が進みやすいと感じている。
直近のデートで「質問攻めだったな」と感じた瞬間、ありましたか？",🤔📝,high,implicit,
2026-10-26,19:00,konkatsu,threads,婚活,"私は、婚活が停滞する一番の原因は「年収」より「審査モードが抜けないこと」だと思う。
最初はときめきで会っていたはずなのに、3回目あたりから急に条件確認モードに切り替わる人を何人も見てきた。
■審査モードに入っているサイン
・会話の8割が確認作業になっている
・相手の弱みより強みばかり探している
・楽しかった記憶より条件の一致率で判断している
審査を忘れられた瞬間からしか、関係は前に進まないと考えている。
最近のデートで、つい確認モードになってしまった瞬間はありましたか？",💭✅,high,implicit,
2026-10-26,21:00,konkatsu,threads,婚活,"婚活中の人の話を聞いていると、プロフ写真で一番差が出るのは加工より表情だと感じる。
結論、自己紹介文の雰囲気と写真の表情が一致していないと不成立になりやすい気がする。
■見直しポイント
・自然光で撮っているか
・口角より目が笑っているか
・年齢に見合った雰囲気か
プロフ迷子、意外と多い印象。みんなは写真何枚使ってる？",👀,medium,implicit,
2026-10-26,07:00,sidejob,threads,副業,副業アプリを3つ以上掛け持ちしてる人、正直成果が分散して伸びにくいと感じる。私は「1つに集中→一定期間で反応が出なければ乗り換え」派です。乗り換えるかどうかの判断基準は3つ。①初月に実際に手を動かした時間 ②得られた反応・問い合わせ数 ③自分の得意分野との相性。増やす前に一度この3つで立ち止まってみてほしい。あなたは掛け持ち派？集中派？,📝✅,high,implicit,
2026-10-26,12:00,sidejob,threads,副業,在宅ワークの求人、応募者の多くが単価だけを見て選んでいる印象がある。私は「継続して依頼が来るかどうか」で選ぶべき派。単価が高くても更新されない案件は結局稼働ゼロになりやすい。見るべきポイントは①募集期間の長さ ②依頼主のレビュー数 ③初回対応の速さ、の3つ。単価と継続率、どちらを優先して選んでる？,🔍,medium,none,
2026-10-26,19:00,sidejob,threads,副業,"結論、副業初心者はまず「在庫を持たない」ジャンルから始めるべきだと思っています。
挑戦してすぐ挫折する人の共通点は、初期費用を先に使いすぎることです。
私が見てきた中で続きやすかった順番はこちら👇
①スキル販売（時間さえあれば元手0円）
②アフィリエイト（在庫ゼロ・発送ゼロ）
③物販（在庫リスクあり・最後に検討）
あなたが最初に選んだのはどのタイプでしたか？",👇,high,implicit,
2026-10-26,21:00,sidejob,threads,副業,"体感、副業が続かない人の8割は「毎日投稿」を目標にしすぎていると思っています。
私は質より先に「継続できる頻度」を決める派です。
挫折しやすい人によく見られる特徴はこちら👇
・初日から気合を入れすぎる
・反応がないとすぐやめる
・比較対象がいきなり月収100万円の人
まずは週2投稿を3ヶ月続けるほうが、結果的に早く積み上がります。
今の投稿頻度、少し無理していませんか？",👇,high,implicit,
2026-10-26,07:00,beauty,threads,美容,"「盛れるコスメ」より「自分に合う色」を選んだ方が結局盛れる、と最近よく思う。
私はパーツを強調するメイクより、肌なじみ優先の似合わせ盛り派。
セルフチェックは、①ファンデを頬と顎で色比べする②チークは骨格の一番高い位置に薄く③リップは唇の血色に近い色を選ぶ、の3つだけ。
パーツ盛りで浮いていた頃より、似合わせを意識してからの方が『変わったね』と言われる気がしている。
最近メイクで意識してること、ある？",💄🪞,medium,implicit,
2026-10-26,12:00,beauty,threads,美容,"結論、今話題の「再生系成分」は成分名で選ぶより、悩み別に使い分けるほうが失敗しにくいと感じています。
見ている基準は3つ→①乾燥か赤みかで系統を選ぶ②新成分は少量から試す③3週間は変化を様子見してから判断。
情報が多い時期ほど「基準を先に決める」ほうが近道だと思うのですが、みなさんは成分選びで何を一番重視していますか？",✅🧪,high,implicit,
2026-10-26,19:00,beauty,threads,美容,"私は「攻める美容医療級ケア」より「守る土台ケア」を先に固める派です。
季節の変化で肌がゆらぐという声は美容メディアでもよく指摘されています。
土台ケアの基準は3つ→①バリアを壊さない洗顔に一時切り替え②低刺激処方を選ぶ③肌が落ち着いてから攻めケアを再開。
今の時期、攻めと守りどちらを優先していますか？",🛡️🌿,high,implicit,
2026-10-26,21:00,beauty,threads,美容,"結論、乾燥小ジワ対策は「保湿の量」より「重ねるタイミング」だと思っている。
私がチェックしている基準は3つ。
①洗顔後1分以内に化粧水を1プッシュ
②乳液は手のひらで軽く温めてから伸ばす
③夜だけ保湿量を1.5倍にする
この3つのうち、1つでもやってないと乾燥が戻りやすい印象。
みなさんは重ねるタイミング、意識してますか？",🧴💧,high,implicit,
2026-10-26,07:00,bodymake,threads,筋トレ,"「筋肉痛が出ないと効いていない」というのは半分間違いだと思っている。筋肉痛はダメージの指標であって、成長そのものの指標ではないからだ。
実際、扱う重量や回数の推移が右肩上がりなら、筋肉痛がなくても筋力・筋量は伸びているケースがある。
成長判断に使えるチェックポイントはこの3つ。
・同じ種目の重量が3週間前より伸びているか
・同じ重量でのフォームが安定してきたか
・翌日の「動ける感覚」を疲労感より重視できているか
この3つを記録し始めると、筋肉痛の有無に一喜一憂しなくなる気がしている。あなたは何を基準に伸びを判断してる？",📊🔥,high,implicit,
2026-10-26,12:00,bodymake,threads,筋トレ,"停滞期に入ったとき、種目を増やす前に見直されがちなポイントをメモ。
① 睡眠時間が最近削れていないか
② 同じ重量・回数が何週も続いていないか
③ 体重の変化に対して食事量が合っているか
この3つから確認する、という考え方があるらしい。
みんなは停滞期、まず何から見直す？
📝",📝,high,implicit,
2026-10-26,19:00,bodymake,threads,筋トレ,体重×1.5gのタンパク質量、いきなり計算しなくていい。私が続けているのは「卵1個＋納豆1パック」を毎日の食事に固定で足すだけのルール。数字を追うより“いつもの食事に1品足す”方式の方が続く気がしている。今日の食事、あと何を足せそう？,🥚,medium,implicit,
2026-10-26,21:00,bodymake,threads,筋トレ,結論、忙しい日ほど「10分メニュー」でいいと思っている。私が実践しているのはスクワット10回・腕立て10回・プランク30秒の3つだけ。完璧な60分より、ゼロの日を作らないことの方が半年後の差になる気がしている。あなたが忙しい日に削るなら、種目？時間？それとも回数？,💪🏠,high,implicit,
2026-10-26,07:00,education,threads,教育,"結論、宿題タイムは「机に向かう時間の長さ」より「始めるまでのハードルの低さ」を優先した方がうまくいくと感じている。
声かけで意識しているのは次の3つ。
①「10分だけやろう」と時間を区切る
②最初の1問だけ一緒に解く
③終わったら丸つけより先に「お疲れさま」を言う
完璧な計画より、始めやすさを優先する家庭の方が続いている印象がある。
あなたの家庭は、始める工夫と終わる工夫、どちらを重視していますか？",📝✏️,high,implicit,
2026-10-26,12:00,education,threads,教育,"私は「通知表の点数」より先に「本人が一番頑張ったと思う教科」を聞く派です。
点数だけを見ると、努力が結果に出なかった教科がどうしても目に入りにくい。
先に本人の実感を聞いてから点数を見ると、声のかけ方が変わってくる。
点数の話は、そのあとでいい。
みなさんは、点数と本人の実感、どちらを先に聞きますか？",🗣️📖,high,implicit,
2026-10-26,19:00,education,threads,教育,"通信制高校を調べると、オンラインと通学を両方持つところがあるらしい。

資料請求前に見ていた点は3つ。
・授業の受け方
・相談窓口の有無
・費用の内訳が資料で分かるか

進路の候補に、通信制は入っていますか？",📚,medium,implicit,
2026-10-26,21:00,education,threads,教育,"幼児教室と小学校受験の教室をいくつか調べると、「無料体験の予約」が入口のものがあるらしい。

体験の前に見ていた点は3つ。
・対象年齢が公開ページに書いてあるか
・体験が無料か
・受験対策の範囲がどこまでか

習い事の候補に、教室型は入っていますか？",📚,medium,implicit,
2026-10-26,07:00,setsuyaku,threads,節約,"月額3000円以上のスマホ代を払ってる人、結論そのままだと損してます。

私は「基本料＋事務手数料＋通話料」の総額でしか比較しない派です。

見るべきポイントは3つだけ。
① 直近3ヶ月の平均データ使用量（設定画面で確認）
② 通話は月何分か（かけ放題が必要か）
③ 契約時の事務手数料込みの実質月額

表面の月額だけ見て選ぶと、結局高くつくケースをよく見かけます。

みんなは乗り換えるとき、月額以外にどこ見て決めてます？",📱,high,implicit,
2026-10-26,12:00,setsuyaku,threads,節約,"ふるさと納税、12月にまとめてやる人が多いですが、私は「夏のうちに上限額だけ確認しておく」派です。

理由はシンプルで、年末は返礼品が品切れ・発送遅延になりやすいから。

やることは2つだけ。
① 今年の想定年収からざっくり上限額を計算
② 上限の8割くらいまでで一度申し込んでおく

『年末にまとめて選ぶ楽しさ』もわかるけど、選択肢が減ってから焦るより早めの方が結局お得だと感じます。

みなさんは毎年いつ頃やってますか？",🍅,medium,implicit,
2026-10-26,19:00,setsuyaku,threads,節約,"月の固定費が3万円台に収まるかどうかで、貯金体質は9割決まると思っている。私は結論、食費を削るより先に固定費を見直すべき派です。
見直す優先順位は①通信費②サブスク③保険④電気ガスの順が効率的。
チェックリスト
・スマホ代が月5000円を超えていないか
・使っていないサブスクが3つ以上ないか
・保険に『なんとなく』で入っていないか
固定費、最後に見直したのいつですか？",💰📝,high,implicit,
2026-10-26,21:00,setsuyaku,threads,節約,"食費を切り詰めるより、惰性で払っている固定費を削る方が続けやすいと思う。私はここ数年、食費より先に契約系の見直しから手をつける派です。
節約が続かない人に共通するのは、我慢を積み重ねて疲れてしまうこと。一度手続きすれば自動的に減る仕組みの方が挫折しにくい。
変動費と固定費、みなさんはどっちから見直しましたか？",🧾💡,medium,implicit,
2026-10-26,07:00,tenshoku,threads,転職,"求人サイトの倍率が高くても、現場の実感は「買い手市場」という人が6割超えてるらしい。
私はこのギャップこそが転職活動の落とし穴だと思ってる。

『本当に人が足りてる会社』を見極める基準はこの3つ。
・面接官が2回以上変わる＝選考が慎重＝実は余裕がある可能性
・スカウトの文面が定型文か個別かで温度感が分かる
・求人票の「即日入社歓迎」は逆に警戒したほうがいい

数字だけで判断すると痛い目を見る。

このギャップ、実際に感じたことある人いる？",🔍📊,high,implicit,
2026-10-26,12:00,tenshoku,threads,転職,"私は「転職エージェント3社登録」派です。理由は単純で、求人の出方が会社によって全然違うから。
1社だけだと紹介される求人の数も業界の偏りも大きい、という声はよく聞きます。

登録前に見るべきチェックリストはこの3つ。
・得意業界（IT/メーカーなど）が自分と合っているか
・担当者の初回提案までのスピード
・面談の日程調整のしやすさ

これだけで「合わないエージェント」に時間を溶かすリスクはかなり減らせます。

みなさんは何社登録していますか？",📋,high,none,
2026-10-26,19:00,tenshoku,threads,転職,"結論、面接での退職理由は「ポジティブ変換一択」だと思っている。
「人間関係が嫌だった」ではなく「よりチームで成果を出せる環境を求めた」に言い換えるだけで、面接官の受け取り方は変わる、という声は多い。

言い換えの基準はシンプル。
・ネガティブワードを削る
・未来志向の言葉に変える
・具体的な行動やスキルにつなげる

これを意識するだけで、同じ経歴でも印象は大きく変わるはず。

みんなはどう言い換えてる？",💬,medium,implicit,
2026-10-26,21:00,tenshoku,threads,転職,"転職エージェントは1社より3社使う方が良いと思う。理由は求人の偏りと担当者の当たり外れをなくすため。
比較するときに見てるポイントはこの4つ。
・提案してくる求人の幅
・年収交渉の実績
・担当者の業界理解度
・面接後のフィードバックの速さ
1社だけだと『その担当者の得意分野』しか見えてこない。みなさんは何社くらい使ってますか？",📝✅,high,none,
2026-10-26,07:00,pet,threads,ペット,"結論、初心者ほど多頭飼いより先に「通院費の備え」を整えるべきだと思う。保険の有無で、通院するかどうかの判断が変わる場面をよく見かける。

【通院前チェック】
・年1回の健康診断予定はあるか
・通院費の上限額を決めているか
・持病の有無を把握しているか

これだけで「まさかの通院」への心構えがかなり変わる、というのが個人的な結論。みなさんは通院費の目安、決めていますか？",🐾🏥,medium,none,
2026-10-26,12:00,pet,threads,ペット,"うちの子が季節の変わり目にフードを残す——これ、あるあるだと思う。結論、フードを変える前にまず「量」を見直すのが先。

【原因を絞る3チェック】
1) 体重の増減
2) おやつの量
3) 運動量の変化

これで大体の原因は絞れる、というのが観察してきた実感。みなさんの子は食欲の波、どう対策してますか？",🐶🍚,medium,none,
2026-10-26,19:00,pet,threads,ペット,"ドッグフードのパッケージ、私は上位3つの原材料しか見ていません。それで十分と思う派です。
選ぶときに確認しているポイントはこの3つです。
・主原料が肉や魚など動物性たんぱくか
・添加物表記が少ないか
・年齢や体重に合わせたカロリー設計になっているか
細かい成分表より、この3点で十分な差が出ると感じています。
みなさんはフード選びで最初にどこを見ますか？",🍖🐾,high,implicit,
2026-10-26,21:00,pet,threads,ペット,"保護犬を勧めるかどうか、私は「飼い主の経験値次第」で分ける派です。
初めて犬を迎える人には、まず性格や病歴が把握しやすいブリーダーや里親会経由の子をすすめることが多いです。反対に、一度でも犬と暮らした経験がある人には、保護犬の相性の良さを伝えることが多いです。
どちらが正しいという話ではなく、経験値によって向き不向きがあると感じています。
みなさんは保護犬派・ブリーダー派、どちらですか？その理由も聞いてみたいです。",🐕💭,high,implicit,
2026-10-26,07:00,sleep,threads,睡眠,"結論、寝る前90分のスマホ断ちが一番コスパの良い睡眠改善策だと思う。

私は『デジタル門限』と呼んで人に勧めている。

やることはシンプル：
・22:30以降は通知オフ
・照明は暖色系に切り替え
・ベッドでは本かストレッチのみ

これだけで『布団に入ってからのスマホ時間』が減り、入眠までの体感時間が短くなったという声が多い。

みんなは寝る前、何時にスマホを手放してる？",📱🌙,high,implicit,
2026-10-26,12:00,sleep,threads,睡眠,"夜中に『明日ちゃんと起きられるかな』と不安になって、逆に目が冴えた経験がある人は多いはず。

私はこの手の不安は『予定への責任感の裏返し』だと思っている。だから無理に寝ようとせず、一度アラームを2つ確認するだけで安心して眠れることが多い。

完璧に寝ようとするより、『最低限起きられる保険』を作る方が結果的に眠りやすい派です。

みんなは寝る前、そういう不安どう対処してる？",⏰😌,high,none,
2026-10-26,19:00,sleep,threads,睡眠,"結論、寝る1時間前のスマホは「明るさ」より「情報量」が問題だと思ってる。
脳が“処理待ちの情報”を抱えたまま横になると、光を落としても入眠が長引く。
私が試して良かった基準は3つだけ。
①通知は音もバイブも切る
②SNSは開いても「見る専用」にしてコメントしない
③ベッドに入ったらスマホは手の届かない場所に置く
これだけで「あれこれ考えて寝れない」時間が減った人、他にもいる？",🌙📵,high,implicit,
2026-10-26,21:00,sleep,threads,睡眠,"深部体温は入浴後90分でストンと下がる。私はこの90分ルールを知ってから、入浴時間を「寝る直前」から「寝る1.5時間前」に変えた派。
体感で変わったのはここ。
・布団に入ってからの寝つきまでの体感時間が短くなった
・夜中に一度目が覚める回数が減った気がする
入浴のタイミングを変えるだけで体感が変わった経験、ある人いる？どのくらい前に入ってる？",🛁⏰,high,implicit,
