platform,genre,bucket,bucket_basis,genre_match,handle,account_name,url,followers,posts_last30_seen,recent_views,median_views,median_to_followers,last_post_date,retrieved_date,source_url,first_frame_text,opening_type,opening_type_evidence,face_shown,main_subject,template_fixed,duration_sec,hashtag_count,pr_label,audio,product_display,feature_source,data_origin,notes
TikTok,美容スキンケア,伸びてる,数値確認,主題,akina_pbp,あーちゃん@資生堂ジャパン（@akina_pbp）,https://www.tiktok.com/@akina_pbp,47000,10,10500;31300;13000;27000;56400;18800;19600;59900;78900;33100,29150,0.62,2026-10-01,2026-10-03,tt.py（プロフィール+embed）/ ttv.py,推定：説明文が「41歳現役美容部員が伝授」型。onscreen_textは空,その他,41歳現役美容部員が伝授,あり,人,あり,51.5,4,なし,オリジナル,価格表示;使用・実演,推定（説明文）,3platform:tiktok-A-grow-b1,商品の見せ方: キャプションに税込価格。手元と実演。アクアレーベル新作など
TikTok,美容スキンケア,伸びてる,数値確認,主題,chiro_pbp,CHIRO@資生堂ジャパン（@chiro_pbp）,https://www.tiktok.com/@chiro_pbp,22000,8,5389;17500;10200;40400;55100;23800;39200;35700;3639;48300,29750,1.352,2026-09-29,2026-10-03,tt.py / ttv.py,"あり推定。キャプションが「／2,000円以下！大人のためのオールインワン！＼」「／意外と知らないメイクの順番！＼」。onscreen_text空。検索スニペットに「意外と知らない！」",その他,"2,000円以下！大人のためのオールインワン",あり,人,あり,42,4,なし,オリジナル,価格表示;使用・実演,確認済,3platform:tiktok-A-grow-b1,商品の見せ方: 番号付き☑︎リスト＋税込価格。ボトル手元
TikTok,美容スキンケア,伸びてる,数値確認,主題,cosme_ba,@cosme美容部員（@cosme_ba）,https://www.tiktok.com/@cosme_ba,142800,10,8446;107700;15100;47400;123300;29800;7324;30000;47400;18900,29900,0.209,2026-09-30,2026-10-03,tt.py / ttv.py,あり推定。「夏終わりの肌くすみには…」「👇ご紹介商品はこちら👇」型。onscreen_text空,B買う前の悩み・不一致,夏終わりの肌くすみには…,あり,人,あり,76,4,あり,オリジナル,価格表示;使用・実演,確認済,3platform:tiktok-A-grow-b1,商品の見せ方: 番号付きリスト＋税込価格。複数商品を手元紹介
TikTok,美容スキンケア,伸びてる,数値確認,主題,beauty_mentalist_yuya,美容ノゆうや（@beauty_mentalist_yuya）,https://www.tiktok.com/@beauty_mentalist_yuya,341900,6,49800;20400;73100;10400;185600;23600;52300;41700,45750,0.134,2026-09-28,2026-10-03,tt.py / ttv.py（代表1本取得、2本は空応答）,あり推定。【正直レビュー】【プチプラ神スキンケア】【半年検証】型。onscreen_text空,その他,【正直レビュー】【プチプラ神スキンケア】,不明,人,あり,88,5,あり,オリジナル,レビュー・検証,確認済,3platform:tiktok-A-grow-b1,商品の見せ方: 化粧水・洗顔などを検証レビュー。商品名を見出しに
TikTok,美容スキンケア,伸びてる,数値確認,主題,bihadanaritaina,肌コミちゃん【美容ルーティン】（@bihadanaritaina）,https://www.tiktok.com/@bihadanaritaina,96800,10,647400;31600;19800;48900;20500;27800;41500;28200;50100;24000,28200,0.291,2026-09-28,2026-10-03,tt.py / ttv.py,不明（onscreen_text空）。説明文は「毛穴汚れとおさらば！？」「度々話題になるキュレルの泡洗顔」型,A商品名紹介,度々話題になるキュレルの泡洗顔,不明,商品,あり,19,5,あり,トレンド音源,その他/不明,推定（説明文）,3platform:tiktok-A-grow-b1,商品の見せ方: クレンジング・トナーパッド・泡洗顔を単品紹介
TikTok,美容スキンケア,伸びてる,数値確認,主題,choa_cosme,韓国オンニ【日韓コスメ・スキンケア】（@choa_cosme）,https://www.tiktok.com/@choa_cosme,127400,10,4796;1733;104600;149300;24700;11200;5725;15800;355700;12100;1500000,15800,0.124,2026-10-03,2026-10-03,tt.py / ttv.py,不明（onscreen_text空）。説明文は「秋冬乾燥に推したいスキンケア見つけた」型,B買う前の悩み・不一致,秋冬乾燥に推したいスキンケア見つけた,不明,商品,あり,35.0,6,あり,トレンド音源,その他/不明,推定（説明文）,3platform:tiktok-A-grow-b1,商品の見せ方: 単品美容液・PDRNをキャプションで訴求。店舗・ドラスト入手情報
TikTok,美容スキンケア,伸びてる,数値確認,主題,handmodel_chie,Chie｜ハンドモデルの手元美容（@handmodel_chie）,https://www.tiktok.com/@handmodel_chie,28300,3,2595;5570;28600;28200,16885,0.597,2026-09-18,2026-10-03,tt.py / ttv.py,不明（onscreen_text空）。説明文「夏のハンドケアリストをまとめました」,その他,夏のハンドケアリストをまとめました,なし,手元,あり,56,2,なし,BGM,使用・実演,推定（説明文）,3platform:tiktok-A-grow-b1,商品の見せ方: 手元クローズアップ＋夜用手袋。写真リスト型もあり
TikTok,美容スキンケア,伸びてる,数値確認,主題,keana_nara,ナラ｜毛穴ケアオタク（@keana_nara）,https://www.tiktok.com/@keana_nara,65000,6,12700;1416;9290;41300;17500;8244;18900;14100;14800;10400,13400,0.206,2026-09-25,2026-10-03,tt.py / ttv.py（1本取得、2本空応答）,推定：説明文「同じ角栓毛穴でも…選びたい化粧水は変わる！」。onscreen_text空,B買う前の悩み・不一致,同じ角栓毛穴でも…選びたい化粧水は変わる,あり,人,あり,76,5,あり,BGM,その他/不明,推定（説明文）,3platform:tiktok-A-grow-b1,商品の見せ方: トナーパッドを朝洗顔代わりに使う実体験。メガ割おすすめ
TikTok,美容スキンケア,伸びてる,数値確認,主題,maryhatsumi,初美メアリ（@maryhatsumi）,https://www.tiktok.com/@maryhatsumi,84300,10,23000;18000;720500;71900;17200;11500;27700;25700;46900;44500,25700,0.305,2026-09-30,2026-10-03,tt.py / ttv.py,不明（onscreen_text空）。説明文は商品名直出し＋「安くてドラッグストアで買えるのも良いよねん」,A商品名紹介,商品名直出し,不明,商品,あり,58,6,あり,オリジナル,比較・ランキング;成分解説,推定（説明文）,3platform:tiktok-A-grow-b1,商品の見せ方: ドラスト商品を成分（油脂フリー・グリシルグリシン等）で比較
TikTok,美容スキンケア,伸びてる,数値確認,主題,ldkthebeauty,【公式】LDK the Beauty/ベストコスメ（@ldkthebeauty）,https://www.tiktok.com/@ldkthebeauty,3947,9,1075;63700;1063;1046;761;1905;1731;1450;1479;2014,1450,0.367,2026-09-30,2026-10-03,tt.py / ttv.py,あり推定。【避けて・OK・perfect】見出し。onscreen_text空,その他,【避けて・OK・perfect】,あり,人,あり,37,5,あり,オリジナル,比較・ランキング;使用・実演,確認済,3platform:tiktok-A-grow-b1,商品の見せ方: テスト1位・乾燥肌向けなど誌面ベスコスを手元紹介
TikTok,美容スキンケア,伸びてる,数値確認,主題,kapo_025,かぽ / kapo（@kapo_025）,https://www.tiktok.com/@kapo_025,275300,5,215300;52800;69600;80900;198800;77600;56600;944300;125500,80900,0.294,2026-09-30,2026-10-03,tt.py（動画ページ未取得）,推定：［ブランド名］＋「水光チークトップが叶う」型。onscreen_text未取得,A商品名紹介,［ブランド名］＋「水光チークトップが叶う」,不明,商品,あり,,,なし,不明,比較・ランキング;使用・実演;レビュー・検証,推定（説明文）,3platform:tiktok-A-grow-b1,商品の見せ方: プチプラ新作をレビュー。比較・使い方も
TikTok,美容スキンケア,伸びてる,数値確認,主題,cosme_kaiju,バズ美容モンスター（@cosme_kaiju）,https://www.tiktok.com/@cosme_kaiju,132200,10,3161;4112;1444;59100;3150;33800;7102;53500;361100;21200,14151,0.107,2026-10-02,2026-10-03,tt.py,推定：「秋冬のスキンケア選びって一番難しくない？？」型,その他,秋冬のスキンケア選びって一番難しくない？？,不明,商品,あり,,3,なし,不明,その他/不明,推定（説明文）,3platform:tiktok-A-grow-b1,商品の見せ方: 新作ミスト・ヘアミルク・100均をまとめ紹介
TikTok,美容スキンケア,伸びてる,数値確認,主題,cancam_biyoubu,CanCam美容部（@cancam_biyoubu）,https://www.tiktok.com/@cancam_biyoubu,1004,8,1227;54800;21400;4231;71800;112700;78700;60700;71900;1000000,66250,65.986,2026-09-25,2026-10-03,tt.py,推定：「\\誰でも5分でできる❕/」見出し,その他,誰でも5分でできる❕,あり,人,あり,,4,なし,不明,その他/不明,推定（説明文）,3platform:tiktok-A-grow-b1,商品の見せ方: ダイソーコスメ・メイクキープミスト等を紹介
TikTok,美容スキンケア,伸びてる,数値確認,主題,arichan_make,ありちゃん【美容系、コスメTikToker】（@arichan_make）,https://www.tiktok.com/@arichan_make,410400,4,29300;27900;36400;95400;146900;50400;19500;372600;35400;44500,40450,0.099,2026-09-29,2026-10-03,tt.py,推定：説明文が疑問形フック（「ブラウンシャドウって結局どれを選べば」）,その他,ブラウンシャドウって結局どれを選べば,あり,人,あり,,4,なし,不明,比較・ランキング,推定（説明文）,3platform:tiktok-A-grow-b1,商品の見せ方: 新作リキッドファンデTOP3などランキング紹介
TikTok,美容スキンケア,伸びてる,数値確認,主題,ayami_yamichan,やみちゃん（@ayami_yamichan）,https://www.tiktok.com/@ayami_yamichan,834200,10,7232;33300;24700;158000;59300;976700;1200000;98100;97400;2900000,59300,0.071,2026-10-03,2026-10-03,tt.py,推定：#PR商品名＋ナイトルーティン見出し,A商品名紹介,#PR商品名＋ナイトルーティン見出し,あり,人,一部,,5,あり,不明,その他/不明,推定（説明文）,3platform:tiktok-A-grow-b1,商品の見せ方: スキンケア・ヘアケア・日用品が混在。Cisttoクレンジング等
TikTok,美容スキンケア,伸びてる,数値確認,主題,amagasa_tsukie,天笠 月瑛（@amagasa_tsukie）,https://www.tiktok.com/@amagasa_tsukie,115900,0,8369;25800;15800,15800,0.136,2026-09-01,2026-10-03,tt.py,推定：「【みんなは知ってる？👀 コンシーラーの使い分け】」,その他,コンシーラーの使い分け,あり,人,あり,73,2,なし,不明,レビュー・検証,推定（説明文）,3platform:tiktok-A-grow-b1,商品の見せ方: まつ毛美容液・コンシーラー等を質感レビュー
TikTok,美容スキンケア,伸びてる,数値確認,主題,cosme_daisuki.kaigi,ももそら【コスメ女子会ズ】（@cosme_daisuki.kaigi）,https://www.tiktok.com/@cosme_daisuki.kaigi,255600,10,142900;14300;185500;5440;17100;64500;15800;4809;11300;7401,15050,0.059,2026-09-29,2026-10-03,tt.py,推定：「プチプラ、韓国コスメ、デパコスチーク‼️案件なし‼️」,その他,プチプラ、韓国コスメ、デパコスチーク‼️案件なし,あり,人,あり,,3,なし,不明,その他/不明,推定（説明文）,3platform:tiktok-A-grow-b1,商品の見せ方: チーク・下地・洗顔を2人で辛口トーク
TikTok,美容スキンケア,伸びてる,数値確認,主題,memeron_me,めめろん（@memeron_me）,https://www.tiktok.com/@memeron_me,168200,4,305900;42100;80700;112700;165300;229900;91900;705200;87000;153900,133300,0.793,2026-09-30,2026-10-03,tt.py,推定：「これ混合肌、インナードライ共感やばいと思う」型,B買う前の悩み・不一致,これ混合肌、インナードライ共感やばいと思う,あり,人,一部,,4,あり,不明,その他/不明,推定（説明文）,3platform:tiktok-A-grow-b1,商品の見せ方: 混合肌ベース・セラム企画など商品紹介とVlog混在
TikTok,美容スキンケア,伸びてる,数値確認,主題,mote_cosme,モテコスメちゃん（@mote_cosme）,https://www.tiktok.com/@mote_cosme,183600,10,811;673;5528;18200;11400;49200;216000;53600;21200;7948,14800,0.081,2026-10-02,2026-10-03,tt.py,推定：「色んな下地を試してきた私が、おすすめトーンアップ下地を４つ紹介」,その他,おすすめトーンアップ下地を４つ紹介,不明,商品,あり,,3,なし,不明,比較・ランキング,推定（説明文）,3platform:tiktok-A-grow-b1,商品の見せ方: 下地4選・ニベアスクラブなど単品〜ランキング
TikTok,美容スキンケア,伸びてる,数値確認,主題,nagi.cosme_lab,なぎ／コスメ研究部（@nagi.cosme_lab）,https://www.tiktok.com/@nagi.cosme_lab,59400,9,6603;15500;11300;20400;30700;172100;65400;41400;17200;32000,25550,0.43,2026-10-02,2026-10-03,tt.py / ttv.py,あり推定。「隠れ名品3選‼️」「肌調子良いと感じる成分は？」,その他,隠れ名品3選‼️,あり,人,あり,89,5,なし,オリジナル,成分解説,確認済,3platform:tiktok-A-grow-b1,商品の見せ方: 成分（セラミド）と隠れ名品を教育トーク。Qoo10名品も
TikTok,美容スキンケア,伸びてる,数値確認,主題,nagi.skincare,なぎ／スキンケア研究室（@nagi.skincare）,https://www.tiktok.com/@nagi.skincare,143700,9,10800;36500;44400;51300;35900;60300;48600;47400;31300,44400,0.309,2026-09-29,2026-10-03,tt.py / ttv.py,あり推定。「スクショ必須！」「スキンケアに迷ったら、私ならこのケアを取り入れます」,その他,スキンケアに迷ったら、私ならこのケアを,不明,商品,あり,46.5,5,あり,オリジナル,その他/不明,確認済,3platform:tiktok-A-grow-b1,商品の見せ方: ミスト・ドラスト新作・セラミド相性を根拠付きで紹介
TikTok,美容スキンケア,伸びてる,数値確認,主題,egachannel1,2人目のエガチャン（@egachannel1）,https://www.tiktok.com/@egachannel1,1100000,4,479000;223900;83900;372500;971900;657800;533400;287400;160000;256700,329950,0.3,2026-09-28,2026-10-03,tt.py / ttv.py,不明（onscreen_text空）。説明文は短文フック「進化がとまらねぇぞ。」「コレ凄いなぁ」,その他,進化がとまらねぇぞ。,あり,人,あり,45,5,あり,オリジナル,成分解説;使用・実演;レビュー・検証,推定（説明文）,3platform:tiktok-A-grow-b1,商品の見せ方: ニキビパッチ・アゼライン酸・メガ割セットを成分と使用感で検証
TikTok,美容スキンケア,伸びてる,数値確認,主題,mico_pbp,みこ@資生堂ジャパン（@mico_pbp）,https://www.tiktok.com/@mico_pbp,20700,4,4375;25700;28600;12900;57800;5152;26700;138000;50200,26200,1.266,2026-10-02,2026-10-03,tt.py / ttv.py,"あり推定。「【日焼け止め、塗る量足りてる？☀️】」「ALL1,000円以下」",その他,【日焼け止め、塗る量足りてる？☀️】,あり,人,あり,24,5,なし,BGM,価格表示;使用・実演,確認済,3platform:tiktok-A-grow-b1,商品の見せ方: 税込価格リスト。日焼け止めの塗り方・スキンケアパウダー・秋コスメ
TikTok,美容スキンケア,伸びてる,数値確認,主題,hinauda_pbp,HINA@資生堂ジャパン（@hinauda_pbp）,https://www.tiktok.com/@hinauda_pbp,29500,8,14200;13200;21000;11200;16400;19400;22700;24100;35100;87900,20200,0.685,2026-09-30,2026-10-03,tt.py / ttv.py,あり推定。「新クッションファンデーション登場🆕」「持ってると便利アイテム✨」,その他,新クッションファンデーション登場🆕,あり,人,あり,40.0,3,なし,オリジナル,価格表示,確認済,3platform:tiktok-A-grow-b1,商品の見せ方: アルティミューントライアルキット・クッションファンデを価格付き紹介
TikTok,美容スキンケア,伸びてる,数値確認,主題,miya_pbp,MIYA＠資生堂ジャパン（@miya_pbp）,https://www.tiktok.com/@miya_pbp,28400,5,41600;3435;27500;11400;2846;40700;3440;3980;36600;23600,17500,0.616,2026-09-30,2026-10-03,tt.py / ttv.py,あり推定。「【保存推奨】大人の崩れにくいベースメイク」,その他,【保存推奨】大人の崩れにくいベースメイク,あり,人,あり,23,4,なし,オリジナル,価格表示,確認済,3platform:tiktok-A-grow-b1,商品の見せ方: プライマー・ファンデ美容液を税込価格で列挙。HAKU美白ファンデも
TikTok,美容スキンケア,伸びてる,数値確認,主題,seibun_otakuchan,成分オタクちゃん🌶️【美容・スキンケア】（@seibun_otakuchan）,https://www.tiktok.com/@seibun_otakuchan,378900,10,3074;154200;25400;598;56900;20100;21200;36200;19900;40600,23300,0.061,2026-10-01,2026-10-03,tt.py / ttv.py（https://www.tiktok.com/@seibun_otakuchan）,推定：説明文が「乾燥肌さん、10月になる前にこれチェックして」型。onscreen_text空,B買う前の悩み・不一致,乾燥肌さん、10月になる前にこれチェックして,不明,キャラ,あり,47,6,あり,オリジナル,価格表示;比較・ランキング,推定（説明文）,3platform:tiktok-A-grow-b2,商品の見せ方: 単品美容液・洗顔＋毛穴悩み別3選。税込価格をキャプションに
TikTok,美容スキンケア,伸びてる,数値確認,主題,coscoslife,コスコスカンパニー株式会社（@coscoslife）,https://www.tiktok.com/@coscoslife,144900,5,71100;361200;173500;175100;45400;55100;50600;627800;644000;159800,159800,1.103,2026-09-30,2026-10-03,tt.py / ttv.py（https://www.tiktok.com/@coscoslife）,推定：「トナーパッド使ったことある？？」疑問形フック。onscreen_text空,その他,トナーパッド使ったことある？？,あり,人,あり,47,7,あり,オリジナル,使用・実演,推定（説明文）,3platform:tiktok-A-grow-b2,商品の見せ方: トナーパッド・美容液・クレンジングを単品で使用感レポ
TikTok,美容スキンケア,伸びてる,数値確認,主題,ururu_biyo,うるる｜肌の専門家（@ururu_biyo）,https://www.tiktok.com/@ururu_biyo,4261,8,5505;35800;6077;101000;4373;105500;28800;4046;26700;341200,27750,6.513,2026-09-20,2026-10-03,tt.py / ttv.py（1本取得、2本空応答）,推定：説明文が「どちらもエリクシールを代表するドラッグストアの名品化粧水」型。onscreen_text空,A商品名紹介,どちらもエリクシールを代表するドラッグストアの名品,不明,商品,あり,,5,なし,BGM,価格表示;比較・ランキング;成分解説,推定（説明文）,3platform:tiktok-A-grow-b2,商品の見せ方: ドラスト化粧水・美容液を成分と価格で比較。番号付きレシピ型の過去本あり
TikTok,美容スキンケア,伸びてる,数値確認,主題,yun.skincare_,ゆん｜元化粧品研究者｜ノーファンデ肌（@yun.skincare_）,https://www.tiktok.com/@yun.skincare_,3175,4,7184;31200;22200;5462;31500;34200;6665;19200;9429;9752,14476,4.559,2026-09-30,2026-10-03,tt.py / ttv.py（https://www.tiktok.com/@yun.skincare_）,推定：「ノーファンデレシピ」「元化粧品研究者が〜選び方を発信」。onscreen_text空,その他,ノーファンデレシピ,なし,手元,あり,,4,なし,BGM,価格表示;比較・ランキング,推定（説明文）,3platform:tiktok-A-grow-b2,商品の見せ方: アクアレーベル色違い比較、ジェルクリーム＋化粧水の組み合わせ。価格を本文に
TikTok,美容スキンケア,伸びてる,数値確認,主題,minami_pbp,Minami@資生堂ジャパン（@minami_pbp）,https://www.tiktok.com/@minami_pbp,31100,9,7883;42000;180400;49800;33900;5940;13900;22900;48500;65300,37950,1.22,2026-09-29,2026-10-03,tt.py（https://www.tiktok.com/@minami_pbp）,推定：「アイライン引き方のコツ🪄」見出し。産休告知あり,その他,アイライン引き方のコツ🪄,あり,人,あり,,2,なし,不明,価格表示,推定（説明文）,3platform:tiktok-A-grow-b2,商品の見せ方: クッションファンデ・クマカバー等を税込価格リストで紹介
TikTok,美容スキンケア,伸びてる,数値確認,主題,goken_pbp,goken@資生堂ジャパン（@goken_pbp）,https://www.tiktok.com/@goken_pbp,23300,7,978;101700;37900;1915;2896;8156;6280;75100;5227;90600,7218,0.31,2026-10-03,2026-10-03,tt.py（https://www.tiktok.com/@goken_pbp）,推定：「初めてのアイシャドウならコレ」「毛穴カバーの方法」,その他,初めてのアイシャドウならコレ,あり,人,あり,,,なし,不明,その他/不明,推定（説明文）,3platform:tiktok-A-grow-b2,商品の見せ方: セラム・ファンデ美容液・アイシャドウを付け方付きで紹介
TikTok,美容スキンケア,伸びてる,数値確認,主題,cosme_katari.club,コスメ語りたい倶楽部（@cosme_katari.club）,https://www.tiktok.com/@cosme_katari.club,150600,10,16300;8235;829;2448;10400;16300;43400;40600;33900;78200,16300,0.108,2026-10-01,2026-10-03,tt.py（https://www.tiktok.com/@cosme_katari.club）,推定：「みんな大好きセザンヌ厳選してみたよ!!!!」,A商品名紹介,みんな大好きセザンヌ厳選してみたよ,不明,キャラ,あり,,5,なし,不明,その他/不明,推定（説明文）,3platform:tiktok-A-grow-b2,商品の見せ方: セザンヌ・PDRNパック・コンシーラー等を単品〜厳選紹介
TikTok,美容スキンケア,伸びてる,数値確認,主題,aratatomori_official,友利新 / 医師「内科・皮膚科」（@aratatomori_official）,https://www.tiktok.com/@aratatomori_official,28300,4,7143;24500;7166;75300;92400;35400;17200,24500,0.866,2026-09-30,2026-10-03,tt.py（https://www.tiktok.com/@aratatomori_official）,推定：「名品クレンジングをタイプ別に解説しました✨」,その他,名品クレンジングをタイプ別に解説しました,あり,人,あり,50,1,なし,不明,その他/不明,推定（説明文）,3platform:tiktok-A-grow-b2,商品の見せ方: クレンジングをタイプ別、日焼け止めの選び方を商品名付きで解説
TikTok,美容スキンケア,伸びてる,数値確認,主題,hyuk.beauty_channel,セラム大魔王のヒョク（@hyuk.beauty_channel）,https://www.tiktok.com/@hyuk.beauty_channel,88200,9,6954;17500;6578;26600;29300;16300;29700;6832;13300;8605,14800,0.168,2026-10-02,2026-10-03,tt.py（https://www.tiktok.com/@hyuk.beauty_channel）,推定：「VTカプセルクリーム4種の本音レビュー」「バリア機能最強クリーム3選」,A商品名紹介,VTカプセルクリーム4種の本音レビュー,あり,人,あり,,6,なし,不明,レビュー・検証,推定（説明文）,3platform:tiktok-A-grow-b2,商品の見せ方: クリーム・セラム・毛穴ケアを本音レビュー。メガ割答え合わせ
TikTok,美容スキンケア,伸びてる,数値確認,主題,さとる,さとる,メンズ美容広めたい（@skincare_danshi）,,,83900,83900,,,2026-10-03,2026-10-03,tt.py（https://www.tiktok.com/@skincare_danshi）,不明,商品の見せ方:不明,不明,不明,不明,,,不明,BGM,その他/不明,推定（説明文）,3platform:tiktok-A-grow-b2,商品の見せ方: 不明
TikTok,美容スキンケア,伸びてる,数値確認,主題,melt__make,めるも（@melt__make）,https://www.tiktok.com/@melt__make,73500,10,7057;4178;5558;19800;3573;103400;97300;11700;10100;15100,10900,0.148,2026-10-02,2026-10-03,tt.py（https://www.tiktok.com/@melt__make）,推定：「毛穴落ちシワ落ちしないパウダーはこれだ‼️」,その他,毛穴落ちシワ落ちしないパウダーはこれだ,不明,商品,あり,,4,なし,不明,比較・ランキング;使用・実演,推定（説明文）,3platform:tiktok-A-grow-b2,商品の見せ方: コンビニコスメ・ダイソー・パウダー比較を手元紹介
TikTok,美容スキンケア,伸びてる,数値確認,主題,noponopisu2,ほのぴす🐰👑（@noponopisu2）,https://www.tiktok.com/@noponopisu2,818900,8,106900;37200;295600;67300;82600;438900;225200;527300;2100000;249400,237300,0.29,2026-10-01,2026-10-03,tt.py（https://www.tiktok.com/@noponopisu2）,推定：「スキンケア、化粧品の使用期限って守らなくても」型,その他,スキンケア、化粧品の使用期限って守らなくても,あり,人,一部,,3,あり,不明,その他/不明,推定（説明文）,3platform:tiktok-A-grow-b2,商品の見せ方: 導入美容液・日焼け止め・毛穴ケアを実体験で紹介
TikTok,美容スキンケア,伸びてる,数値確認,主題,mimitan090909,mimi@美容家（@mimitan090909）,https://www.tiktok.com/@mimitan090909,4470,9,1052;554;1157;9344;1277;8091;1776;2536;1346,1346,0.301,2026-10-02,2026-10-03,tt.py（https://www.tiktok.com/@mimitan090909）,推定：「2026年秋スキンケアで見つけた、1000円台とは思えない」,その他,2026年秋スキンケアで見つけた、1000円台とは思えない,あり,人,あり,,3,なし,不明,価格表示,推定（説明文）,3platform:tiktok-A-grow-b2,商品の見せ方: 1000円台ドラストと資生堂技術を解説。価格をキャプションに
TikTok,美容スキンケア,伸びてる,数値確認,主題,taketaroutime,たけたろう⏰TTちゃん（@taketaroutime）,https://www.tiktok.com/@taketaroutime,704100,10,315500;17000;310500;42700;113200;139900;292000;133500;3000000;1300000,136700,0.194,2026-10-02,2026-10-03,tt.py（https://www.tiktok.com/@taketaroutime）,推定：「クレンジングってもう落とすだけじゃないんだ」,その他,クレンジングってもう落とすだけじゃないんだ,あり,人,一部,,3,あり,不明,使用・実演,推定（説明文）,3platform:tiktok-A-grow-b2,商品の見せ方: 導入美容液クレンジング・落ちないリップを実演紹介
TikTok,美容スキンケア,伸びてる,数値確認,主題,emiiseyo,せよ（@emiiseyo）,https://www.tiktok.com/@emiiseyo,773600,10,168700;262900;243800;248800;506300;270300;330000;601200;380100;587600,300150,0.388,2026-10-02,2026-10-03,tt.py（https://www.tiktok.com/@emiiseyo）,推定：「脂性肌に良いらしいプレップベース検証してみた👀」,B買う前の悩み・不一致,脂性肌に良いらしいプレップベース検証してみた,あり,人,あり,,5,あり,不明,レビュー・検証,推定（説明文）,3platform:tiktok-A-grow-b2,商品の見せ方: プチプラシャドウ・ベース・ハイライトを検証レポ
TikTok,美容スキンケア,伸びてる,数値確認,主題,shushu_223_,しゅう@コスメ日記（@shushu_223_）,https://www.tiktok.com/@shushu_223_,263000,10,12500;304300;805700;46500;31400;149500;130000;50600;265600;31300,90300,0.343,2026-09-30,2026-10-03,tt.py / ttv.py（https://www.tiktok.com/@shushu_223_）,推定：「美容医療後、どんなスキンケア使ってる？」「見えないからって、背中ニキビ放置してない？」,B買う前の悩み・不一致,見えないからって、背中ニキビ放置してない？,あり,人,あり,60,4,あり,オリジナル,比較・ランキング,推定（説明文）,3platform:tiktok-A-grow-b2,商品の見せ方: ミスト化粧水・毛穴ケア・美白美容液を原因→商品で紹介。手の甲比較もあり
TikTok,美容スキンケア,伸びてる,数値確認,主題,momo_bismore,桃🍑｜Bismoreの女社長（@momo_bismore）,https://www.tiktok.com/@momo_bismore,19700,10,35500;7924;33600;9017;9252;9371;4600;157000;20200;2041,9312,0.473,2026-10-01,2026-10-03,tt.py / ttv.py（https://www.tiktok.com/@momo_bismore）,あり推定：「【プチプラ】化粧品会社社長で美容のプロである私が〜紹介します！」見出し。onscreen_text空,その他,【プチプラ】化粧品会社社長で美容のプロである私が,あり,人,あり,76,6,なし,オリジナル,その他/不明,確認済,3platform:tiktok-A-grow-b2,商品の見せ方: プチプラ美容液・化粧水・洗顔を社長解説。インナーケア回も混在
TikTok,美容スキンケア,伸びてる,数値確認,主題,daberi_biyou,美容オタクのだべり（@daberi_biyou）,https://www.tiktok.com/@daberi_biyou,55100,10,14700;36100;155300;177000;10400;33800;108100;89700;44700;53300,49000,0.889,2026-10-02,2026-10-03,tt.py / ttv.py（https://www.tiktok.com/@daberi_biyou）,あり推定：「【毛穴ケア】プチプラで買えるクレンジングオイルでランキングつけてみた！」見出し。onscreen_text空,その他,クレンジングオイルでランキングつけてみた,あり,人,あり,69,5,あり,オリジナル,比較・ランキング,確認済,3platform:tiktok-A-grow-b2,商品の見せ方: クレンジングオイルランキング、白潤VSエリクシール、ドラスト相性コスメを2人で解説
TikTok,美容スキンケア,伸びてる,数値確認,主題,shiseido.beauty.journey,資生堂 ビューティージャーニー（@shiseido.beauty.journey）,https://www.tiktok.com/@shiseido.beauty.journey,60200,8,36800;29400;1353;23200;40800;30100;35000;19300;57500;13700,29750,0.494,2026-10-01,2026-10-03,tt.py / ttv.py（https://www.tiktok.com/@shiseido.beauty.journey）,推定：「【1分でグラデ！？時短簡単アイシャドウ】」「くすみやすい人はこれ使ってみて！！」,B買う前の悩み・不一致,くすみやすい人はこれ使ってみて！！,あり,人,あり,21,4,なし,オリジナル,価格表示,推定（説明文）,3platform:tiktok-A-grow-b2,商品の見せ方: おしろい・クマカバー・アイシャドウを税込価格リスト型で紹介
TikTok,美容スキンケア,伸びてる,数値確認,主題,dan_biyou,美容オタクのダン（@dan_biyou）,https://www.tiktok.com/@dan_biyou,85400,10,11600;27100;129300;22300;138500;17000;24700;180200;27500;328700,27300,0.32,2026-10-02,2026-10-03,tt.py / ttv.py（https://www.tiktok.com/@dan_biyou）,あり推定：「【永久保存版】本当に買うべきクレンジングオイルはこれ！」見出し。onscreen_text空,その他,本当に買うべきクレンジングオイルはこれ,あり,人,あり,113,6,あり,オリジナル,その他/不明,確認済,3platform:tiktok-A-grow-b2,商品の見せ方: クレンジングオイル1〜3軍振り分け、PDRN美容液、マツキヨリピートコスメを一気紹介
TikTok,美容スキンケア,伸びてる,数値確認,主題,emme_make_cosme,ちぴこ👩‍💻社畜美容オタクOL（@emme_make_cosme）,https://www.tiktok.com/@emme_make_cosme,4181,8,90600;17600;20100;24400;422;12200;48800;15600;33800,17600,4.21,2026-10-02,2026-10-03,tt.py / ttv.py（https://www.tiktok.com/@emme_make_cosme）,推定：「lakaの新作が可愛すぎる」「VTの新作!!本気のCICAセラムがすっごいんです」,A商品名紹介,lakaの新作が可愛すぎる,不明,手元,あり,,7,あり,トレンド音源,価格表示,推定（説明文）,3platform:tiktok-A-grow-b2,商品の見せ方: リップ・CICAセラムを商品名・価格・発売日付きの写真投稿で紹介
TikTok,美容スキンケア,伸びてる,数値確認,主題,yu____d04,ストイック過ぎるゆーだい（@yu____d04）,https://www.tiktok.com/@yu____d04,46800,10,7869;14700;6716;14200;8108;51600;22200;46000;3796;55300;46600,14700,0.314,2026-10-02,2026-10-03,tt.py / ttv.py（https://www.tiktok.com/@yu____d04）,推定：「ニキビ跡は後のケアじゃなくて予防ケアが最重要」「【PR】毎日メイクする乾燥敏感肌さんには」,B買う前の悩み・不一致,毎日メイクする乾燥敏感肌さんには,あり,人,あり,49.0,7,あり,オリジナル,その他/不明,推定（説明文）,3platform:tiktok-A-grow-b2,商品の見せ方: COSRX・SUNGBOON EDITOR・ルルルンバームをニキビ跡・敏感肌向けに紹介。ドラスト入手をキャプションに
TikTok,美容スキンケア,伸びてる,数値確認,主題,maronayannyan,まろん（@maronayannyan）,https://www.tiktok.com/@maronayannyan,34900,4,3854;41900;26100;35500;92000;14900;12000;193600;96500;116800,38700,1.109,2026-09-28,2026-10-03,tt.py / ttv.py（https://www.tiktok.com/@maronayannyan）,推定：「秋冬でも皮脂が気になる混合肌・脂性肌さんは〜by365の日やけ止めを仕込むのがおすすめ」。onscreen_text空,B買う前の悩み・不一致,皮脂が気になる混合肌・脂性肌さんは,不明,商品,あり,,9,あり,BGM,価格表示,推定（説明文）,3platform:tiktok-A-grow-b2,商品の見せ方: パウダリーUVクリームを税込価格付きで写真紹介。ファンデ・シカクリーム・メガ割スキンケアまとめ
TikTok,美容スキンケア,伸びてる,数値確認,主題,25_nsk_25,梨木（@25_nsk_25）,https://www.tiktok.com/@25_nsk_25,91000,10,6581;11900;12000;4793;35800;12000;42100;26900;43300;422500,19450,0.214,2026-10-02,2026-10-03,tt.py / ttv.py（https://www.tiktok.com/@25_nsk_25）,推定：「機能に感動したダイソー新作コスメが優秀すぎた」。onscreen_text空,A商品名紹介,機能に感動したダイソー新作コスメが優秀すぎた,不明,商品,あり,74.5,6,あり,BGM,その他/不明,推定（説明文）,3platform:tiktok-A-grow-b2,商品の見せ方: ダイソー新作コスメ・メイクツール・あぶら取り紙を単品〜まとめ紹介。スクイーズ回も混在
TikTok,美容スキンケア,伸びてる,数値確認,主題,nene_cosme_nene,ねね🧸バズコスメ愛好家（@nene_cosme_nene）,https://www.tiktok.com/@nene_cosme_nene,35400,11,1833;7623;15600;43600;1853;17000;233400;99200;15300;146200;642800,17000,0.48,2026-09-30,2026-10-03,tt.py / ttv.py（https://www.tiktok.com/@nene_cosme_nene）,推定：「ドラストで買える優秀アイテム集めたよ」「チーク塗ると毛穴が目立つ...そんな子におすすめチークまとめたよ」,B買う前の悩み・不一致,チーク塗ると毛穴が目立つ...そんな子に,なし,手元,あり,,6,なし,トレンド音源,価格表示,推定（説明文）,3platform:tiktok-A-grow-b2,商品の見せ方: シートマスク・ブースターミスト・チークを税込価格リストの写真投稿で紹介
TikTok,美容スキンケア,伸び悩み,数値確認,主題,reona.cosme_concierge,れおな（@reona.cosme_concierge）,https://www.tiktok.com/@reona.cosme_concierge,1014,10,346;232;143;150;89;357;177;422;194;215,204,0.202,2026-10-01,2026-10-03,tt.py+ttv.py（公開embed/動画ページ）,ttvのonscreen_textは空。キャプションは商品名・色名・使用感から入る,A商品名紹介,キャプションは商品名・色名・使用感から入る,不明,手元,あり,17,1,あり,オリジナル,使用・実演,推定（説明文）,3platform:tiktok-A-stuck-b1,商品の見せ方: 提供品のテクスチャ・なじみ・セット使いを手元で紹介
TikTok,美容スキンケア,伸び悩み,数値確認,主題,avance_cosmetics,AVANCE（@avance_cosmetics）,https://www.tiktok.com/@avance_cosmetics,4253,6,137;129;249;181;227;679,204,0.048,2026-09-25,2026-10-03,tt.py+ttv.py,キャプションは「透明感爆上がりのコンシーラーを紹介」等の見出し。画面上テキストはttvで空,A商品名紹介,透明感爆上がりのコンシーラーを紹介,不明,手元,あり,66.5,3,なし,トレンド音源,価格表示;比較・ランキング;成分解説;使用・実演,推定（説明文）,3platform:tiktok-A-stuck-b1,商品の見せ方: 自社コンシーラーの塗り位置STEP、アイクリームの成分・価格
TikTok,美容スキンケア,伸び悩み,数値確認,主題,vtcosmetics_jp_official,VT cosmetics japan official（@vtcosmetics_jp_official）,https://www.tiktok.com/@vtcosmetics_jp_official,8236,10,257;347;744;810;267;330;350;607;256;186,338,0.041,2026-10-02,2026-10-03,tt.py+ttv.py,キャプションは「【重要】みんなチェックした？」等の呼びかけ。画面上テキストはttvで空,その他,【重要】みんなチェックした？,不明,手元,あり,37,3,なし,オリジナル,その他/不明,推定（説明文）,3platform:tiktok-A-stuck-b1,商品の見せ方: 新作CICAセラム、リードルショットの使い順、併用クリームを商品カットで紹介
TikTok,美容スキンケア,伸び悩み,数値確認,主題,naturerepublicjapan,【公式】ネイチャーリパブリック ジャパン（@naturerepublicjapan）,https://www.tiktok.com/@naturerepublicjapan,1146,5,114;288;609;322;545,322,0.281,2026-10-02,2026-10-03,tt.py+ttv.py,キャプションは「韓国スキンケアブランドで働く入社2年目…が解説」等。画面上テキストはttvで空,その他,韓国スキンケアブランドで働く入社2年目,不明,手元,あり,16.5,4,なし,オリジナル,使用・実演,推定（説明文）,3platform:tiktok-A-stuck-b1,商品の見せ方: ルートバリアシリーズのステップ・テクスチャ・社員解説
TikTok,美容スキンケア,伸び悩み,数値確認,主題,axxzia_jp,アクシージア（@axxzia_jp）,https://www.tiktok.com/@axxzia_jp,2060,10,128;134;107;179;252;371;208;563;178;140,178,0.087,2026-09-29,2026-10-03,tt.py+ttv.py（公開embed/動画ページ）。PR TIMESでTikTok Shop旗艦店URL確認,ttvのonscreen_textは空。キャプションは店舗紹介・季節のうるおいケア・UV継続の見出し型,その他,店舗紹介・季節のうるおいケア,不明,手元,あり,39.0,6,なし,オリジナル,その他/不明,推定（説明文）,3platform:tiktok-A-stuck-b1,商品の見せ方: リスブランの守りと攻めスキンケア、ビューティーアイズ目もとシート、直営店BA接客・AGEsセンサー体験
TikTok,美容スキンケア,伸び悩み,数値確認,主題,frescaskin,Fresca Skin（@frescaskin）,https://www.tiktok.com/@frescaskin,848,4,9;8;9;8,8,0.01,2026-09-10,2026-10-03,tt.py+ttv.py（公開embed/動画ページ）。ブランドは日本語ハッシュタグとフレスカ表記のJPスキンケア,ttvのonscreen_textは空。キャプションは「UV-Aとは？」「SPFとは？」「化粧品の選び方」型の見出し,その他,UV-Aとは？」「SPFとは？,不明,商品,あり,97,5,なし,オリジナル,その他/不明,推定（説明文）,3platform:tiktok-A-stuck-b1,商品の見せ方: UV-A/SPF解説と化粧品の選び方。自社スキンケア（水蜜桃肌等）への誘導
TikTok,美容スキンケア,伸び悩み,数値確認,主題,spatreatment.jp,【公式】スパトリートメント（@spatreatment.jp）,https://www.tiktok.com/@spatreatment.jp,1003,8,124;139;151;199;294;219;303;401,209,0.208,2026-10-02,2026-10-03,tt.py（プロフィール：フォロワー1003・総動画103・ja）+ ttv.py（動画8本）。X @Spatreatment_jp が同一動画URLを投稿,ttvのonscreen_textは空。キャプションは「その使い方、ちょっと待って！」「貼った瞬間、うるおいに変わる。」型,その他,その使い方、ちょっと待って！,不明,手元,あり,19.5,7,なし,オリジナル,使用・実演,推定（説明文）,3platform:tiktok-A-stuck-b2,商品の見せ方: 消えるシート・アイクリーム・ラメラマスク・バイオマスクを商品カットと使い方で紹介
TikTok,見守りカメラ,伸びてる,数値確認,主題,mugi.mugi21,むぎ（@mugi.mugi21）,https://www.tiktok.com/@mugi.mugi21,556000,4,33600;26400;106400;152900;338400;162200;148200;170500;926800,152900,0.275,2026-10-01,2026-10-03,tt.py+ttv.py / https://www.tiktok.com/@mugi.mugi21,動画ページstickersOnItemは空。キャプションはイベント告知や「もう一度赤ちゃんむぎに会いたい」,その他,もう一度赤ちゃんむぎに会いたい,不明,動物,不明,74,4,あり,オリジナル,その他/不明,推定（説明文）,3platform:tiktok-B-grow-b1,ペット再ラベル（キーワード規則）。商品の見せ方: バス用品プレゼント、ペットカメラを犬と並置して紹介
TikTok,ドッグフード,伸びてる,数値確認,一部投稿で言及,uchi_no_kazoku,うちの家族（@uchi_no_kazoku）,https://www.tiktok.com/@uchi_no_kazoku,5946,10,7197;9354;5618;10300;9995;6301;24800;9841;31300;264800,9918,1.668,2026-10-02,2026-10-03,tt.py+ttv.py / https://www.tiktok.com/@uchi_no_kazoku,ごっこ遊び回にテロップあり（過去ttv）。直近は状況説明キャプション,その他,直近は状況説明キャプション,不明,動物,不明,89,4,なし,不明,その他/不明,推定（説明文）,3platform:tiktok-B-grow-b1,ペット再ラベル（キーワード規則）。商品の見せ方: ドッグフード残し・チュール・おやつ購入の日常。商品PR型ではない
TikTok,ドッグフード,伸びてる,数値確認,一部投稿で言及,neko6neko,にゃんこ日記（@neko6neko）,https://www.tiktok.com/@neko6neko,1505,2,3191;11900;3198;4944;8185,4944,3.285,2026-09-12,2026-10-03,tt.py+ttv.py / https://www.tiktok.com/@neko6neko,旅立ち回のstickersOnItemは空。キャプションは介護・旅立ちの長文,その他,キャプションは介護・旅立ちの長文,不明,動物,不明,78,3,なし,BGM,その他/不明,推定（説明文）,3platform:tiktok-B-grow-b1,ペット再ラベル（キーワード規則）。商品の見せ方: 介護・療法食の言及。商品PR型ではない
TikTok,ドッグフード,伸びてる,数値確認,一部投稿で言及,umi_tabe,うみが食べるだけ（@umi_tabe）,https://www.tiktok.com/@umi_tabe,92500,7,9971;494400;294800;294800;154400;297400;234800;1400000;407200;307300,296100,3.201,2026-10-02,2026-10-03,tt.py+ttv.py / https://www.tiktok.com/@umi_tabe,見た3本のstickersOnItemは空。キャプションは状況短文,その他,キャプションは状況短文,不明,動物,不明,60,6,不明,オリジナル,なし/未確認,推定（説明文）,3platform:tiktok-B-grow-b2,ペット再ラベル（キーワード規則）。商品の見せ方: Media.ioのAI加工を告知する回あり。ドッグフード等の商品見せは未確認
TikTok,見守りカメラ,伸び悩み,数値確認,主題,enabot.japan,Enabot Japan（@enabot.japan）,https://www.tiktok.com/@enabot.japan,23600,9,70;494;360;707;446;377;286;306;515;231,377,0.016,2026-10-03,2026-10-03,"tt.py embed + ttv.py（id 7691620886360771846, 7683432278613183751, 7687922375169559829。2本はttv空）",見た1本はonscreen_text空。キャプションは見守りカメラの使い方見出し型,その他,見守りカメラの使い方見出し型,不明,手元,あり,29,5,なし,オリジナル,その他/不明,推定（説明文）,3platform:tiktok-B-stuck-b1,ペット再ラベル（キーワード規則）。商品の見せ方: 自走式見守りカメラ本体とペットの映像。ペット博大阪の体験告知あり
TikTok,見守りカメラ,伸び悩み,数値確認,主題,wanmama_fp,わんママ｜動物介護士（@wanmama_fp）,https://www.tiktok.com/@wanmama_fp,1103,7,220;280;307;1535;321;224;1378,307,0.278,2026-09-30,2026-10-03,tt.py embed + ttv.py（id 7691277236569181448等）,あり（例「ちょっと聞いてほしい...ハロウィン用にこれ買ったんだ」）。見守りカメラ1本はonscreen_text空,その他,ハロウィン用にこれ買ったんだ,不明,動物,あり,11,6,なし,BGM,レビュー・検証,確認済,3platform:tiktok-B-stuck-b2,ペット再ラベル（キーワード規則）。商品の見せ方: 犬服・カツラ・ペットカメラのレビュー。リンク誘導あり
Instagram,美容スキンケア,伸びてる,数値確認,主題,dan.biyou,美容オタクのダン（dan.biyou）,https://www.instagram.com/dan.biyou/,33000,12,44257;34632;194495;28238;89839;73510;69894;60154;641421;15649;134434;347792,71702,2.173,2026-10-02,2026-10-03,/reels/タブのplay_count＋shortcode日付（Playwright公開ページ）。キャプションはig.py https://www.instagram.com/reel/DdtRPxpTnt3/ ほか,あり推定（【永久保存版】クレンジングオイル1軍〜3軍／【クッションファンデTier】。キャプション見出し）,その他,クレンジングオイル1軍〜3軍,不明,商品,あり,,4,なし,不明,その他/不明,推定（説明文）,3platform:instagram-A-grow-b2,商品の見せ方: 持っている全本を1〜3軍に振り分け。ボトル列挙
Instagram,美容スキンケア,伸びてる,数値確認,主題,rincos_room,Rinco（rincos_room）,https://www.instagram.com/rincos_room/,21000,3,25023;14912;30878;50825,27950,1.331,2026-09-30,2026-10-03,/reels/ play_count。キャプション https://www.instagram.com/reel/Dd6OzRNBEGI/,あり（【最速でニキビを鎮めるルーティン】。キャプション）,B買う前の悩み・不一致,最速でニキビを鎮めるルーティン,不明,商品,あり,,4,なし,不明,その他/不明,推定（説明文）,3platform:instagram-A-grow-b2,商品の見せ方: ニキビ時に使うケアを手順で紹介
Instagram,美容スキンケア,伸びてる,数値確認,主題,y_miyong_,yuyu（y_miyong_）,https://www.instagram.com/y_miyong_/,32000,2,5834;42712;57984;6801,24756,0.774,2026-09-29,2026-10-03,/reels/ play_count。キャプション https://www.instagram.com/reel/Dd3XtCgzGr_/ と https://www.instagram.com/reel/DdlaLKyzj8m/,あり推定（韓国で人気のクリームをお手入れ別に／季節の変わり目のアイテム）,その他,韓国で人気のクリームをお手入れ別に,不明,商品,あり,,3,あり,不明,価格表示,推定（説明文）,3platform:instagram-A-grow-b2,商品の見せ方: 韓国薬局クリームを用途分け。ドラスト洗顔・乳液は税込価格つき
Instagram,美容スキンケア,伸びてる,数値確認,主題,lana__cosme,らな（lana__cosme）,https://www.instagram.com/lana__cosme/,113000,12,8191;12193;18932;19502;55136;59953;86924;33667;52372;177912;67414;42021,47196,0.418,2026-09-30,2026-10-03,/reels/ play_count。キャプション https://www.instagram.com/reel/Dd6Hz6cyciV/,あり推定（針苦手さんに朗報／グルタショット）,B買う前の悩み・不一致,針苦手さんに朗報,不明,商品,あり,,1,不明,不明,価格表示,推定（説明文）,3platform:instagram-A-grow-b2,商品の見せ方: 針美容液のチクチク感とメガポ価格を紹介
Instagram,美容スキンケア,伸びてる,数値確認,主題,kayohada,華世（kayohada）,https://www.instagram.com/kayohada/,274000,9,27385;76988;362835;29682;52309;774449;129621;241650;57792;1385188;570374,103304,0.377,2026-09-30,2026-10-03,/reels/ play_count。キャプション https://www.instagram.com/reel/Dd54PZ8Pyf2/ 。popular「スキンケア」に769K「あなたの毛穴は何毛穴？？」,直近本はキャプションが体験談で1コマ目文字は不明。popular過去に「あなたの毛穴は何毛穴？？」,その他,あなたの毛穴は何毛穴？？,あり,人,一部,,4,あり,不明,使用・実演,推定（説明文）,3platform:instagram-A-grow-b2,商品の見せ方: 日焼け止めの使用感を体験談で。popular過去は毛穴別クレンジング／美容液リスト
Instagram,美容スキンケア,伸びてる,数値確認,主題,hikaru_0177,ひかる（hikaru_0177）,https://www.instagram.com/hikaru_0177/,362000,2,227299;246438;279829,246438,0.681,2026-09-19,2026-10-03,/reels/ play_count。キャプション https://www.instagram.com/reel/DddqfsivSuj/,あり（オリヤン最新版✨買うべき名品まとめ）,その他,オリヤン最新版✨買うべき名品まとめ,不明,商品,あり,,4,なし,不明,その他/不明,推定（説明文）,3platform:instagram-A-grow-b2,商品の見せ方: 渡韓購入品から買ってよかったものをまとめ
Instagram,美容スキンケア,伸びてる,数値確認,主題,hani_korea.cosme,ハニ（hani_korea.cosme）,https://www.instagram.com/hani_korea.cosme/,107000,9,48495;28384;22031;42937;67294;258227;19472;98405;32678,42937,0.401,2026-10-01,2026-10-03,/reels/ play_count。キャプション https://www.instagram.com/reel/Dd8pUEuhpra/,あり推定（秋用の化粧下地のリピあり⭕️リピなし❌）,その他,秋用の化粧下地のリピあり⭕️リピなし❌,不明,商品,あり,,,なし,不明,その他/不明,推定（説明文）,3platform:instagram-A-grow-b2,商品の見せ方: 秋の下地をリピ判定で紹介
Instagram,美容スキンケア,伸びてる,数値確認,主題,nami_ch,なみ（nami_ch）,https://www.instagram.com/nami_ch/,84000,5,12415;21732;25253;92730;31490;70280;44415;38565;162178;81098;47052,44415,0.529,2026-10-03,2026-10-03,/reels/ play_count。キャプション https://www.instagram.com/reel/Dd5xFTYtkW2/ （エリクシール）と https://www.instagram.com/reel/DeBJ9PuhDbQ/ （ヘア）,あり（41歳スキンケアマニアが、10代から愛用している信頼のアイテム／簡単すぎるボブのヘアアレンジ）,その他,10代から愛用している信頼のアイテム,あり,人,あり,,5,あり,不明,比較・ランキング,推定（説明文）,3platform:instagram-A-grow-b2,商品の見せ方: 化粧水と乳液を留学中の実体験で比較
Instagram,美容スキンケア,伸びてる,数値確認,主題,ldk_the_beauty,LDK the Beauty（ldk_the_beauty）,https://www.instagram.com/ldk_the_beauty/,383000,2,64028;58155;74598;106712,69313,0.181,2026-09-18,2026-10-03,/reels/ play_count。キャプション https://www.instagram.com/reel/Ddbf1gYDPd_/,あり（老けない肌のスキンケアをご紹介しました）,その他,老けない肌のスキンケアをご紹介しました,あり,人,あり,872.5,4,なし,不明,レビュー・検証,推定（説明文）,3platform:instagram-A-grow-b2,商品の見せ方: アイクリーム・薬用クリーム・PDRN美容液を検証タイムスタンプで紹介
Instagram,美容スキンケア,伸びてる,数値確認,主題,kao_official_jp,花王（kao_official_jp）,https://www.instagram.com/kao_official_jp/,42000,3,211805;79121;114676;177766;163139;212341;276680;182878;536666,182878,4.354,2026-09-25,2026-10-03,/reels/ play_count。キャプション https://www.instagram.com/reel/DdsYcyLhtu0/ 。60日内にSOFINA BASIC＋リール DbptPKgBE0R（2026-08-05、いいね700）,あり（蓄積した歯のくすみ、どうケアしてる？／いよいよ発売！SOFINA BASIC＋）,B買う前の悩み・不一致,蓄積した歯のくすみ、どうケアしてる？,不明,商品,あり,,,なし,不明,その他/不明,推定（説明文）,3platform:instagram-A-grow-b2,商品の見せ方: 技術説明と字幕。スキンケアはSOFINAうるおいターボ化粧水など
Instagram,美容スキンケア,伸びてる,数値確認,主題,medicube_officialjapan,メディキューブ公式（medicube_officialjapan）,https://www.instagram.com/medicube_officialjapan/,147000,0,444291;535811;356628;191084,400460,2.724,2026-08-27,2026-10-03,/reels/ play_count。キャプション https://www.instagram.com/reel/Dcialo7kWzK/,あり推定（変わりやすい天気に、ゆらぎやすい肌に）,B買う前の悩み・不一致,変わりやすい天気に、ゆらぎやすい肌に,不明,商品,不明,,1,なし,不明,その他/不明,推定（説明文）,3platform:instagram-A-grow-b2,商品の見せ方: クリームでうるおいチャージを習慣訴求
Instagram,美容スキンケア,伸びてる,数値確認,主題,anua.jp,Anua Japan（anua.jp）,https://www.instagram.com/anua.jp/,146000,0,112417,112417,0.77,2026-08-09,2026-10-03,/reels/ play_count。キャプション https://www.instagram.com/reel/Dby_mfuBBPn/,あり（キーボードを打ったらピーリングセラムが‼️）,C後から見つける,キーボードを打ったらピーリングセラムが‼️,なし,商品,不明,,5,不明,不明,その他/不明,推定（説明文）,3platform:instagram-A-grow-b2,商品の見せ方: Barrier RebootピーリングセラムをAI映像で紹介
Instagram,美容スキンケア,伸びてる,数値確認,主題,sena_biyou,SENA（sena_biyou）,https://www.instagram.com/sena_biyou/,80000,10,21108;4894;28893;54590;25376;49004;3003;121844;82317;904678,28893,0.361,2026-10-02,2026-10-03,/reels/ play_count。キャプション https://www.instagram.com/reel/Dd_TFATyaB7/ 。popular「大人美容」52.5KはAnua美容液組み合わせ,あり（毎日メイクする人ほど見直したい「メイクNG集3選」。popular過去は「最強ハリ弾力ケア完成」）,その他,毎日メイクする人ほど見直したい「メイクNG集3選」,あり,人,あり,,3,なし,不明,使用・実演,推定（説明文）,3platform:instagram-A-grow-b2,商品の見せ方: 塗り方NG解説。スキンケア回はAnuaセラム2本のテクスチャ
Instagram,美容スキンケア,伸びてる,数値確認,主題,nagare_skin,ながれ（nagare_skin）,https://www.instagram.com/nagare_skin/,10000,10,4946;21314;5729;3385;99226;12346;4293;9378;2883;24206,7554,0.755,2026-10-02,2026-10-03,/reels/ play_count。キャプション https://www.instagram.com/reel/Dd_SuEESfTB/,あり（【保存必須】クレンジングの選び方）,その他,【保存必須】クレンジングの選び方,不明,商品,あり,,,なし,不明,その他/不明,推定（説明文）,3platform:instagram-A-grow-b2,商品の見せ方: 種類の選び方を箇条書き。個別ブランド名は当該本になし
Instagram,美容スキンケア,伸びてる,数値確認,主題,keshouhinko1225,化粧品子（keshouhinko1225）,https://www.instagram.com/keshouhinko1225/,441000,7,295506;88608;244666;186996;157422;311644;527286;246959;117493,244666,0.555,2026-10-02,2026-10-03,/reels/ play_count。キャプション https://www.instagram.com/reel/Dd_P4tST4q4/,"あり推定（13,200円のトムフォードとセザンヌ693円が酷似）",A商品名紹介,"13,200円のトムフォードとセザンヌ693円が酷似",不明,商品,あり,,,なし,不明,価格表示;比較・ランキング;成分解説,推定（説明文）,3platform:instagram-A-grow-b2,商品の見せ方: ハイライトを価格と質感で比較。プロフィールはドラスト成分選び
Instagram,美容スキンケア,伸びてる,数値確認,主題,choa_cosme,韓国オンニ（choa_cosme）,https://www.instagram.com/choa_cosme/,8231,12,185855;6686;9042;21761;219065;6421;318384;80866;15855;128605;801095;285218,104736,12.725,2026-10-02,2026-10-03,/reels/ play_count。キャプション https://www.instagram.com/reel/Dd_MO8MyczS/,あり推定（Qoo10サンプルハウスに早速突撃）,その他,Qoo10サンプルハウスに早速突撃,不明,人,一部,,2,なし,不明,その他/不明,推定（説明文）,3platform:instagram-A-grow-b2,商品の見せ方: サンプルハウスで試して持ち帰る様子
Instagram,美容スキンケア,伸びてる,数値確認,主題,asuka_skincare,アスカ（asuka_skincare）,https://www.instagram.com/asuka_skincare/,53000,0,16043;33068;199528;76011;18130;8304;10107;36727;8605,17086,0.322,2026-08-28,2026-10-03,/reels/ play_count。キャプション https://www.instagram.com/reel/Dck-x86TpyS/,あり（FLORODORAに注目）,A商品名紹介,FLORODORAに注目,不明,商品,あり,,1,不明,不明,その他/不明,推定（説明文）,3platform:instagram-A-grow-b2,商品の見せ方: FLORODORAをゆらぎ肌目線で紹介
Instagram,美容スキンケア,伸びてる,数値確認,主題,alblanc_jp,アルブラン公式（alblanc_jp）,https://www.instagram.com/alblanc_jp/,22000,6,3912;16546;7452;5233;12255;9109;21233;7303;10178;6603;10929,9109,0.414,2026-10-01,2026-10-03,/reels/ play_count。キャプション https://www.instagram.com/reel/Dd7yXQvBy5I/,あり（【毛穴の目立ちが気になる方必見／化粧水の塗り方】）,B買う前の悩み・不一致,毛穴の目立ちが気になる方必見,あり,人,あり,,1,なし,不明,使用・実演,推定（説明文）,3platform:instagram-A-grow-b2,商品の見せ方: 化粧水の塗り方を美容部員が実演
Instagram,美容スキンケア,伸びてる,数値確認,主題,s_katsuya_,勝也（s_katsuya_）,https://www.instagram.com/s_katsuya_/,212000,12,32796;295789;182181;247425;32525;48295;36821;273301;39874;105218;167211;8644,76756,0.362,2026-10-02,2026-10-03,/reels/ play_count。キャプション https://www.instagram.com/reel/Dd_kQTDTwU7/,あり推定（肌ボロボロな男子vs肌加工してるような男子）,B買う前の悩み・不一致,肌ボロボロな男子vs肌加工してるような男子,あり,人,あり,,,なし,不明,その他/不明,推定（説明文）,3platform:instagram-A-grow-b2,商品の見せ方: 韓国スキンケアをステップ列挙
Instagram,美容スキンケア,伸びてる,数値確認,主題,shushu_223_,しゅう（shushu_223_）,https://www.instagram.com/shushu_223_/,289000,9,45122;1111693;296703;100286;177063;62082;166520;176394;631962,176394,0.61,2026-09-30,2026-10-03,/reels/ play_count。キャプション https://www.instagram.com/reel/Dd6MIusSwuJ/,あり推定（美容医療後、どんなスキンケア使ってる？）,その他,美容医療後、どんなスキンケア使ってる？,あり,人,あり,,,不明,不明,その他/不明,推定（説明文）,3platform:instagram-A-grow-b2,商品の見せ方: 美容医療後のバリアケアとして2種クリームを紹介
Instagram,美容スキンケア,伸びてる,数値確認,主題,daberi_biyou,美容オタクのだべり（daberi_biyou）,https://www.instagram.com/daberi_biyou/,86000,12,68480;176814;227250;266251;158931;72085;91032;128495;173386;50479;201539;728533,166158,1.932,2026-10-02,2026-10-03,/reels/ play_count。キャプション https://www.instagram.com/reel/Dd_Yc7dzkNY/ と https://www.instagram.com/reel/Ddye9VNyHsp/,あり（【シャンプー採点】／【毛穴ケア】プチプラクレンジングオイルランキング）,その他,【シャンプー採点】,不明,商品,あり,,5,なし,不明,比較・ランキング,推定（説明文）,3platform:instagram-A-grow-b2,商品の見せ方: プチプラクレンジングを毛穴目的で5選。ヘアケア回も混在
Instagram,美容スキンケア,伸びてる,数値確認,主題,give_me_jishin,ユウネ（give_me_jishin）,https://www.instagram.com/give_me_jishin/,192000,3,70851;175300;16857;464823;1126635;578043;502472;317553;912528,464823,2.421,2026-09-03,2026-10-03,/reels/ play_count。キャプション https://www.instagram.com/reel/Dc0pFOCiyxY/ 。ハイライトに「ｽｷﾝｹｱ」,あり推定（紹介したコスメはキャプション）,その他,紹介したコスメはキャプション,あり,人,あり,,,なし,不明,なし/未確認,推定（説明文）,3platform:instagram-A-grow-b2,商品の見せ方: GRWMで使ったコスメをキャプションに全列挙。スキンケア単体回は60日タブでは未確認
Instagram,美容スキンケア,伸びてる,数値確認,主題,lipsjp,LIPS（lipsjp）,https://www.instagram.com/lipsjp/,858000,12,78761;45651;60230;26815;71372;310568;46268;56786;503187;94013;114647;134742,75066,0.087,2026-10-02,2026-10-03,/reels/ play_count。キャプション https://www.instagram.com/reel/Dd_fQD0NeaP/,あり推定（このカラー名、まさか…黒の…？）,その他,このカラー名、まさか…黒の…？,不明,商品,あり,,3,不明,不明,その他/不明,推定（説明文）,3platform:instagram-A-grow-b2,商品の見せ方: 提供リップのカラーを紹介。スキンケアUGC転載も混在
Instagram,美容スキンケア,伸びてる,数値確認,主題,gyeon.yn,がよん（gyeon.yn）,https://www.instagram.com/gyeon.yn/,218000,6,77224;175947;415504;114814;401028;573277;487578;396627;586228;1069030;126037,401028,1.84,2026-10-02,2026-10-03,/reels/ play_count。キャプション https://www.instagram.com/reel/Dd_J-PxPTRQ/,あり推定（韓国の薬剤師さんにおすすめされた購入品紹介）,その他,韓国の薬剤師さんにおすすめされた購入品紹介,あり,人,あり,,5,あり,不明,その他/不明,推定（説明文）,3platform:instagram-A-grow-b2,商品の見せ方: 明洞の薬局で薬剤師おすすめを購入紹介
Instagram,美容スキンケア,伸びてる,数値確認,主題,keana_nara,ナラ（keana_nara）,https://www.instagram.com/keana_nara/,138000,5,50748;60711;127162;111234;93149;110815;133875;130070;119510;57952;119215;41017,111024,0.805,2026-09-25,2026-10-03,/reels/ play_count。キャプション https://www.instagram.com/reel/DdtJu7rzOmo/,あり推定（同じ角栓毛穴でも選びたい化粧水は変わる）,B買う前の悩み・不一致,同じ角栓毛穴でも選びたい化粧水は変わる,あり,人,あり,,1,なし,不明,その他/不明,推定（説明文）,3platform:instagram-A-grow-b2,商品の見せ方: 角栓毛穴のタイプ別に化粧水を3つ紹介
Instagram,美容スキンケア,伸びてる,数値確認,主題,elixir_official_japan,エリクシール公式（elixir_official_japan）,https://www.instagram.com/elixir_official_japan/,102000,4,27177;36356;465254;652136;41082;46209;85720;43528,42305,0.415,2026-09-25,2026-10-03,/reels/ play_count＋shortcode日付。キャプション https://www.instagram.com/reel/Ddscb9lzxuh/ ほか,あり（📝効果的な使い方！新・トータルV クリームの新しくなったメソッド。キャプション）,A商品名紹介,新・トータルV クリームの新しくなったメソッド,あり,人,あり,,1,なし,不明,使用・実演,推定（説明文）,3platform:instagram-A-grow-b3,商品の見せ方: クリームの頬ふくらませ5秒メソッドを実演。MVはブランドミッション
Instagram,美容スキンケア,伸びてる,数値確認,主題,nagi.skincare,なぎ｜スキンケア研究室（nagi.skincare）,https://www.instagram.com/nagi.skincare/,56000,9,18260;30139;44039;36271;2884;28535;31382;46088;40080,31382,0.56,2026-10-01,2026-10-03,/reels/ play_count。キャプション https://www.instagram.com/reel/Dd3te6RubqB/ ほか,あり推定（スクショ必須！1本持っておくだけで便利／浮腫みやすい人は見直してみてください。キャプション）,その他,1本持っておくだけで便利,不明,商品,あり,,5,なし,不明,その他/不明,推定（説明文）,3platform:instagram-A-grow-b3,商品の見せ方: 保湿ミストを1本持っておく便利さ。GRWMでスキンケア手順
Instagram,美容スキンケア,伸びてる,数値確認,主題,numbuzin_official_jp,ナンバーズイン日本公式（numbuzin_official_jp）,https://www.instagram.com/numbuzin_official_jp/,78000,2,13519;14462;21140;32688,17801,0.228,2026-09-22,2026-10-03,/reels/ play_count。キャプション https://www.instagram.com/reel/DdlXVsyRm0V/,あり（＼1・5・9番バブルパックがついにオフライン登場！／）,A商品名紹介,1・5・9番バブルパックがついにオフライン登場,不明,商品,あり,,1,なし,不明,その他/不明,推定（説明文）,3platform:instagram-A-grow-b3,商品の見せ方: 朝10秒バブルパックを悩み別に紹介。ロフトPOPUP案内も混在
Instagram,美容スキンケア,伸びてる,数値確認,主題,mire_k_23,ミレの日常（mire_k_23）,https://www.instagram.com/mire_k_23/,105000,9,44637;436911;29043;65959;145888;75451;44233;102278;129760,75451,0.719,2026-10-02,2026-10-03,/reels/ play_count。キャプション https://www.instagram.com/reel/Dd03nsLhyCi/ ほか,あり推定（キャプションは使用感の感想文。1コマ目テロップは未確認）,その他,キャプションは使用感の感想文,あり,人,一部,,7,あり,不明,その他/不明,推定（説明文）,3platform:instagram-A-grow-b3,商品の見せ方: クレンジングは購入先を色別に列挙。メイク回も多い
Instagram,美容スキンケア,伸びてる,数値確認,主題,orbis_jp,オルビス公式（orbis_jp）,https://www.instagram.com/orbis_jp/,115000,1,31251;59837,45544,0.396,2026-09-04,2026-10-03,/reels/ play_count。キャプション https://www.instagram.com/reel/DckVCfQBood/ と https://www.instagram.com/reel/Dc2UafDvv0f/,あり（9月1日に重大告知／【保存して実践 感性をひらく、アート時間】。キャプション）,その他,9月1日に重大告知,不明,商品,不明,,1,なし,不明,その他/不明,推定（説明文）,3platform:instagram-A-grow-b3,商品の見せ方: ユードットをくすみ・ごわつきケアとして紹介。もう1本はシルエット予告
Instagram,美容スキンケア,伸びてる,数値確認,主題,nameraka_honpo,なめらか本舗公式（nameraka_honpo）,https://www.instagram.com/nameraka_honpo/,16000,0,4917;2146025,1075471,67.217,2026-09-02,2026-10-03,/reels/ play_count。キャプション https://www.instagram.com/reel/Dcx-RVzFYqL/ と https://www.instagram.com/reel/Dcc67KBtrhe/,あり（なめらか本舗の化粧水・乳液 つめかえ方のコツ／保湿ラインがリニューアルして好評発売中）,A商品名紹介,なめらか本舗の化粧水・乳液 つめかえ方のコツ,なし,手元,あり,,,なし,不明,使用・実演,推定（説明文）,3platform:instagram-A-grow-b3,商品の見せ方: つめかえのコツ実演。リニューアルは北海道産大豆の新処方解説
Instagram,美容スキンケア,伸びてる,数値確認,主題,maquia.magazine,マキア編集部（maquia.magazine）,https://www.instagram.com/maquia.magazine/,474000,12,42180;942743;67718;47699;43368;28855;105558;30961;116860;15789;47521;20618,43368,0.091,2026-10-01,2026-10-03,/reels/ play_count。キャプション https://www.instagram.com/reel/Dd7rhiuhkDC/ ほか,あり（あのB.Aから3代目のアイクリームが登場）,A商品名紹介,あのB.Aから3代目のアイクリームが登場,あり,人,あり,,,不明,不明,使用・実演,推定（説明文）,3platform:instagram-A-grow-b3,商品の見せ方: アイクリームの塗り範囲を実演。付録開封はスキンケアとメイク混在
Instagram,美容スキンケア,伸びてる,数値確認,主題,momo_bismore,桃｜Bismore（momo_bismore）,https://www.instagram.com/momo_bismore/,31000,9,3115;56512;13157;34245;8094;11961;18067;31506;244128,15612,0.504,2026-10-03,2026-10-03,/reels/ play_count。キャプション https://www.instagram.com/reel/Dd_HRMeBDCn/ と https://www.instagram.com/reel/DdtFrFwh4Rt/,あり（【プチプラ】…神美容液を紹介します／【プチプラ】…神化粧水を紹介します。キャプション）,その他,神美容液を紹介します,不明,商品,あり,,6,なし,不明,その他/不明,推定（説明文）,3platform:instagram-A-grow-b3,商品の見せ方: プチプラ化粧水・美容液を社長目線で列挙。食事の抗老化回も混在
Instagram,美容スキンケア,伸びてる,数値確認,主題,usayoshi_cosme,うさよし（usayoshi_cosme）,https://www.instagram.com/usayoshi_cosme/,164000,3,27392;324067;469268;42961;2004708;550116,396668,2.419,2026-10-02,2026-10-03,/reels/ play_count。キャプション https://www.instagram.com/reel/Dd0zUpLTMOv/ ほか,あり（\\「ジェネリックスキンケア」は果たしてあるのか／\\ドラストに潜む秘宝クリームはこれだ／\\肌と菌の、知られざる関係）,その他,「ジェネリックスキンケア」は果たしてあるのか,不明,商品,あり,,2,不明,不明,成分解説,推定（説明文）,3platform:instagram-A-grow-b3,商品の見せ方: 成分の仕組みを解説してからボトルを推す。ドラストクリームを密着感で紹介
Instagram,美容スキンケア,伸びてる,数値確認,主題,taka_mens_beauty,美容オタクのタカ（taka_mens_beauty）,https://www.instagram.com/taka_mens_beauty/,14000,9,4863;33414;33021;178400;258649;54480;395257;115758;107627;72678;85892;53699,79285,5.663,2026-09-30,2026-10-03,/reels/ play_count。キャプション https://www.instagram.com/reel/Dd3gESdTGSS/ ほか。popular「化粧水」93.7K【化粧水Tire表】,あり（【最強毛穴ケア】／【肌悩み別】おすすめ美容液／popularは【化粧水Tire表】2026年最新版）,その他,【最強毛穴ケア】,不明,商品,あり,,5,あり,不明,その他/不明,推定（説明文）,3platform:instagram-A-grow-b3,商品の見せ方: プチプラ化粧水を5点満点で採点。毛穴セットはメガポ誘導
Instagram,美容スキンケア,伸びてる,数値確認,主題,yakekuso_dayo,やけくそマン（yakekuso_dayo）,https://www.instagram.com/yakekuso_dayo/,32000,12,11452;25887;156153;60617;190024;280160;30712;204902;419089;290636;132732;33748,144442,4.514,2026-10-02,2026-10-03,/reels/ play_count。キャプション https://www.instagram.com/reel/Dd_WA83SqK1/ ほか。popular「化粧水」167K「金ドブ化粧水買わないように気をつけて！」,あり（金ドブパック買わないように気をつけてね！／popularは金ドブ化粧水買わないように気をつけて！）,B買う前の悩み・不一致,金ドブパック買わないように気をつけてね！,不明,商品,あり,,5,なし,不明,その他/不明,推定（説明文）,3platform:instagram-A-grow-b3,商品の見せ方: 金ドブ回避としてプチプラパック・化粧水を列挙。メイク回も混在
Instagram,美容スキンケア,伸びてる,数値確認,主題,haku_k_skincare,はく（haku_k_skincare）,https://www.instagram.com/haku_k_skincare/,24000,6,157797;118639;4048;36833;13157;164540;566066;50788;2201;53916,50788,2.116,2026-09-23,2026-10-03,/reels/ play_count。キャプション https://www.instagram.com/reel/DdRFv9XCqBg/ ほか,あり（桁バグビタミンって知ってる？／ジェル洗顔の常識がひっくり返った／旅行のたびにやってたスキンケアの詰め替え）,その他,桁バグビタミンって知ってる？,あり,人,一部,,3,あり,不明,その他/不明,推定（説明文）,3platform:instagram-A-grow-b3,商品の見せ方: 個包装美容液・ジェル洗顔・メガ割セットを紹介。直近はクリニック施術レポが多い
Instagram,美容スキンケア,伸びてる,数値確認,主題,bitekicom,美的（bitekicom）,https://www.instagram.com/bitekicom/,666000,12,132770;25475;55366;21938;59077;146903;44281;59179;68913;97824;37651;122628,59128,0.089,2026-10-02,2026-10-03,/reels/ play_count。キャプション https://www.instagram.com/reel/Dd3EMXEB01I/ と https://www.instagram.com/reel/Dd2rTNzOMnz/,あり（美容家の大野真理子さんと美容研究家の有村実樹さんが、読者のスキンケア悩みにお答え／BIOHEALBOHアンバサダー就任）,その他,読者のスキンケア悩みにお答え,あり,人,あり,,6,あり,不明,その他/不明,推定（説明文）,3platform:instagram-A-grow-b3,商品の見せ方: ブースター化粧水を専門家対談で紹介。リフティングラインはアンバサダー就任告知
Instagram,美容スキンケア,伸びてる,数値確認,主題,yun.skincare_,ゆん（yun.skincare_）,https://www.instagram.com/yun.skincare_/,63000,8,12066;99238;16691;30474;53024;103574;22162;47508;86585;40762,44135,0.701,2026-10-02,2026-10-03,/reels/ play_count。キャプション https://www.instagram.com/reel/Dd_ei28C_-u/ ほか,あり（【メラノCCとオバジC10｜私がオバジを選ぶ理由】／【アクアレーベルとエリクシールの違い｜4MSK化粧水はどっちを選ぶ？】）,A商品名紹介,メラノCCとオバジC10｜私がオバジを選ぶ理由,なし,商品,あり,,,不明,不明,価格表示;比較・ランキング;成分解説,推定（説明文）,3platform:instagram-A-grow-b3,商品の見せ方: メラノCCとオバジC10、アクアレーベルとエリクシールを成分と価格で比較
Instagram,美容スキンケア,伸びてる,数値確認,主題,kaho.skincare,佐川かほ（kaho.skincare）,https://www.instagram.com/kaho.skincare/,109000,7,12077;44035;36293;17499;41407;33594;28454;69097;41303;48937,38798,0.356,2026-09-30,2026-10-03,/reels/ play_count。キャプション https://www.instagram.com/reel/Ddiyebthh94/ ほか,あり（早く知りたかったNG美容ランキング！／早く知りたかったNG美容TOP10）,その他,早く知りたかったNG美容ランキング！,あり,人,あり,,2,なし,不明,比較・ランキング;使用・実演,推定（説明文）,3platform:instagram-A-grow-b3,商品の見せ方: NG美容をランキング。導入美容液はコラボ実演
Instagram,美容スキンケア,伸びてる,数値確認,主題,ihada_jp,イハダ公式（ihada_jp）,https://www.instagram.com/ihada_jp/,30000,0,15769;9946,12858,0.429,2026-08-17,2026-10-03,/reels/ play_count。キャプション https://www.instagram.com/reel/DcIjytxBMdX/,あり（＼私たちの夏の肌を支える、推しアイテム✨／）,その他,私たちの夏の肌を支える、推しアイテム,あり,人,あり,,1,なし,不明,その他/不明,推定（説明文）,3platform:instagram-A-grow-b3,商品の見せ方: 朝から夜のUV・乾燥対策としてミルクとパウダーを紹介
Instagram,美容スキンケア,伸びてる,数値確認,主題,lululun_jp,ルルルン公式（lululun_jp）,https://www.instagram.com/lululun_jp/,106000,5,808074;153950;731580;8079;12073;19921;30906,19921,0.188,2026-10-01,2026-10-03,/reels/ play_count。キャプション https://www.instagram.com/reel/Dc26Ps-IYnr/ ほか,あり（\\ 全国発売スタート💚✨ /／いつものスキンケアが、貼るだけでちょっと特別に）,その他,全国発売スタート💚✨,あり,商品,あり,,1,不明,不明,成分解説,推定（説明文）,3platform:instagram-A-grow-b3,商品の見せ方: シートマスクの成分（5-ALA、アゼライン酸）と密着感を紹介
Instagram,美容スキンケア,伸びてる,数値確認,主題,skin1004_japan,SKIN1004 Japan（skin1004_japan）,https://www.instagram.com/skin1004_japan/,64000,0,22983,22983,0.359,2026-08-19,2026-10-03,/reels/ play_count。キャプション https://www.instagram.com/reel/DcN0LvQEdYy/,あり（夏の終わり、秋のはじまり）,その他,夏の終わり、秋のはじまり,不明,商品,不明,,3,なし,不明,その他/不明,推定（説明文）,3platform:instagram-A-grow-b3,商品の見せ方: ゆらぎ肌向けセンテラの秋スペシャルBOXを予告
Instagram,美容スキンケア,伸びてる,数値確認,主題,meishoku_corporation,明色化粧品公式（meishoku_corporation）,https://www.instagram.com/meishoku_corporation/,15000,4,23426;72379;61733;51893;59616,59616,3.974,2026-10-01,2026-10-03,/reels/ play_count。キャプション https://www.instagram.com/reel/Ddn_gwGyX5q/ ほか,あり（これ、昔使ってなかった？？／今しか手に入らない「美顔水ミラーチャーム」が可愛すぎる）,A商品名紹介,今しか手に入らない「美顔水ミラーチャーム」,不明,商品,あり,,,なし,不明,その他/不明,推定（説明文）,3platform:instagram-A-grow-b3,商品の見せ方: 大人向け美顔水をニキビ予防＋保湿で紹介。直近1本はミラーチャームキャンペーン
Instagram,美容スキンケア,伸びてる,数値確認,主題,matsukiyococokara,マツキヨココカラ公式（matsukiyococokara）,https://www.instagram.com/matsukiyococokara/,44000,9,5211;27517;7998;10769;21030;10887;5557;11105;8256,10769,0.245,2026-10-02,2026-10-03,/reels/ play_count。キャプション https://www.instagram.com/reel/DdDyY0RlS4o/ ほか,あり（毛穴・テカリが気になる肌に！アゼライン酸ガチスキンケアこれ！／重曹とクエン酸の掃除裏技。直近は掃除・リップ混在）,B買う前の悩み・不一致,毛穴・テカリが気になる肌に！,不明,商品,あり,,,なし,不明,その他/不明,推定（説明文）,3platform:instagram-A-grow-b3,商品の見せ方: クレンジングからクリームまでアゼライン酸をライン使い。直近タブは掃除・リップ・マスカラも混在
Instagram,美容スキンケア,伸びてる,数値確認,主題,vocemagazine,VOCE編集部（vocemagazine）,https://www.instagram.com/vocemagazine/,640000,11,788615;199707;728492;159152;89889;169007;68027;53831;153251;1026512;25835;212177,164080,0.256,2026-10-02,2026-10-03,/reels/ play_count。キャプション https://www.instagram.com/reel/Dd3R7eSJWVl/ と https://www.instagram.com/reel/Dd045JnJCqo/,あり（【#ミノン】見落としがちな“頭皮の保湿”／いつものスキンケアコスメも、手技を見直せば効きが見違える）,A商品名紹介,【#ミノン】見落としがちな“頭皮の保湿”,あり,人,あり,,2,不明,不明,使用・実演,推定（説明文）,3platform:instagram-A-grow-b3,商品の見せ方: 頭皮保湿ローションを新作紹介。スキンケアのなじませ手技を実演。コフレ回混在
Instagram,美容スキンケア,伸びてる,数値確認,主題,fuchico3,ふちこ（fuchico3）,https://www.instagram.com/fuchico3/,50000,3,27588;91791;20099;65654;19360;12335;35333;7442;49680,27588,0.552,2026-10-01,2026-10-03,/reels/ play_count。キャプション https://www.instagram.com/reel/Dd8i1JGJAaa/ ほか,"あり（コストコ行ったら即チェック／1,000円握りしめてドンキへ走れ。キャプション）",その他,コストコ行ったら即チェック,不明,手元,あり,,,不明,不明,価格表示,推定（説明文）,3platform:instagram-A-grow-b3,商品の見せ方: コストコ大容量乳液とドンキ100円台パックを店頭カットで紹介。日用品リストも混在
Instagram,美容スキンケア,伸びてる,数値確認,主題,aratatomori,友利新（aratatomori）,https://www.instagram.com/aratatomori/,210000,7,84948;185776;90247;35624;368271;146564;49040;82567;76919,84948,0.405,2026-10-02,2026-10-03,/reels/ play_count。キャプション https://www.instagram.com/reel/Ddqny1Ohk-O/ ほか,あり（クレンジングの名品をアイテム別で解説しました！／若々しく見えるポイントはシワやたるみだけではない??。キャプション）,その他,クレンジングの名品をアイテム別で解説しました,あり,人,あり,,,不明,不明,その他/不明,推定（説明文）,3platform:instagram-A-grow-b3,商品の見せ方: クレンジングをアイテム別で解説。直近は商品名なしの知見トークも混在
Instagram,美容スキンケア,伸びてる,数値確認,主題,tomato4researcher,とまと村長（tomato4researcher）,https://www.instagram.com/tomato4researcher/,121000,5,8415;17872;12904;23085;60789;20217;30270;34352;22545,22545,0.186,2026-10-02,2026-10-03,/reels/ play_count。キャプション https://www.instagram.com/reel/Dd_BwJwiN12/ ほか,あり（元化粧品研究者も唸る！ドラストなどで買える高機能ブライトニングミルク。キャプション）,その他,ドラストなどで買える高機能ブライトニングミルク,不明,商品,あり,,2,不明,不明,成分解説,推定（説明文）,3platform:instagram-A-grow-b3,商品の見せ方: 有効成分ビタミンCを解説してからボディミルクを推す。パウダー回も混在
Instagram,美容スキンケア,伸びてる,数値確認,主題,torriden_jp,トリデン日本公式（torriden_jp）,https://www.instagram.com/torriden_jp/,65000,3,31267;34026;43580;155713;119019;735527;432760,119019,1.831,2026-09-15,2026-10-03,/reels/ play_count。キャプション https://www.instagram.com/reel/DdTKGZMicIq/ ほか,あり（『Torriden DEEP DIVE IN Express』ポップアップで出会ったお客様のリアルな声／髙橋海人さんが就任して2年目）,A商品名紹介,Torriden DEEP DIVE IN Express,あり,商品,あり,,,なし,不明,その他/不明,推定（説明文）,3platform:instagram-A-grow-b3,商品の見せ方: ダイブインシリーズをPOPUPのお客様の声とアンバサダーCMで紹介
Instagram,美容スキンケア,伸び悩み,数値確認,主題,puremer_japan,Puremer｜ピュアメル（@puremer_japan）,https://www.instagram.com/puremer_japan/,14000,4,469;390;133;384,387,0.028,2026-09-28,2026-10-03,"ig.py embed（DdtWxkNTdLT, Dd1KvrBz1gg, DdoZz4gTEZJ, Ddbsup1z3k4）＋Yahoo `""puremer_japan"" site:instagram.com`",あり（「Puremer リセットVitaC美容液購入方法」「毛穴の消しゴム」「シルバーウィーク休業のお知らせ」型）,A商品名紹介,Puremer リセットVitaC美容液購入方法,不明,商品,あり,,5,なし,不明,その他/不明,推定（説明文）,3platform:instagram-A-stuck-b1,商品の見せ方: 高濃度ピュアビタミンC美容液の購入先（公式/Amazon）と「毛穴の消しゴム」訴求
Instagram,美容スキンケア,伸び悩み,数値確認,主題,cac_cosme.official,CAC（シーエーシー）｜無添加スキンケア（@cac_cosme.official）,https://www.instagram.com/cac_cosme.official/,6282,4,269;254;168,254,0.04,2026-09-30,2026-10-03,"ig.py embed（DdyWKoeSyNR, DdoIEkwy4mo, Dc8lgiTRWfX）＋p/Dd6B0K0mNHX＋Yahoo `""cac_cosme.official"" site:instagram.com/reel`",あり（「9月プレキャン本日まで」「CAC ジェルローション紹介」「パックの粘土の違いをチェック」型）,A商品名紹介,CAC ジェルローション紹介,不明,手元,あり,,1,なし,不明,比較・ランキング;使用・実演,推定（説明文）,3platform:instagram-A-stuck-b1,商品の見せ方: ジェルローションのテクスチャ、パック3種の粘度比較、まとめ買い／プレキャン誘導
Instagram,美容スキンケア,伸び悩み,数値確認,主題,cc1_cosmetics,CC1｜シーシーワン【公式】（@cc1_cosmetics）,https://www.instagram.com/cc1_cosmetics/,1684,5,24;132;33,33,0.02,2026-09-29,2026-10-03,"ig.py embed（DdtMmrKjaHq, DdTcpZLipgp, DdBbDDBD7gI）＋p/Dd3fsSxDGZ5, p/DdJJbU0Ddu3＋Yahoo",あり（「気づけば、もう10月目前」「この洗顔、じつは車を磨く会社から生まれた」「洗顔のあと、化粧水はどこ…」型）,A商品名紹介,この洗顔、じつは車を磨く会社から生まれた,なし,商品,あり,,,なし,不明,その他/不明,推定（説明文）,3platform:instagram-A-stuck-b1,商品の見せ方: 洗う美容液→美容液の2ステップ、アスタキサンチンの黒ボトル理由、洗顔後すぐ美容液へ
Instagram,美容スキンケア,伸び悩み,数値確認,主題,evermere001,エバメール（@evermere001）,https://www.instagram.com/evermere001/,17000,4,87;212,150,0.009,2026-09-30,2026-10-03,"ig.py embed（Dd0KzyEgYix=87, Ddscbb9io4C=212）＋p/Dd75MTiDAwf, p/Dd5UdfIDLab＋Yahoo",あり（「化粧水たっぷり使いたいけど」「詰替えの時に容器に残っちゃうのがストレス」「洗顔みんなはどんなタイプが好き？」型）,B買う前の悩み・不一致,詰替えの時に容器に残っちゃうのがストレス,なし,手元,あり,,1,なし,不明,その他/不明,推定（説明文）,3platform:instagram-A-stuck-b1,商品の見せ方: 大容量化粧水のポンプ、ゲルクリームのパウチ詰め替え手順、泡／クリーム洗顔の使い分け
Instagram,美容スキンケア,伸び悩み,数値確認,主題,spatreatment.jp,スパトリートメント(Spa treatment)（@spatreatment.jp）,https://www.instagram.com/spatreatment.jp/,9016,5,143;224;174;255,199,0.022,2026-09-25,2026-10-03,"ig.py embed（Ddts-xaI1i0=143, DdoSbiuo-Wk=224, DdbJmFYoGPS=174, DdNbMeKI2qY=255）＋Yahoo `""spatreatment.jp"" site:instagram.com/reel`",あり（「ラッピングシート/マスク一般販売開始」「朝のスキンケアでうるおいに満ちた1日を」「大切な人とシェアできるスキンケア」型）,A商品名紹介,ラッピングシート/マスク一般販売開始,なし,手元,あり,,4,なし,不明,使用・実演,推定（説明文）,3platform:instagram-A-stuck-b1,商品の見せ方: ナノファイバーヒアルロン酸のラッピングシート／マスクの使い方と発売前体験会、白茶エキスのAIRARE
Instagram,美容スキンケア,伸び悩み,数値確認,主題,katwra_official,KATWRA公式｜カツウラ化粧品（@katwra_official）,https://www.instagram.com/katwra_official/,1552,9,21;29;2;4,12,0.008,2026-10-02,2026-10-03,"ig.py embed（DdoJJXtpdly=21, DdjZeYMBlNe=29, DdgBN87hEKb=2, DdTdU4gJjb8=4）＋Yahoo `""katwra_official"" site:instagram.com/reel`＋X @Katwra_official",あり（「まだ、間に合う！」「MIZU、撮影中」「MIZU、本番へ」「『肌灯』は第1話から」型）,その他,『肌灯』は第1話から,なし,キャラ,あり,,6,なし,不明,その他/不明,推定（説明文）,3platform:instagram-A-stuck-b1,商品の見せ方: キャラMIZUで水分・洗い整えを物語化し、角質ケア洗顔料フローテAを2枚目で紹介
Instagram,美容スキンケア,伸び悩み,数値確認,主題,frma.earth,FRMA（@frma.earth）,https://www.instagram.com/frma.earth/,751,4,6;76;29;30,30,0.039,2026-10-01,2026-10-03,"ig.py embed（Dd-igEkMhAj=6, Ddn59GUhip1=76, Dc3Pdi4NKaM=29, Dc3PFaYSFuW=30）＋Yahoo `""frma.earth"" site:instagram.com`",あり（「健康な肌へ。肌バリアを整えることが大事です」「ご愛用者さまの化粧品探しの旅」「FRMAオススメです」型）,A商品名紹介,FRMAオススメです,不明,商品,あり,,6,なし,不明,その他/不明,推定（説明文）,3platform:instagram-A-stuck-b1,商品の見せ方: 化粧品による肌荒れゼロを掲げ、バリア整えと愛用者の探索談から自社ラインへ誘導
Instagram,見守りカメラ,伸びてる,数値確認,主題,americanbully_atom0106,アメリカンブリー アトム&レティ&ラブ（@americanbully_atom0106）,https://www.instagram.com/americanbully_atom0106/,81000,1,,120381,1.486,2026-09-09,2026-10-03,"ig.py embed再生＋https://news.cube-soft.jp/article/4097678（記事16万は見守りカメラ本。ライブembedは85,564）",キャプション短文「【永久保存版】」等。画面文字は不明,その他,【永久保存版】,不明,動物,不明,,2,なし,不明,その他/不明,推定（説明文）,3platform:instagram-B-grow-b2,ペット再ラベル（キーワード規則）。商品の見せ方: 見守りカメラ映像で食事介助を見せる。カメラ機種名・販売PRは当該キャプションに無し
Instagram,見守りカメラ,伸び悩み,数値確認,主題,enabot.japan,Enabot Japan（@enabot.japan）,https://www.instagram.com/enabot.japan/,4127,6,,161,0.039,2026-09-29,2026-10-03,"ig.py embed＋Yahoo `""enabot.japan:"" site:instagram.com/reel`",キャプションは短い見出し（「ひとり運動会」「おうちキャンプ」「高いところから見守ったら」型）。画面テロップは不明,その他,ひとり運動会」「おうちキャンプ,不明,手元,あり,,5,なし,不明,使用・実演;なし/未確認,推定（説明文）,3platform:instagram-B-stuck-b1,ペット再ラベル（キーワード規則）。商品の見せ方: 自走式見守りカメラ本体の意外な使い方。袋のクローズアップは未確認
YouTube,美容スキンケア,伸びてる,数値確認,主題,EGA.channel,EGA.channel,https://www.youtube.com/channel/UCVRDCteAx6zMUWMB86QRXxw,1140000,,452000;636000;544000;786000;701000;714000;535000;407000;1000000;606000,621000,0.545,2026-09-29,2026-10-03,https://www.youtube.com/channel/UCVRDCteAx6zMUWMB86QRXxw/shorts,（タイトル）汚い肌を見せている訳ではない。笑,その他,汚い肌を見せている訳ではない。笑,不明,不明,不明,40,0,なし,ナレ,不明,推定（説明文）,3platform:youtube-A-grow,顔出し等は未取得。audioのナレ=自動字幕あり比率≥50%。posts_last30_seen=4は下限（4本目が30日以内）。
YouTube,美容スキンケア,伸びてる,数値確認,主題,BMYuya,美容ノゆうや,https://www.youtube.com/channel/UCAuXeTGFOwvQd450otPYXHQ,234000,,54000;11000;78000;184000;15000;689000;110000;165000;385000;228000,137500,0.588,2026-09-29,2026-10-03,https://www.youtube.com/channel/UCAuXeTGFOwvQd450otPYXHQ/shorts,（タイトル）[Honest Review] Toujours' Barrier Shot Lotion is a very popular toner. I've put its effects to th...,不明,(タイトル例なし),不明,不明,不明,49.0,,あり,ナレ,不明,推定（説明文）,3platform:youtube-A-grow,顔出し等は未取得。audioのナレ=自動字幕あり比率≥50%。posts_last30_seen=4は下限（4本目が30日以内）。
YouTube,美容スキンケア,伸びてる,数値確認,主題,shushu_223_,しゅう@コスメ日記,https://www.youtube.com/channel/UCFYXTCJdHMCgsgxgThuyfWA,220000,,5500;37000;46000;14000;149000;429000;233000;165000;197000;124000,136500,0.62,2026-10-02,2026-10-03,https://www.youtube.com/channel/UCFYXTCJdHMCgsgxgThuyfWA/shorts,（タイトル）Use This Before Your Serum! The Cleansing Oil That Boosts Skincare Absorption by 2.2x,不明,(タイトル例なし),不明,不明,不明,63,,あり,ナレ,不明,推定（説明文）,3platform:youtube-A-grow,顔出し等は未取得。audioのナレ=自動字幕あり比率≥50%。posts_last30_seen=4は下限（4本目が30日以内）。
YouTube,美容スキンケア,伸びてる,数値確認,主題,megumi_kanzaki,美容家・神崎恵の大人美人研究,https://www.youtube.com/channel/UCIPfDglwgRqcpYirwZCVuOA,209000,,62000;35000;74000;77000;44000;78000;101000;199000;43000;62000,68000,0.325,2026-09-30,2026-10-03,https://www.youtube.com/channel/UCIPfDglwgRqcpYirwZCVuOA/shorts,（タイトル）Apply your drugstore makeup with a brush🖌️❣️ One simple trick for a flawless finish✨ Megumi Kanza...,A商品名紹介,シュワシュワ弾ける炭酸パック,不明,不明,不明,77,0,なし,ナレ,不明,推定（説明文）,3platform:youtube-A-grow,顔出し等は未取得。audioのナレ=自動字幕あり比率≥50%。posts_last30_seen=4は下限（4本目が30日以内）。
YouTube,美容スキンケア,伸びてる,数値確認,主題,hyuk6509,Hyukヒョク,https://www.youtube.com/channel/UC1JblLAuGsgpxjQjROHfwzQ,534000,,22000;80000;16000;69000;33000;37000;41000;26000;27000;199000,35000,0.066,2026-09-30,2026-10-03,https://www.youtube.com/channel/UC1JblLAuGsgpxjQjROHfwzQ/shorts,（タイトル）Zero Skin Trouble This Fall! Top 3 Barrier Repair Creams!,不明,(タイトル例なし),不明,不明,不明,79.5,,なし,ナレ,不明,推定（説明文）,3platform:youtube-A-grow,顔出し等は未取得。audioのナレ=自動字幕あり比率≥50%。posts_last30_seen=4は下限（4本目が30日以内）。
YouTube,美容スキンケア,伸びてる,数値確認,主題,kobatomo_skin_academy,こばとも先生のスキンアカデミー【こばとも皮膚科】,https://www.youtube.com/channel/UCLXRvdWoSRxMniZw5OvC7xg,158000,,139000;2600;62000;8800;16000;20000;40000;66000;3500000;15000,30000,0.19,2026-10-01,2026-10-03,https://www.youtube.com/channel/UCLXRvdWoSRxMniZw5OvC7xg/shorts,（タイトル）【どっち？】この爪、放置して大丈夫？,B買う前の悩み・不一致,この爪、放置して大丈夫？,不明,不明,不明,17.0,0.0,なし,不明,不明,推定（説明文）,3platform:youtube-A-grow,顔出し等は未取得。audioのナレ=自動字幕あり比率≥50%。posts_last30_seen=4は下限（4本目が30日以内）。
YouTube,美容スキンケア,伸びてる,数値確認,主題,smishow01,すみしょう,https://www.youtube.com/channel/UCRKx3Kj_LGlk3Qyk6FRc4Mg,466000,,7400;6300;4900;5500;40000;71000;31000;25000;261000;321000,28000,0.06,2026-08-19,2026-10-03,https://www.youtube.com/channel/UCRKx3Kj_LGlk3Qyk6FRc4Mg/shorts,（タイトル）Our Once-a-Year End-of-Fiscal-Year Sale Is Now On,不明,(タイトル例なし),不明,不明,不明,48.5,,なし,ナレ,不明,推定（説明文）,3platform:youtube-A-grow,顔出し等は未取得。audioのナレ=自動字幕あり比率≥50%。posts_last30_seen=4は下限（4本目が30日以内）。
YouTube,美容スキンケア,伸びてる,数値確認,主題,sakimegu_beauty,さきめぐ Beauty Class【美容家・化粧品開発者】,https://www.youtube.com/channel/UCH3ITyGlEEDUq2t5WW4YToA,186000,,21000;28000;20000;24000;70000;23000;22000;57000;116000;27000,25500,0.137,2026-09-18,2026-10-03,https://www.youtube.com/channel/UCH3ITyGlEEDUq2t5WW4YToA/shorts,（タイトル）【涙袋がない人必見】これだけで中顔面短縮!? プロ直伝の大人涙袋テクが目から鱗すぎた✨#メイク #美容 #涙袋,B買う前の悩み・不一致,【涙袋がない人必見】,不明,不明,不明,61.0,3.0,なし,ナレ,不明,推定（説明文）,3platform:youtube-A-grow,顔出し等は未取得。audioのナレ=自動字幕あり比率≥50%。posts_last30_seen=4は下限（4本目が30日以内）。
YouTube,美容スキンケア,伸びてる,数値確認,主題,nobechan_0209,のべちゃん,https://www.youtube.com/channel/UCLtGjUw65C5r7Snzw2HukPA,147000,,30000;790000;1100000;13000;32000;16000;14000;3800000;11000;12000,23000,0.156,2026-09-21,2026-10-03,https://www.youtube.com/channel/UCLtGjUw65C5r7Snzw2HukPA/shorts,（タイトル）Customized treatment that removes all small warts and dark spots on your neck and forehead at onc...,不明,(タイトル例なし),不明,不明,不明,117.0,,なし,ナレ,不明,推定（説明文）,3platform:youtube-A-grow,顔出し等は未取得。audioのナレ=自動字幕あり比率≥50%。posts_last30_seen=4は下限（4本目が30日以内）。
YouTube,美容スキンケア,伸びてる,数値確認,主題,Toshikun1,現役化粧品研究員としくん,https://www.youtube.com/channel/UCX65aRSQMMpgcVH4dlirwAA,106000,,3600;4000;14000;22000;6100;20000;9900;35000;13000;34000,13500,0.127,2026-10-01,2026-10-03,https://www.youtube.com/channel/UCX65aRSQMMpgcVH4dlirwAA/shorts,（タイトル）ワンエスティ初のクレンジングオイル。今月末に発表です！ #onest #ワンエスティ,A商品名紹介,ワンエスティ初のクレンジングオイル,不明,不明,不明,43.0,1.0,あり,ナレ,不明,推定（説明文）,3platform:youtube-A-grow,顔出し等は未取得。audioのナレ=自動字幕あり比率≥50%。posts_last30_seen=4は下限（4本目が30日以内）。
YouTube,美容スキンケア,伸びてる,数値確認,主題,seibun_otakuchan,成分オタクちゃん【美容・スキンケア】,https://www.youtube.com/channel/UCjtfjB1R0dNsTMmXO-qbU4Q,9630,,1200;1000000;1900;36000;3000000;4100000;3100;7000;1500;11000,9000,0.935,2026-09-26,2026-10-03,https://www.youtube.com/channel/UCjtfjB1R0dNsTMmXO-qbU4Q/shorts,（タイトル）口臭い奴集合‼️相手と話すとき、無意識に手で口元抑えてない？？口臭に悩んでる人は是非試してみて✨##ecostore #マウスウォッシュ#口臭 #口臭ケア #オーラルケア,B買う前の悩み・不一致,口臭に悩んでる人は,不明,不明,不明,21,2.0,なし,ナレ,不明,推定（説明文）,3platform:youtube-A-grow,顔出し等は未取得。audioのナレ=自動字幕あり比率≥50%。posts_last30_seen=4は下限（4本目が30日以内）。
YouTube,美容スキンケア,伸びてる,数値確認,主題,ryota_kazemura_official,リョウタの美容ライフTV,https://www.youtube.com/channel/UCyM3l0XFiiasigWCwE0Ulyg,7140,,8600;4800;12000;9800;7500;7000;3500;3600;11000;16000,8050,1.127,2026-10-03,2026-10-03,https://www.youtube.com/channel/UCyM3l0XFiiasigWCwE0Ulyg/shorts,（タイトル）Is there anyone who can actually use this serum?,不明,(タイトル例なし),不明,不明,不明,73.0,,なし,ナレ,不明,推定（説明文）,3platform:youtube-A-grow,顔出し等は未取得。audioのナレ=自動字幕あり比率≥50%。posts_last30_seen=4は下限（4本目が30日以内）。
YouTube,美容スキンケア,伸びてる,数値確認,主題,nagi.skincare,なぎ | スキンケア研究室,https://www.youtube.com/channel/UC3Chxdbg9orlXZWbXAtLU_A,7490,,1200;1800;7100;8100;7900;7500;15000;10000;8000;5500,7700,1.028,2026-10-02,2026-10-03,https://www.youtube.com/channel/UC3Chxdbg9orlXZWbXAtLU_A/shorts,"（タイトル）If you're prone to puffiness, give this a try💡",その他,美白ルーティン,不明,不明,不明,63,0,なし,ナレ,不明,推定（説明文）,3platform:youtube-A-grow,顔出し等は未取得。audioのナレ=自動字幕あり比率≥50%。posts_last30_seen=4は下限（4本目が30日以内）。
YouTube,美容スキンケア,伸びてる,数値確認,主題,tomato4researcher,【元化粧品研究者】とまと村長,https://www.youtube.com/channel/UCRZr_q84tEJnoWV1I3sN4OQ,10100,,9000;16000;3500;9900;8500;4000;13000;3800;5800;6200,7350,0.728,2026-09-22,2026-10-03,https://www.youtube.com/channel/UCRZr_q84tEJnoWV1I3sN4OQ/shorts,（タイトル）T's Veil's Hidden Gem Cream,A商品名紹介,キュレルのノンケミカル日焼け止め,不明,不明,不明,128,0,なし,ナレ,不明,推定（説明文）,3platform:youtube-A-grow,顔出し等は未取得。audioのナレ=自動字幕あり比率≥50%。posts_last30_seen=4は下限（4本目が30日以内）。
YouTube,美容スキンケア,伸びてる,数値確認,主題,nagare_skin,ながれの垢抜け美容,https://www.youtube.com/channel/UCYSZ_fzwROz66M4yhQ5QrEA,3280,,4200;1700;6300;10000;8600;11000;5500;9300;3200;1900,5900,1.799,2026-10-03,2026-10-03,https://www.youtube.com/channel/UCYSZ_fzwROz66M4yhQ5QrEA/shorts,（タイトル）[Must-Save] How to Choose the Right Cleanser 📖🖊,その他,【保存必須】汚れたパフの洗い方,不明,不明,不明,36.0,0,なし,ナレ,不明,推定（説明文）,3platform:youtube-A-grow,顔出し等は未取得。audioのナレ=自動字幕あり比率≥50%。posts_last30_seen=4は下限（4本目が30日以内）。
YouTube,美容スキンケア,伸びてる,数値確認,主題,porelesslabo,porelesslabo,https://www.youtube.com/channel/UCWQh-AX8xv_YOGwgh-fB6eA,67,4,4900;66;6500;15000;217;4000;1000;18000;6300;6000,5450,81.343,2026-09-25,2026-10-03,https://www.youtube.com/channel/UCWQh-AX8xv_YOGwgh-fB6eA/shorts,（タイトル）新宿で毛穴洗浄したら汚れは本当に落ちるのか検証！　　＃毛穴＃毛穴レス＃毛穴汚れ＃肌質改善＃毛穴ケア＃ポアレスラボ#毛穴洗浄,B買う前の悩み・不一致,いちご鼻をなんとかしたくて,不明,不明,不明,25,1.0,なし,ナレ,不明,推定（説明文）,3platform:youtube-A-grow,顔出し等は未取得。audioのナレ=自動字幕あり比率≥50%。posts_last30_seen=4は下限（4本目が30日以内）。
YouTube,美容スキンケア,伸びてる,数値確認,主題,ikemenseizoki,イケメン製造機【かっこいい男を育てる】,https://www.youtube.com/channel/UCWmN7IyaHU1dHxPInFN9qZQ,227,,1000;20000;2100;5700;4700;4800;5800;4800;11000;48,4800,21.145,2026-10-03,2026-10-03,https://www.youtube.com/channel/UCWmN7IyaHU1dHxPInFN9qZQ/shorts,（タイトル）ジジイはこれ知らない‼️正しいスキンケアしないとマジでやばい‼️#毛穴 #美容 #メンズ美容 #垢抜け #スキンケア pr,B買う前の悩み・不一致,肌のブツブツが悩みで,不明,不明,不明,14,5.0,なし,ナレ,不明,推定（説明文）,3platform:youtube-A-grow,顔出し等は未取得。audioのナレ=自動字幕あり比率≥50%。posts_last30_seen=4は下限（4本目が30日以内）。
YouTube,美容スキンケア,伸びてる,数値確認,主題,bisoshin,熊本♡韓国式3D毛穴洗浄♡認定講師yui,https://www.youtube.com/channel/UCCVuAPHhj9J4xHpEHxxyiWg,5700,,1500;5000;10000;515;22000;4100;6500;4100;16000;2600,4550,0.798,2026-09-26,2026-10-03,https://www.youtube.com/channel/UCCVuAPHhj9J4xHpEHxxyiWg/shorts,（タイトル）毛穴がスッキリする動画👃,その他,毛穴がスッキリする動画,不明,不明,不明,46.5,0,なし,不明,不明,推定（説明文）,3platform:youtube-A-grow,顔出し等は未取得。audioのナレ=自動字幕あり比率≥50%。posts_last30_seen=4は下限（4本目が30日以内）。
YouTube,美容スキンケア,伸びてる,数値確認,主題,tomomi-suzuki,鈴木 朋美,https://www.youtube.com/channel/UCmyl79t1Fz64iorapuj2jiQ,929,,6200;1400;5000;2200;5200;38000;1100;1300;6400;3900,4450,4.79,2026-10-01,2026-10-03,https://www.youtube.com/channel/UCmyl79t1Fz64iorapuj2jiQ/shorts,（タイトル）Essential Skincare Guide by Skin Type🥚✨#skincare #beauty #sunscreen #cleansing #facewash #dryskin...,その他,秋も日焼け対策頑張るぞ〜,不明,不明,不明,9,11,なし,ナレ,不明,推定（説明文）,3platform:youtube-A-grow,顔出し等は未取得。audioのナレ=自動字幕あり比率≥50%。posts_last30_seen=4は下限（4本目が30日以内）。
YouTube,美容スキンケア,伸びてる,数値確認,主題,散財ちゃん-b1r,散財ちゃん,https://www.youtube.com/channel/UCBYiFRSPAKKKK9C74smSf2g,2700,,2000;3400;4000;6300;3900;8600;4800;1400;5700;6100,4400,1.63,2026-09-09,2026-10-03,https://www.youtube.com/channel/UCBYiFRSPAKKKK9C74smSf2g/shorts,（タイトル）使ったのはこれだけ！#PR #ボリハラ #pdrn # #スキンケア 韓国コスメ,その他,使ったのはこれだけ！,不明,不明,不明,11.5,5,あり,ナレ,不明,推定（説明文）,3platform:youtube-A-grow,顔出し等は未取得。audioのナレ=自動字幕あり比率≥50%。posts_last30_seen=4は下限（4本目が30日以内）。
YouTube,美容スキンケア,伸びてる,数値確認,主題,maryhatsumi,初美メアリ,https://www.youtube.com/channel/UCX_-1BZTE4OUqmlPihYrCwA,6920,,1000;4300;2500;76000;3000;3100;4600;11000;1500;5100,3700,0.535,2026-09-06,2026-10-03,https://www.youtube.com/channel/UCX_-1BZTE4OUqmlPihYrCwA/shorts,"（タイトル）I have mild rosacea too, and treating facial redness is honestly so difficult😢 #facialredness #sk...",B買う前の悩み・不一致,肌荒れだらけの肌が,不明,不明,不明,58.0,3,あり,ナレ,不明,推定（説明文）,3platform:youtube-A-grow,顔出し等は未取得。audioのナレ=自動字幕あり比率≥50%。posts_last30_seen=4は下限（4本目が30日以内）。
YouTube,美容スキンケア,伸びてる,数値確認,主題,朝から晩まで崩せないんじゃ,朝から晩まで崩せないんじゃ💢,https://www.youtube.com/channel/UCoI2zh1FWauOpCTbU3mR0WA,864,,1900;8300;342;15000;3000;3100;7300;703;80;20000,3050,3.53,2026-09-01,2026-10-03,https://www.youtube.com/channel/UCoI2zh1FWauOpCTbU3mR0WA/shorts,（タイトル）This is the serum that destroyed my pores! #AD #Punera #Serum #Skincare #Pores #Beauty,B買う前の悩み・不一致,同じ悩みの子はこれ使って,不明,不明,不明,15.0,6.0,あり,ナレ,不明,推定（説明文）,3platform:youtube-A-grow,顔出し等は未取得。audioのナレ=自動字幕あり比率≥50%。posts_last30_seen=4は下限（4本目が30日以内）。
YouTube,美容スキンケア,伸びてる,数値確認,主題,happy39,かおる【ニキビ肌の美容知識】,https://www.youtube.com/channel/UC0WIEdzKgqxBBKPnpjoJW9A,3360,,2200;1200;1000;2100;2500;6500;2900;4200;3300;3300,2700,0.804,2026-09-23,2026-10-03,https://www.youtube.com/channel/UC0WIEdzKgqxBBKPnpjoJW9A/shorts,（タイトル）I got jaw Botox,B買う前の悩み・不一致,本当にそれで合ってる？,不明,不明,不明,33.0,0.0,あり,ナレ,不明,推定（説明文）,3platform:youtube-A-grow,顔出し等は未取得。audioのナレ=自動字幕あり比率≥50%。posts_last30_seen=4は下限（4本目が30日以内）。
YouTube,美容スキンケア,伸びてる,数値確認,主題,kana-j6o,kana 1000円美容,https://www.youtube.com/channel/UCoHzYAwSO_-sBLeyxCnT7zg,5510,,1100;1200;2300;7400;2300;2700;4000;1700;10000;9800,2500,0.454,2026-10-03,2026-10-03,https://www.youtube.com/channel/UCoHzYAwSO_-sBLeyxCnT7zg/shorts,（タイトル）I tested toothpaste with cigarettes and got an interesting result🤞#Beauty #Toothpaste #Whitening ...,A商品名紹介,無印のこれで片側だけ,不明,不明,不明,19.5,5,なし,ナレ,不明,推定（説明文）,3platform:youtube-A-grow,顔出し等は未取得。audioのナレ=自動字幕あり比率≥50%。posts_last30_seen=4は下限（4本目が30日以内）。
YouTube,美容スキンケア,伸びてる,数値確認,主題,beauty_shidax,しだっくすの【正直美容】ちゃんねる💥,https://www.youtube.com/channel/UCJiSqk5kKUwZ316d0f-oP5g,2350,,136;1100;1900;1100;11000;3000;9600;3600;1500;3400,2450,1.043,2026-09-24,2026-10-03,https://www.youtube.com/channel/UCJiSqk5kKUwZ316d0f-oP5g/shorts,（タイトル）｢限界追求！｣美髪がすぎる。\ 成分＆コスパの進化が止まらない！ /,その他,Qoo10メガ割買うべきアイテム,不明,不明,不明,44,0.0,あり,ナレ,不明,推定（説明文）,3platform:youtube-A-grow,顔出し等は未取得。audioのナレ=自動字幕あり比率≥50%。posts_last30_seen=4は下限（4本目が30日以内）。
YouTube,美容スキンケア,伸びてる,数値確認,主題,momo_bismore,桃🍑 │ スキンケアブランドBismoreの女社長,https://www.youtube.com/channel/UCGNngl3uIEijfl5a7ULcjLg,1650,,1600;283;373;1300;5000;2400;10000;92000;2900;2500,2450,1.485,2026-10-03,2026-10-03,https://www.youtube.com/channel/UCGNngl3uIEijfl5a7ULcjLg/shorts,"（タイトル）[Affordable] As a cosmetics company CEO and beauty expert, I’m sharing the holy grail serums that...",その他,夏も終わったのでシミ焼いてきました,不明,不明,不明,83.0,5.0,なし,ナレ,不明,推定（説明文）,3platform:youtube-A-grow,顔出し等は未取得。audioのナレ=自動字幕あり比率≥50%。posts_last30_seen=4は下限（4本目が30日以内）。
YouTube,美容スキンケア,伸びてる,数値確認,主題,sumire01,すみれ,https://www.youtube.com/channel/UCrRlv8jp-xoIwzjBEeo9apg,2290,,1700;2000;8900;2200;1100;7200;7500;1200;14000;1600,2100,0.917,2026-10-01,2026-10-03,https://www.youtube.com/channel/UCrRlv8jp-xoIwzjBEeo9apg/shorts,（タイトル）お肌ちゅるちゅるになる美容液見つけた！！#アンドメウ #美肌 #スキンケア #美容液 #ビタミンC,A商品名紹介,お肌ちゅるちゅるになる美容液見つけた,不明,不明,不明,16.0,5.0,なし,ナレ,不明,推定（説明文）,3platform:youtube-A-grow,顔出し等は未取得。audioのナレ=自動字幕あり比率≥50%。posts_last30_seen=4は下限（4本目が30日以内）。
YouTube,美容スキンケア,伸びてる,数値確認,主題,千鶴子忍田,ちずチャンネル,https://www.youtube.com/channel/UCQRNSNGBDLZMBx9dZgwhRvw,813,,1700;1800;2600;1800;2600;1400;2300;4300;1700;2000,1900,2.337,2026-09-27,2026-10-03,https://www.youtube.com/channel/UCQRNSNGBDLZMBx9dZgwhRvw/shorts,（タイトル）根深いシミにコウジ酸がいい！夏終わりに使うべき商品3選,B買う前の悩み・不一致,シミが濃くなってしまった人必見,不明,不明,不明,27.0,0.0,なし,ナレ,不明,推定（説明文）,3platform:youtube-A-grow,顔出し等は未取得。audioのナレ=自動字幕あり比率≥50%。posts_last30_seen=4は下限（4本目が30日以内）。
YouTube,美容スキンケア,伸びてる,数値確認,主題,akarin_akanuke,あかりん🤍垢抜け,https://www.youtube.com/channel/UCWXFMK3ac7jB-jD5lTesZSQ,2150,,1700;2000;10000;2200;1500;1000;1600;365;1500;5400,1650,0.767,2026-10-03,2026-10-03,https://www.youtube.com/channel/UCWXFMK3ac7jB-jD5lTesZSQ/shorts,（タイトル）信頼してた人に裏切られるのはツライし腹も立つけど💦毛穴やくすみ乾燥やら肌悩みも多いけど…リポトリプルクリームが凄すぎて助かってます#チャプトナイン #pr #リポトリプルクリーム #毛穴 #くすみ,B買う前の悩み・不一致,毛穴やくすみ乾燥やら肌悩みも多,不明,不明,不明,18,5,なし,ナレ,不明,推定（説明文）,3platform:youtube-A-grow,顔出し等は未取得。audioのナレ=自動字幕あり比率≥50%。posts_last30_seen=4は下限（4本目が30日以内）。
YouTube,美容スキンケア,伸びてる,数値確認,主題,biyou.sakuraipeel,櫻井@正直美容,https://www.youtube.com/channel/UChtnr5D23rYizDdh1Wb3OGw,147,,672;2600;28;918;1300;1000;1900;12000;3900;16000,1600,10.884,2026-10-03,2026-10-03,https://www.youtube.com/channel/UChtnr5D23rYizDdh1Wb3OGw/shorts,"（タイトル）I tried a pore cleansing treatment. Chapter 9, seriously?🔥🔥 #Chapter9 #Beauty #Skincare #Pores #ad",その他,娘に付き合わされて,不明,不明,不明,18.5,5.0,なし,ナレ,不明,推定（説明文）,3platform:youtube-A-grow,顔出し等は未取得。audioのナレ=自動字幕あり比率≥50%。posts_last30_seen=4は下限（4本目が30日以内）。
YouTube,美容スキンケア,伸びてる,数値確認,主題,YUI-v6w,YUI,https://www.youtube.com/channel/UCZPRl-e0V2I9c4sDBFez--A,34,,1800;1000;1600;1600;808;58;2000;406;1500;1700,1550,45.588,2026-10-03,2026-10-03,https://www.youtube.com/channel/UCZPRl-e0V2I9c4sDBFez--A/shorts,（タイトル）好きな人に会うまであと10日🥹♡10日間自分磨きしたら「可愛くなった？」って言われた✨#pr #ピュネラ #美容液 #pdrn #スキンケア,その他,10日間自分磨きしたら,不明,不明,不明,17.5,5.0,なし,ナレ,不明,推定（説明文）,3platform:youtube-A-grow,顔出し等は未取得。audioのナレ=自動字幕あり比率≥50%。posts_last30_seen=4は下限（4本目が30日以内）。
YouTube,美容スキンケア,伸びてる,数値確認,主題,かの正直レビュー,かの@美容正直レビュー,https://www.youtube.com/channel/UCLMb2Sc4_TLM-_4kPMPerlA,201,,1700;1400;1000;879;1800;1000;630;4600;12000;6300,1550,7.711,2026-10-03,2026-10-03,https://www.youtube.com/channel/UCLMb2Sc4_TLM-_4kPMPerlA/shorts,"（タイトル）Visible pores‼️ Blackheads‼️ Enlarged pores‼️ If even one of these applies to you, you MUST watch...",A商品名紹介,チャプトナインから出た新作のクリーム,不明,不明,不明,14.0,5.0,なし,ナレ,不明,推定（説明文）,3platform:youtube-A-grow,顔出し等は未取得。audioのナレ=自動字幕あり比率≥50%。posts_last30_seen=4は下限（4本目が30日以内）。
YouTube,美容スキンケア,伸びてる,数値確認,主題,arafifbiyo,アラフィフ美容🍋,https://www.youtube.com/channel/UCSVgpXa8oYLl1XIGc9TSjEQ,265,,927;118;53;3600;3900;3300;1600;11000;1400;899,1500,5.66,2026-10-03,2026-10-03,https://www.youtube.com/channel/UCSVgpXa8oYLl1XIGc9TSjEQ/shorts,（タイトル）元歯科衛生士の私がお家でできるホワイトニングを検証してみた！#ホワイトニング #ホワイトニングケア #垢抜け #歯の黄ばみ #清潔 pr,その他,ホワイトニングを検証してみた,不明,不明,不明,18,5.0,なし,ナレ,不明,推定（説明文）,3platform:youtube-A-grow,顔出し等は未取得。audioのナレ=自動字幕あり比率≥50%。posts_last30_seen=4は下限（4本目が30日以内）。
YouTube,美容スキンケア,伸び悩み,数値確認,主題,dr.4913,Dr.由香子の美肌塾 / 美容皮膚科医,https://www.youtube.com/channel/UCstExaGQnlODIey-FxDHx5A,2390,4,977;250;437;1200;252;257;435;263;877;1900,436,0.182,2026-10-02,2026-10-03,https://www.youtube.com/channel/UCstExaGQnlODIey-FxDHx5A/shorts,（タイトル）[Want Better Skin? Clean Your AC!] \Are You Putting Off Cleaning Your Air Conditioner?/,B買う前の悩み・不一致,ワキガが気になる方へ,不明,不明,不明,46.0,0,なし,ナレ,不明,推定（説明文）,3platform:youtube-A-stag,顔出し等は未取得。audioのナレ=自動字幕あり比率≥50%。posts_last30_seen=4は下限（4本目が30日以内）。
YouTube,美容スキンケア,伸び悩み,数値確認,主題,yumim_o,ゆみん,https://www.youtube.com/channel/UCZ6MRGaOODAKLR2XC8_bNnw,,4,209;1200;61;1100;1200;1000;362;343;296;336,352,,2026-09-09,2026-10-03,https://www.youtube.com/channel/UCZ6MRGaOODAKLR2XC8_bNnw/shorts,（タイトル）【広告なし】Qoo10 VIPが選ぶ、メガ割で買って後悔しない3選🛒 #shorts,その他,買って後悔しない3選,不明,不明,不明,39,0.5,あり,ナレ,不明,推定（説明文）,3platform:youtube-A-stag,顔出し等は未取得。audioのナレ=自動字幕あり比率≥50%。posts_last30_seen=4は下限（4本目が30日以内）。
YouTube,美容スキンケア,伸び悩み,数値確認,主題,100均コスメプチプラコスメLOVE,100均コスメ・プチプラコスメレビュワーYUKA ,https://www.youtube.com/channel/UC76xyLMpVQsADcIc1jRz6bg,10800,4,115;143;1000;1200;1000;340;263;167;461;126,302,0.028,2026-10-03,2026-10-03,https://www.youtube.com/channel/UC76xyLMpVQsADcIc1jRz6bg/shorts,（タイトル）#czel #czel,A商品名紹介,#PR SHEIN,不明,不明,不明,43.5,4,あり,ナレ,不明,推定（説明文）,3platform:youtube-A-stag,顔出し等は未取得。audioのナレ=自動字幕あり比率≥50%。posts_last30_seen=4は下限（4本目が30日以内）。
YouTube,美容スキンケア,伸び悩み,数値確認,主題,hustlemommych,hustlemommy_ch,https://www.youtube.com/channel/UC7S09EAKVUTK4oVYVnP1eRQ,1410,4,273;49;901;32;198;153;60;19;215;273,176,0.124,2026-09-29,2026-10-03,https://www.youtube.com/channel/UC7S09EAKVUTK4oVYVnP1eRQ/shorts,（タイトル）SKINCARE NEWS #10 #Skincare,その他,SKINCARE NEWS,不明,不明,不明,52,2,なし,ナレ,不明,推定（説明文）,3platform:youtube-A-stag,顔出し等は未取得。audioのナレ=自動字幕あり比率≥50%。posts_last30_seen=4は下限（4本目が30日以内）。
YouTube,美容スキンケア,伸び悩み,数値確認,主題,statslog2026,statslog2026,https://www.youtube.com/channel/UCZelWZ326FTF83zc7kW5ZJA,,4,56;250;255;25;45;51;108;80;251;92,86,,2026-10-03,2026-10-03,https://www.youtube.com/channel/UCZelWZ326FTF83zc7kW5ZJA/shorts,（タイトル）箱が崩れていても同じと思われる出品、Qoo10と楽天で差は480円,その他,Qoo10と楽天で差は480円,不明,不明,不明,35.5,0.0,あり,ナレ,不明,推定（説明文）,3platform:youtube-A-stag,顔出し等は未取得。audioのナレ=自動字幕あり比率≥50%。posts_last30_seen=4は下限（4本目が30日以内）。
YouTube,見守りカメラ,伸びてる,数値確認,一部投稿で言及,にゃんぱんちPunch,にゃんぱんち! Punch,https://www.youtube.com/channel/UCe1ccVu6RXvzwlWc6uZRu5g,72000,,17000;99000;20000;19000;5600;27000;38000;40000;26000;29000,26500,0.368,2026-10-03,2026-10-03,https://www.youtube.com/channel/UCe1ccVu6RXvzwlWc6uZRu5g/shorts,（タイトル）船員に志願した猫の乗船方法ｗ,その他,船員に志願した猫の乗船方法,不明,動物,不明,13,0.0,なし,不明,不明,推定（説明文）,3platform:youtube-B-grow,ペット再ラベル（キーワード規則）。顔出し等は未取得。audioのナレ=自動字幕あり比率≥50%。posts_last30_seen=4は下限（4本目が30日以内）。
YouTube,ドッグフード,伸びてる,数値確認,主題,qoo-catfood,くぅのキャットフード研究室,https://www.youtube.com/channel/UC6l2fcqKcv-5pUz3ESJ6BmQ,154000,,8100;32000;12000;3000;29000;12000;23000;6800;9600;19000,12000,0.078,2026-10-03,2026-10-03,https://www.youtube.com/channel/UC6l2fcqKcv-5pUz3ESJ6BmQ/shorts,（タイトル）7 Reasons Why Cats Leave a Little Bit of Food Behind,不明,(タイトル例なし),不明,動物,不明,48.5,,なし,ナレ,不明,推定（説明文）,3platform:youtube-B-grow,ペット再ラベル（キーワード規則）。顔出し等は未取得。audioのナレ=自動字幕あり比率≥50%。posts_last30_seen=4は下限（4本目が30日以内）。
YouTube,見守りカメラ,伸びてる,数値確認,一部投稿で言及,cats_husky,猫猫と犬。,https://www.youtube.com/channel/UC7h7l_ow2ooz0ioxUQBMkNg,148,,1300;949;11000;3800;65;6100;1100;1400;3200;12000,2300,15.541,2026-08-23,2026-10-03,https://www.youtube.com/channel/UC7h7l_ow2ooz0ioxUQBMkNg/shorts,（タイトル）【実録】理不尽すぎる猫。パンチされても尻尾を振るハスキー。後半にペットカメラのノーカット映像。麦わら猫とハスキーのリアルな距離感#麦わら猫#ハスキー#気が強い猫＃健気すぎる犬,その他,【実録】理不尽すぎる猫。,不明,動物,不明,96.0,2.5,なし,不明,不明,推定（説明文）,3platform:youtube-B-grow,ペット再ラベル（キーワード規則）。顔出し等は未取得。audioのナレ=自動字幕あり比率≥50%。posts_last30_seen=4は下限（4本目が30日以内）。
YouTube,ドッグフード,伸びてる,数値確認,主題,wankogohan_vet,獣医師まなみ,https://www.youtube.com/channel/UC7xIVVDBaYXA2Sg9hzOBC5g,3650,,2700;1400;1600;1700;1400;2200;1300;4200;7100;2500,1950,0.534,2026-10-01,2026-10-03,https://www.youtube.com/channel/UC7xIVVDBaYXA2Sg9hzOBC5g/shorts,（タイトル）How Do You Prepare for Your Dog's Emergency Needs?,その他,愛犬よろこぶ🐶焼き芋プリン,不明,動物,不明,36.0,0,あり,ナレ,不明,推定（説明文）,3platform:youtube-B-grow,ペット再ラベル（キーワード規則）。顔出し等は未取得。audioのナレ=自動字幕あり比率≥50%。posts_last30_seen=4は下限（4本目が30日以内）。
TikTok,美容スキンケア,伸びてる,数値確認,主題,なぎ \,なぎ \,スキンケア研究室 (@nagi.skincare),,,143800,143800,,,2026-10-03,2026-10-03,tt.py embed（直近60日9本）+ ttv.py 代表3本,その他,推定：キャプション「セラミドの効果を高める相性のいい成分4選」「スクショ必須！」,不明,不明,不明,,,不明,BGM,成分解説,推定（説明文）,4genre:beauty-seed-3plat,商品の見せ方: オリジナル楽曲（なぎ）／BGM（Clapping Action...） / ボトルを手に持って解説、成分名を口頭＋キャプ
TikTok,美容スキンケア,伸びてる,数値確認,主題,clair_ange_,肌質改善専門家｜Miho (@clair_ange_),https://www.tiktok.com/@clair_ange_,1184,7,934;1189;1358;2785;15700;2680;9699;8445;9669;4030,3408,2.878,2026-09-29,2026-10-03,tt.py embed（直近60日10本）+ ttv.py 代表2本,画面上テキスト取得できず。キャプション「めっちゃいい化粧水なら、100人全員にすすめる？ 答えは、NOです」,B買う前の悩み・不一致,推定：キャプション「めっちゃいい化粧水なら、100人全員にすすめる？」「たくさん使えば使うほど肌が綺麗になると思っていませんか？」,不明,人,不明,84.5,5,なし,BGM,その他/不明,推定（説明文）,4genre:beauty-seed-3plat,商品の見せ方: 商品は主に語り、ボトルは不明
TikTok,美容スキンケア,伸びてる,数値確認,主題,kobayashi.t_derm,こばとも先生【皮膚科医】 (@kobayashi.t_derm),https://www.tiktok.com/@kobayashi.t_derm,5785,7,3430;1944;238500;6322;636;2124;3711;2394;4447;1989,2912,0.503,2026-09-30,2026-10-03,tt.py embed（直近60日10本）+ ttv.py 代表2本,画面上テキスト取得できず。キャプション「爪のトラブルについて…」「肌悩み別のおすすめの成分を紹介」,その他,推定：キャプション「肌悩み別のおすすめの成分を紹介」「爪のトラブルについて」,あり,人,不明,12,3,なし,トレンド音源,成分解説,推定（説明文）,4genre:beauty-seed-3plat,商品の見せ方: 成分名・肌悩みを口頭解説
TikTok,美容スキンケア,伸びてる,数値確認,主題,hani_korea.cosme,hani@韓国あざと女子の教科書 (@hani_korea.cosme),https://www.tiktok.com/@hani_korea.cosme,5342,10,2007;1073;2020;224;1739;98100;8542;1004;1774;2044,1890,0.354,2026-09-30,2026-10-03,tt.py embed（直近60日10本）+ ttv.py 代表1本成功・2本失敗,画面上テキスト取得できず。キャプション「レチノールを使わないたるみ・毛穴ケア」「一軍／神スキンケア」,B買う前の悩み・不一致,推定：キャプション「レチノールを使わないたるみ・毛穴ケア」「フェイスパウダーってつけると乾燥でメイクよれる」,不明,商品,不明,10,5,なし,BGM,比較・ランキング,推定（説明文）,4genre:beauty-seed-3plat,商品の見せ方: ボトル写真・比較表
Instagram,美容スキンケア,伸びてる,数値確認,主題,なぎ \,なぎ \,スキンケア研究室 (@nagi.skincare),,,56000,56000,,,2026-10-03,2026-10-03,igreels.py 公開reelsタブ + ig.py 代表3本キャプション,その他,キャプション「スクショ必須！1本持っておくだけで便利」「浮腫みやすい人は見直してみてください」,不明,不明,不明,,,不明,BGM,その他/不明,推定（説明文）,4genre:beauty-seed-3plat,商品の見せ方: 不明 / ミスト・化粧水を手に持って紹介（推定）
YouTube,美容スキンケア,伸びてる,数値確認,主題,dan.beauty,美容オタクのダン (@dan.beauty),https://www.youtube.com/@dan.beauty,91300,8,841;30530;16625;349270;145366;38868;40838;66146,39853,0.437,2026-10-03,2026-10-03,"yt-dlp --flat-playlist /shorts + 個別-J（upload_date, view_count, duration, channel_follower_count）",タイトル「【美白ケア美容液】シミ・ニキビ跡悩んでる人は絶対見て！」「毛穴目立ちまくってた昔の自分vs目立たなくなった今の自分」,B買う前の悩み・不一致,タイトル「シミ・ニキビ跡悩んでる人は絶対見て！」「毛穴目立ちまくってた昔の自分vs」,あり,人,不明,168,3,不明,ナレ,その他/不明,推定（説明文）,4genre:beauty-seed-3plat,商品の見せ方: ボトルを並べて格付け・手に持って紹介
TikTok,美容スキンケア,伸び悩み,数値確認,主題,cosumerebyu00,きらら🐕🫧 (@cosumerebyu00),https://www.tiktok.com/@cosumerebyu00,4066,10,120;66;286;231;172;142;429;600;242;208,220,0.054,2026-10-02,2026-10-03,tt.py embed（直近60日10本）+ ttv.py 代表3本 isAd=null,画面上テキスト取得できず。キャプション「昔からずっとコンプレックスだったニキビ肌」「シミとくすみが抑えられるだけで」,B買う前の悩み・不一致,推定：キャプション「昔からずっとコンプレックスだったニキビ肌」「シミとくすみに長年悩んできた」,不明,人,不明,12,5,あり,オリジナル,使用・実演,推定（説明文）,4genre:beauty-seed-3plat,商品の見せ方: カタン針美容液の使用感・変化を語る
TikTok,美容スキンケア,伸び悩み,数値確認,主題,hiyonakanuke,ヒヨン (@hiyonakanuke),https://www.tiktok.com/@hiyonakanuke,1209,10,407;190;383;295;503;258;1359;802;296;342,362,0.3,2026-09-26,2026-10-03,tt.py embed（直近30日10本）+ ttv.py 代表3本 isAd=null,画面上テキスト取得できず。キャプション「毛穴の黒ずみや角栓に悩んでる子は絶対このクレンジング使って」「今バズりまくってるクレンジング使ってみたら」,B買う前の悩み・不一致,推定：キャプション「毛穴の黒ずみや角栓に悩んでる子は絶対このクレンジング使って」,不明,人,不明,18,5,不明,トレンド音源,使用・実演,推定（説明文）,4genre:beauty-seed-3plat,商品の見せ方: ポアクリアセラムの使用感・毛穴変化を語る
TikTok,美容スキンケア,伸び悩み,数値確認,主題,miirun3,はる🌼 (@miirun3),https://www.tiktok.com/@miirun3,2599,10,435;113;646;500;548;747;336;394;216;562,468,0.18,2026-10-03,2026-10-03,tt.py embed（直近30日10本）+ ttv.py 代表2本成功 isAd=null,画面上テキスト取得できず。キャプション「今まで毛穴ケアできてると思ってたら… うん、ちゃんと落とすケア大事ね」「チャプトナインと出会う前は、汚すぎてファンデしないなんて考えられなかった」,B買う前の悩み・不一致,推定：キャプション「汚すぎてファンデしないなんて考えられなかった」「ちゃんと落とすケア大事ね」,不明,人,不明,18,5,不明,オリジナル,使用・実演,推定（説明文）,4genre:beauty-seed-3plat,商品の見せ方: チャプトナインの使用前後・毛穴変化を語る
Instagram,美容スキンケア,伸び悩み,数値確認,主題,ame.beautylog,あめ｜アラサー美容オタク (@ame.beautylog),https://www.instagram.com/ame.beautylog,1510,12,49;264;270;327;271;396;464;545;481;615;2041;470,430,0.285,2026-10-03,2026-10-03,igreels.py 公開reelsタブ + ig.py embedでキャプション確認（embed再生は12/63/62等とreelsタブより小さい）,キャプション「塗る美容と食べる美容🤍 UIQの2アイテム」「スキンケアの成分選びで迷ってる人へ🧡」「毛穴汚れはしっかり落としたい でも洗顔後のつっぱり感は気になる」,B買う前の悩み・不一致,キャプション「毛穴汚れはしっかり落としたい でも洗顔後のつっぱり感は気になる」「スキンケアの成分選びで迷ってる人へ」,あり,商品,不明,,5,不明,不明,使用・実演,推定（説明文）,4genre:beauty-seed-3plat,商品の見せ方: 美容液・洗顔・パッチのパッケージを手元で紹介（キャプション実例）
YouTube,見守りカメラ,伸びてる,数値確認,主題,nekoping_blog,ねこぴん（@nekoping_blog）,https://www.youtube.com/@nekoping_blog,5,15,805;692;908;163;921;1000;1000;76;10;5,748,149.7,2026-10-03,2026-10-03,"yt-dlp @nekoping_blog/shorts（fol=5, id=UCrIqxniKpQxv2lMH5V_LEYg）+ RSS + 個別JSON（vNbMXhC4A5I, W8Q39Hyhyzo）。cookieなし",有：タイトル「ペットカメラ、猫に倒されない置き場所のコツ」（説明「少し高い場所から部屋を見下ろす向きに」）,A商品名紹介,タイトル「ペットカメラ、猫に倒されない置き場所のコツ」。商品の使い方紹介から入る,なし,商品,あり,24.0,1,なし,ナレ,その他/不明,推定（説明文）,4genre:dogcam-igyt,商品の見せ方: 置き場所・通知・電気代・録画トラブルのTips。機種名はタイトルになし
YouTube,見守りカメラ,伸びてる,数値確認,主題,makoto_camera,白さんと始めるカメラ練習（@makoto_camera）,https://www.youtube.com/@makoto_camera,56,5,1165;155;1142;1000;337,1000,17.857,2026-09-30,2026-10-03,"yt-dlp @makoto_camera/shorts（fol=56, id=UCwQ5NwiJWfZRngsQVOyF0CQ）+ RSS + 個別JSON（YvJ2Jd95n8o, aq0cfCc_Smc, DJml91cqi_o）。cookieなし",有：説明「本日の観察ログは『電気をつけて満足げ』」「夜のパトロール中」（テロップ推定）,その他,タイトル「お留守番の白さん｜テーブルで電気チェックして寝床へ帰還」。説明「本日の観察ログは『電気をつけて満足げ』」は観察ログ,なし,動物,あり,30,4,なし,ナレ,その他/不明,推定（説明文）,4genre:dogcam-igyt,商品の見せ方: Tapo等の見守りカメラ映像そのものを観察ログとして出す。説明「AIが4台のペットカメラを巡回中」
TikTok,ドッグフード,伸びてる,数値確認,主題,yuiwan_recipe,ゆい｜犬の管理栄養士が作る健康レシピ🌟（@yuiwan_recipe）,https://www.tiktok.com/@yuiwan_recipe,5919,5,701;12100;1886;1944;1756;5480,1915,0.324,2026-10-03,2026-10-03,tt.py（プロフィール+embed）/ ttv.py 代表3本 / https://www.tiktok.com/@yuiwan_recipe,不明（stickersOnItem空）。説明文は「愛犬のおやつに超簡単な豆腐チュロスを作ってみたよ」型,A商品名紹介,キャプション「愛犬のおやつに超簡単な豆腐チュロスを作ってみたよ」「かぼちゃのスタークッキーを作ってみたよ」（推定）,不明,手元,あり,19,5,なし,トレンド音源,その他/不明,推定（説明文）,4genre:dogfood-seed-3plat,商品の見せ方: 手作りおやつ・ごはんの材料と完成品を見せ、犬が食べる
TikTok,ドッグフード,伸びてる,数値確認,主題,doberman_louis_hemi_law,ドーベルマンASMR🔥（@doberman_louis_hemi_law）,https://www.tiktok.com/@doberman_louis_hemi_law,793800,10,50400;170500;115200;25700;75600;248300;410000;225000;31300;50900,95400,0.12,2026-10-02,2026-10-03,tt.py（プロフィール+embed）/ ttv.py 代表3本 / https://www.tiktok.com/@doberman_louis_hemi_law,なし（stickersOnItem空）。キャプションは「本日のASMR」型,その他,キャプション「本日のASMR」「ドーベルマンASMR」（推定）,不明,動物,あり,161,5,なし,オリジナル,その他/不明,推定（説明文）,4genre:dogfood-seed-3plat,商品の見せ方: 生肉・ごはんを皿に出して犬が食べる様子を長尺で撮る
TikTok,ドッグフード,伸びてる,数値確認,主題,moalana2,🎀もあらなまぅ🎀（@moalana2）,https://www.tiktok.com/@moalana2,61800,5,34200;2887;245000;706600;36100;389300,140550,2.274,2026-09-28,2026-10-03,tt.py（プロフィール+embed）/ ttv.py ごはん系3本 / https://www.tiktok.com/@moalana2,なし（stickersOnItem空）。説明文は「♡もあらなまぅハートの炊飯器ご飯🍚 〜本日のmenu〜」型,A商品名紹介,キャプション「♡もあらなまぅハートの炊飯器ご飯🍚 〜本日のmenu〜」（推定。日常動画はお風呂等でその他）,不明,動物,あり,62,4,なし,オリジナル,その他/不明,推定（説明文）,4genre:dogfood-seed-3plat,商品の見せ方: 炊飯器に野菜・肉を並べて炊き、犬がハート型ごはんを食べる
YouTube,ドッグフード,伸びてる,数値確認,主題,はちみつクレヨンtv,はちみつクレヨンTV（@はちみつクレヨンTV / UCQaxYnGFNKYjGoG99cSs45w）,https://www.youtube.com/@%E3%81%AF%E3%81%A1%E3%81%BF%E3%81%A4%E3%82%AF%E3%83%AC%E3%83%A8%E3%83%B3TV/shorts,3050,5,949;1482;887;1335;1630;1134;884;1142,1138,0.373,2026-09-30,2026-10-03,yt-dlp --flat-playlist /shorts と yt-dlp -J 個別8本 / https://www.youtube.com/channel/UCQaxYnGFNKYjGoG99cSs45w/shorts,不明（画面文字未取得）。タイトルは「愛犬に超簡単にんじんチップスを手作りしたら」型,A商品名紹介,タイトル「愛犬に超簡単にんじんチップスを手作りしたら」「愛犬に１分で作れる超簡単ケーキ手作り」（推定）,不明,手元,あり,46.5,1,なし,不明,その他/不明,推定（説明文）,4genre:dogfood-seed-3plat,商品の見せ方: 手作りおやつ・犬ごはんを作って犬が食べる様子
Instagram,ドッグフード,伸びてる,数値確認,主題,aiken_oyatsu,ゆきえもん｜手作り愛犬おやつ（@aiken_oyatsu）,https://www.instagram.com/aiken_oyatsu/,58000,10,49412;53734;22620;28414;28706;27845;48878;37459;52244;182253;148585;50915,49145,0.847,2026-10-03,2026-10-03,igreels.py（公開/reels/）/ ig.py 代表3本 / https://www.instagram.com/aiken_oyatsu/reels/,不明（画面文字未取得）。キャプションは「愛犬と一緒に食べられるレシピはこちら」「＼ノンオイル！！堅焼きポテチ🥔／」型,A商品名紹介,キャプション「＼ノンオイル！！堅焼きポテチ🥔／」「＼ブルーベリーのヨーグルトケーキ🫐／」（推定）,不明,手元,あり,,,なし,不明,その他/不明,推定（説明文）,4genre:dogfood-seed-3plat,商品の見せ方: 材料と完成おやつを見せ、愛犬と一緒に食べるレシピ
Instagram,ドッグフード,伸びてる,数値確認,主題,yuiwan_recipe,ゆい￤犬の管理栄養士が作る健康レシピ（@yuiwan_recipe）,https://www.instagram.com/yuiwan_recipe/,151,4,1805;4264;3786;4598;456;5595;734;468;2439;8622;7345;17935,4025,26.656,2026-10-02,2026-10-03,igreels.py / ig.py代表2本 / https://www.instagram.com/yuiwan_recipe/reels/,不明（画面文字未取得）。キャプション「余ったご飯、捨てるの待って⚠️✋」「愛犬の朝ごはん、これに変えてみたら大喜び」,B買う前の悩み・不一致,キャプション「余ったご飯、捨てるの待って⚠️✋」（推定。別本は「これに変えてみたら大喜び」でC）,不明,手元,あり,,5,なし,不明,その他/不明,推定（説明文）,4genre:dogfood-seed-3plat,商品の見せ方: 余りご飯や手作りソーセージなど材料と完成品を見せ、犬が食べる
Instagram,ドッグフード,伸びてる,数値確認,主題,sayako.inuneko,犬猫の手作り食と栄養学講師｜中村さやこ（@sayako.inuneko）,https://www.instagram.com/sayako.inuneko/,17000,9,537;5156;1367;7558;1524;7815;6094;6654;2301,5156,0.303,2026-10-03,2026-10-03,igreels.py（公開/reels/）/ ig.py代表6本 / https://www.instagram.com/sayako.inuneko/reels/,不明（画面文字未取得）。キャプションは「手作り初心者さんでも安心して始められる無料プレゼント中🎁」型,A商品名紹介,キャプション「手作り初心者さんでも安心して始められる無料プレゼント中🎁」「いぬねこ栄養学講座わんポピを主宰」（推定。og:descriptionが講座フッターのみでレシピ本文は切れている）,不明,手元,あり,,,なし,不明,その他/不明,推定（説明文）,4genre:dogfood-seed-3plat,商品の見せ方: 手作り食のレシピと講座案内。商品パッケージ中心ではない
Instagram,ドッグフード,伸びてる,数値確認,主題,hachimitsu_crayon,はちみつクレヨン（@hachimitsu_crayon）,https://www.instagram.com/hachimitsu_crayon/,3131,9,3093;3101;3339;109157;4950;4257;47315;3319;4488,4257,1.36,2026-10-03,2026-10-03,igreels.py / ig.py代表6本 / https://www.instagram.com/hachimitsu_crayon/reels/,不明（画面文字未取得）。キャプションは「超簡単！にんじんの薬膳チップスを手作りしたよ」「材料３つ、１分でできる超簡単わんこ用手作りケーキ」型,A商品名紹介,キャプション「超簡単！にんじんの薬膳チップスを手作りしたよ🥕」「材料３つ、１分でできる超簡単わんこ用手作りケーキ！」（推定）,不明,手元,あり,,,なし,不明,その他/不明,推定（説明文）,4genre:dogfood-seed-3plat,商品の見せ方: 手作りおやつと人犬共用市販おやつを作り／開けて犬が食べる
Instagram,ドッグフード,伸び悩み,数値確認,主題,usagiya.oyatu,藤本美貴／うさぎ屋（@usagiya.oyatu）,https://www.instagram.com/usagiya.oyatu/,5043,5,260;395;1243;484;571,484,0.096,2026-09-30,2026-10-03,igreels.py（公開/reels/）/ ig.pyプロフィール＋代表5本embed / https://www.instagram.com/usagiya.oyatu/reels/,不明（画面文字未取得）。キャプションは「うさぎ屋ママです」から入り手羽先・トライプを案内,A商品名紹介,キャプション「うさぎ屋ママです」「手羽先を焼いていますよ」「トライプが入荷しました」（推定）,不明,手元,あり,,5,なし,不明,その他/不明,推定（説明文）,4genre:dogfood-stuck-instagram,商品の見せ方: 手作り手羽先（脂抜き・ハイシニア向け）とトライプ／鹿レバー米粉を焼いて見せ、イベントで手掴み販売。玄米粉砕ケーキも扱う個
Instagram,ドッグフード,伸び悩み,数値確認,主題,_ami_kitchen_,ami｜米粉のパンとお菓子｜ワンコおやつ（@_ami_kitchen_）,https://www.instagram.com/_ami_kitchen_/,1036,12,94;103;216;184;146;121;242;143;90;268;135;216,144,0.139,2026-09-30,2026-10-03,igreels.py（公開/reels/）/ ig.pyプロフィール＋代表6本embed / https://www.instagram.com/_ami_kitchen_/reels/,不明（画面文字未取得）。キャプションは「犬の手作りおやつ」「犬の手作りごはん」から入りレシピ名,A商品名紹介,キャプション「犬の手作りおやつ」「青のりポテトチップス」「米粉のたまご蒸しパン」「鶏肉と大根のごはん」（推定）,不明,手元,あり,,2,なし,不明,その他/不明,推定（説明文）,4genre:dogfood-stuck-instagram,商品の見せ方: じゃがいも青のりチップス、米粉たまご蒸しパン、かぼちゃプリン、鶏肉と大根のごはん等を材料から完成まで見せる。人用米粉パン
Instagram,美容スキンケア,伸び悩み,数値確認,主題,yosi00527,🌸🌼yosshii🌼🌸 (@yosi00527),https://www.instagram.com/yosi00527,2888,5,64;89;87;128;187,89,0.031,2026-09-29,2026-10-03,igreels.py 公開reelsタブ + ig.py embedキャプション,キャプション「季節の変わり目💚健やかな肌作り」「気になるごわつきが手軽に」（1コマ目の画面文字は未取得）,B買う前の悩み・不一致,キャプション「ゆらぎやすい肌のバリア機能を整える」「気になるごわつきが手軽に」「しわやハリなど気になる肌に」,不明,商品,あり,,5,不明,不明,その他/不明,推定（説明文）,4genre:instagram-beauty-stuck,商品の見せ方: VTリードルショット／セラム／ボディパッドのパッケージ紹介（キャプション実例）
Instagram,美容スキンケア,伸び悩み,数値確認,主題,chibimama.cosme,ちびまま🍒30代半ば/2児の母 (@chibimama.cosme),https://www.instagram.com/chibimama.cosme,6723,12,11104;287;420;284;271;130;465;366;704;485;337;628,393,0.058,2026-09-30,2026-10-03,igreels.py 公開reelsタブ + ig.py embedキャプション,キャプション「お肌が整う私のSKIN1004ナイトルーティン」「夏の紫外線でお肌がくすんでると感じる方に」（1コマ目の画面文字は未取得）,B買う前の悩み・不一致,キャプション「敏感に傾きやすい肌なのですが」「夏の紫外線でお肌がくすんでると感じる方に」。別本は「【SKIN1004 センテラ ライトクレンジングオイル】」でA寄り,不明,商品,あり,,,不明,不明,その他/不明,推定（説明文）,4genre:instagram-beauty-stuck,商品の見せ方: クレンジングオイル・パッド・クリーム・マスクのパッケージ紹介（キャプション実例）
Instagram,美容スキンケア,伸び悩み,数値確認,主題,niyomama_cosme,ニヨママ‖40代からの肌管理‖ (@niyomama_cosme),https://www.instagram.com/niyomama_cosme,1775,7,48;71;77;106;68;100;114,77,0.043,2026-10-02,2026-10-03,igreels.py 公開reelsタブ + ig.py embedキャプション,キャプション「🍂 秋の砂漠肌、回避作戦開始。」「本気で毛穴ケア、始めます！」（1コマ目の画面文字は未取得）,B買う前の悩み・不一致,キャプション「🍂 秋の砂漠肌、回避作戦開始。」「最近、肌のハリやキメが気になるお年頃」。別本は「メゾンドブーケ プロテクト デイクリーム」でA寄り,不明,商品,なし,,5,なし,不明,その他/不明,推定（説明文）,4genre:instagram-beauty-stuck,商品の見せ方: クリーム・アンプル・デイクリーム・毛穴ローションのパッケージ紹介（キャプション実例）
Instagram,美容スキンケア,伸び悩み,数値確認,主題,uruhyung.skin,うるヒョン｜アラフィフ｜シートマスク (@uruhyung.skin),https://www.instagram.com/uruhyung.skin,1425,10,206;291;293;474;319;569;278;387;271;242,292,0.205,2026-10-02,2026-10-03,igreels.py 公開reelsタブ + ig.py embedキャプション,キャプション「最近、メイク前の乾燥が気になるから」「表面はベタつくのに、なんだか乾燥する…」（1コマ目の画面文字は未取得）,B買う前の悩み・不一致,キャプション「最近、メイク前の乾燥が気になるから」「表面はベタつくのに、なんだか乾燥する…」。別本は「Yunth好きなら、これ見つけたら気にならない？」でA寄り,不明,商品,あり,,1,不明,不明,その他/不明,推定（説明文）,4genre:instagram-beauty-stuck,商品の見せ方: クリーム・シートマスク・セラム・日焼け止めのパッケージ紹介（キャプション実例）
Instagram,美容スキンケア,伸び悩み,数値確認,主題,ako_beautylog,あこ シミと乾燥と戦うワーママ (@ako_beautylog),https://www.instagram.com/ako_beautylog,2613,4,156;394;599;18,275,0.105,2026-09-29,2026-10-03,igreels.py 公開reelsタブ + ig.py embedキャプション,キャプション「レチノールが合わない…でもシワケアは続けたい。」「『あぶらとり紙発想』のサンスティック」（1コマ目の画面文字は未取得）,B買う前の悩み・不一致,キャプション「レチノールが合わない…でもシワケアは続けたい。」。別本は「『あぶらとり紙発想』のサンスティック」「1004DAY限定のスペシャルBOX」でA寄り,不明,商品,なし,,3,不明,不明,その他/不明,推定（説明文）,4genre:instagram-beauty-stuck,商品の見せ方: サンスティック・クレンジングオイル・アンプル・クリームのパッケージ紹介（キャプション実例）
Instagram,婚活,伸びてる,数値確認,主題,gonkatsu.jp,権藤英士【ゴンちゃんの結婚相談所】(@gonkatsu.jp),https://www.instagram.com/gonkatsu.jp/,3411,12,47761;40972;55035;65798;104977;6710;142151;41240;163366;33239,51398,15.068,2026-10-02,2026-10-03,igreels.py（公開/reels/）+ ig.py embed。サムネ実見 https://www.instagram.com/reel/Dd_OEqPsQ_k/,あり。「『遊び程度だから』ギャンブルを認めない男と結婚できる？」（黄文字帯＋食事の男女。下テロップ「そういえば趣味って何されてるんですか？」）,B買う前の悩み・不一致,1コマ目「ギャンブルを認めない男と結婚できる？」。キャプションも不一致から入る,なし,人,不明,,0,なし,不明,その他/不明,推定（説明文）,4genre:instagram-konkatsu-seed,商品の見せ方: 相談所案内はキャプション末。1コマ目はギャンブル価値観の再現
Instagram,婚活,伸びてる,数値確認,主題,konkatsu.taikendan,となりの婚活図解(@konkatsu.taikendan),https://www.instagram.com/konkatsu.taikendan/,6593,12,1177;3171;20977;6076;88158;34407;3585;13773;5237;5147,5656,0.858,2026-10-03,2026-10-03,igreels.py + ig.py。サムネ実見 https://www.instagram.com/reel/DeBsAmUs9py/,"あり。直近「""愛されてる""の勘違い。好きじゃなくてもできること」（イラスト図解全面。①毎日のLINE〜⑥キス）",その他,"1コマ目「""愛されてる""の勘違い」。bioは「これ早く知りたかった」でC寄りのコピーあり",なし,キャラ,不明,,0,なし,不明,その他/不明,推定（説明文）,4genre:instagram-konkatsu-seed,商品の見せ方: サービス画面なし。保存・フォロー誘導
Instagram,婚活,伸びてる,数値確認,主題,yamasyo.konkatsu,やましょ｜婚活女子の判断軸(@yamasyo.konkatsu),https://www.instagram.com/yamasyo.konkatsu/,505,12,517;515;1543;8222;675;232;215;221;1317;1111,596,1.18,2026-10-02,2026-10-03,igreels.py + ig.py embed。サムネ実見 https://www.instagram.com/reel/Dd9_H4XDaxd/,あり。「結婚を遠ざけてない？こじらせ女性の特徴15選」（ベージュ図解カード）,その他,1コマ目「結婚を遠ざけてない？こじらせ女性の特徴15選」,なし,不明,あり,,9,なし,不明,その他/不明,推定（説明文）,4genre:instagram-konkatsu-seed,商品の見せ方: アプリ画面なし。相談所リンク誘導（bio）
Instagram,婚活,伸びてる,数値確認,主題,tomi_konkatsu24,とみー⌇マチアプ疲れを手放す婚活(@tomi_konkatsu24),https://www.instagram.com/tomi_konkatsu24/,561,2,5152;1456;24554;70135,14853,26.476,2026-10-03,2026-10-03,igreels.py + ig.py。サムネ実見 https://www.instagram.com/reel/DeB59bAz2gG/,あり。「結婚したらどうでもよくなる条件 -7選-」（横顔＋中央テキスト）,C後から見つける,1コマ目「結婚したらどうでもよくなる条件」。結果側の条件整理,あり,人,不明,,0,なし,不明,その他/不明,推定（説明文）,4genre:instagram-konkatsu-seed,商品の見せ方: オンライン結婚相談所のオーナー。1コマ目は商品名なし
Instagram,婚活,伸びてる,数値確認,主題,mao_7530,【出雲の結い処 福むすび】代表:後藤真男(@mao_7530),https://www.instagram.com/mao_7530/,1605,12,14477;2912;3148;3064;8500;43716;8036;11274;4372;71601,8268,5.151,2026-10-03,2026-10-03,igreels.py + ig.py。サムネ実見 https://www.instagram.com/reel/DeB5Oi-tjaQ/,あり。「大事な禁断の質問／再婚者とのお見合い」（レストランの男女写真＋黄帯）,その他,1コマ目「大事な禁断の質問」「再婚者とのお見合い」,なし,人,不明,,0,なし,不明,その他/不明,推定（説明文）,4genre:instagram-konkatsu-seed,商品の見せ方: 相談所の成婚事例。アプリ画面なし
Instagram,婚活,伸びてる,数値確認,主題,dearbridetokyo_,Dear Bride Tokyo (ディアブライド東京)(@dearbridetokyo_),https://www.instagram.com/dearbridetokyo_/,5680,9,31931;36372;101079;157430;12926;82119;4460;47733;42596,42596,7.499,2026-10-01,2026-10-03,igreels.py + ig.py。サムネ実見 https://www.instagram.com/reel/Dd8fyM4p_hS/,あり。「お会計での男女の本音」（カウンセラー2人の顔出し対談＋黒帯黄文字）,その他,1コマ目「お会計での男女の本音」,あり,人,あり,,5,なし,不明,レビュー・検証,推定（説明文）,4genre:instagram-konkatsu-seed,商品の見せ方: プロフで無料診断誘導。1コマ目は本音見出し
Instagram,婚活,伸びてる,数値確認,主題,yusuke_konkatsu,"Yusuke｜20,30代の成婚率爆上げ術(@yusuke_konkatsu)",https://www.instagram.com/yusuke_konkatsu/,1371,9,488;452;1292;342;404;660;2191;2389;5857,660,0.481,2026-10-03,2026-10-03,igreels.py + ig.py。サムネ実見 https://www.instagram.com/reel/DeCAMPRx_JW/,あり。「事務的＝冷めた？」（本人顔出し＋白縁文字）,B買う前の悩み・不一致,1コマ目「事務的＝冷めた？」。キャプションも「アプリ疲れた」悩みから,あり,人,あり,,0,なし,不明,その他/不明,推定（説明文）,4genre:instagram-konkatsu-seed,商品の見せ方: 自相談所とLINE誘導。1コマ目は商品名なし
Instagram,婚活,伸び悩み,数値確認,主題,edogoenkon,えどごえん婚｜ホッとする婚活｜江戸川区結婚相談所(@edogoenkon),https://www.instagram.com/edogoenkon/,523,10,65;116;120;146;176;85;3840;211;198,146,0.279,2026-10-01,2026-10-03,igreels.py + ig.py。サムネ実見 https://www.instagram.com/reel/Dd78acYRc7G/,あり。「NEW Member／Welcome to our family／素敵なご縁を一緒に見つけましょう」（会員顔はハートで隠す）,その他,1コマ目「NEW Member」「素敵なご縁を一緒に見つけましょう」,なし,人,あり,,0,なし,不明,その他/不明,推定（説明文）,4genre:instagram-konkatsu-seed,商品の見せ方: 相談所の会員紹介。アプリ画面なし
Instagram,婚活,伸び悩み,数値確認,主題,yakoyoshipelo,平本 康子　元アナウンサー・モテコンサル(@yakoyoshipelo),https://www.instagram.com/yakoyoshipelo/,1912,6,454;562;399;482;402;551,468,0.245,2026-10-01,2026-10-03,igreels.py + ig.py。サムネ実見 https://www.instagram.com/reel/Dd83EpCyqjy/,あり。「女性の婚活応援／優秀相談所／2026」（IBJ帯＋顔出し）,その他,1コマ目「女性の婚活応援 優秀相談所」。キャプションもIBJ認定報告から入る,あり,人,不明,,0,なし,不明,その他/不明,推定（説明文）,4genre:instagram-konkatsu-seed,商品の見せ方: 相談所の活動報告。アプリ画面なし
Instagram,婚活,伸び悩み,数値確認,主題,epousemoi_official,婚活カウンセラーちゃこ｜群馬・栃木の結婚相談所エプーズモア(@epousemoi_official),https://www.instagram.com/epousemoi_official/,2083,9,478;479;372;469;389;568;330;595;486,478,0.229,2026-09-27,2026-10-03,igreels.py + ig.py。サムネ実見 https://www.instagram.com/reel/Ddy2Z_TT9hi/,あり。「『趣味が合わない』で断る人、損しています！」（黄帯＋顔出し）,B買う前の悩み・不一致,1コマ目「『趣味が合わない』で断る人、損しています」。キャプションもお断り判断から,あり,人,あり,,4,なし,不明,その他/不明,推定（説明文）,4genre:instagram-konkatsu-seed,商品の見せ方: キャプション定型で自相談所と無料カウンセリングURL
Instagram,婚活,伸び悩み,数値確認,主題,tatemoto.kumi,館本 くみ｜結婚相談所ハピネス IBJ加盟店溺愛され婚プロデュース(@tatemoto.kumi),https://www.instagram.com/tatemoto.kumi/,1137,11,344;585;280;321;451;247,332,0.292,2026-09-28,2026-10-03,igreels.py + ig.py。サムネ実見 https://www.instagram.com/reel/Dd1bwA6Mivy/,あり。「婚活相談なのに、今日はほぼ婚活の話をしなかった。」（ピンク手書き見出し＋カフェの男女イラスト）,その他,1コマ目「婚活相談なのに、今日はほぼ婚活の話をしなかった」,なし,人,不明,,0,なし,不明,その他/不明,推定（説明文）,4genre:instagram-konkatsu-seed,商品の見せ方: キャプションとサムネで自相談所・溺愛され婚プロデュースとLINE特典
Instagram,婚活,伸びてる,数値確認,主題,mayuka_konkatsu40,まゆか｜１５年婚活こじらせてた人(@mayuka_konkatsu40),https://www.instagram.com/mayuka_konkatsu40/,5654,4,94585;36259;6302;7511;9780;21897;81858;743388,29078,5.143,2026-09-29,2026-10-03,igreels.py（公開/reels/）+ ig.py embed。サムネ実見 https://www.instagram.com/reel/Dd3aoT5TfMB/,あり。「37歳婚約破棄から逆転婚／私が結婚を諦めなかった理由」（夜のルーブル前のカップル写真＋手書き白文字）,C後から見つける,1コマ目「37歳婚約破棄から逆転婚」「私が結婚を諦めなかった理由」,なし,人,あり,,0,なし,不明,その他/不明,推定（説明文）,4genre:instagram-konkatsu-seed,商品の見せ方: サービス画面なし。bioで婚活学び誘導
Instagram,婚活,伸びてる,数値確認,主題,konkatu.coach.yuu,福岡婚活コーチ　ゆう(@konkatu.coach.yuu),https://www.instagram.com/konkatu.coach.yuu/,1854,9,43707;10419;46286;34769;75299;36876;30123;17278;221490,36876,19.89,2026-10-03,2026-10-03,igreels.py + ig.py。サムネ実見 https://www.instagram.com/reel/DeAo5ypzbZ2/,あり。「男女別。気があるときの気持ちの試し方」（ベージュ背景＋枠＋赤字タイトル）,その他,1コマ目「男女別。気があるときの気持ちの試し方」。キャプションは連絡が遅い悩み導入もありB寄り,なし,不明,あり,,0,なし,不明,その他/不明,推定（説明文）,4genre:instagram-konkatsu-seed,商品の見せ方: 無料相談・LINE誘導。アプリ画面は見えない
Instagram,婚活,伸びてる,数値確認,主題,kome_konkatsu,こめl恋愛不適合者アラフォーの婚活復活物語(@kome_konkatsu),https://www.instagram.com/kome_konkatsu/,11000,7,32224;1509;72752;4866;104206;114009;155935,72752,6.614,2026-10-03,2026-10-03,igreels.py + ig.py。サムネ実見 https://www.instagram.com/reel/DeBLJ3hp1W7/,あり。「36歳の婚活 ○○を卒業」（顔出し＋白文字。施術中セルフィー）,その他,1コマ目「36歳の婚活 ○○を卒業」。キャプションはアートメイク体験,あり,人,不明,,3,なし,不明,その他/不明,推定（説明文）,4genre:instagram-konkatsu-seed,商品の見せ方: 相談所・お見合い体験。アプリ画面は直近ogになし
Instagram,婚活,伸びてる,数値確認,主題,marupi_30life,まるぴ⌇逆プロポーズで人生180°変えるアラサー(@marupi_30life),https://www.instagram.com/marupi_30life/,14000,6,104141;117109;178145;213894;88795;55242;50715;89636;428060;75878,96888,6.921,2026-09-30,2026-10-03,igreels.py + ig.py。サムネ実見 https://www.instagram.com/reel/Dd6T08Bzrdo/,あり。「最終回／逆プロポーズで人生を変えるアラサー／ご報告」（花束＋顔出し）,C後から見つける,1コマ目「最終回」「ご報告」。キャプション「マッチングアプリで出会った彼に、プロポーズしてもらいました」,あり,人,不明,,0,なし,不明,その他/不明,推定（説明文）,4genre:instagram-konkatsu-seed,商品の見せ方: アプリ画面なし。体験連載。キャプションでマッチングアプリで出会った彼にプロポーズ
Instagram,婚活,伸び悩み,数値確認,主題,konkatsu_meister_konan,婚活迷子のための本音アドバイス｜コナン(@konkatsu_meister_konan),https://www.instagram.com/konkatsu_meister_konan/,285,7,89;52;172;224;60;56;43,60,0.211,2026-09-28,2026-10-03,igreels.py + ig.py。サムネ実見 https://www.instagram.com/reel/Dd0E00ku178/,あり。「【保存版】第3回 お見合いではお相手のお話しを被せず最後まで聞きましょう／聞き上手が好印象」（ピンク見出しカード）,その他,1コマ目「お見合いではお相手のお話しを被せず最後まで聞きましょう」,なし,不明,あり,,13,なし,不明,その他/不明,推定（説明文）,4genre:instagram-konkatsu-seed,商品の見せ方: 自相談所とLINE誘導。1コマ目は商品名なし
Instagram,婚活,伸び悩み,数値確認,主題,feliz_marriage,結婚相談所Feliz￤鎌倉【婚活IBJ正規加盟店】(@feliz_marriage),https://www.instagram.com/feliz_marriage/,744,7,89;62;78;110;112;62;71,78,0.105,2026-10-02,2026-10-03,igreels.py（公開/reels/）+ ig.py embed。サムネ実見 https://www.instagram.com/reel/Dd_AYSUhg9g/,あり。「『ふつうの人でいいのに』／30代の婚活、終わらない方へ／結婚相談所Feliz」（白背景タイトル帯＋下部に神社の実写）,B買う前の悩み・不一致,1コマ目「ふつうの人でいいのに」。キャプションも「全然いい人に巡り会えない」悩みから,なし,不明,あり,,0,なし,不明,その他/不明,推定（説明文）,4genre:instagram-konkatsu-seed,商品の見せ方: キャプション末とbioで無料カウンセリング誘導。1コマ目はサービス名併記だが悩み見出しが主
Instagram,婚活,伸び悩み,数値確認,主題,hanadayori8787,花だより｜恋愛印象ラボ｜東京・杉並区・福岡(@hanadayori8787),https://www.instagram.com/hanadayori8787/,2281,10,22;50;97;1451;43;70;78;1688;74;75,74,0.033,2026-10-03,2026-10-03,igreels.py（公開/reels/）+ ig.py embed。サムネ実見 https://www.instagram.com/reel/DeBy3YpOA43/,あり。「男性が思わず会いたくなる女性の特徴10選」（緑カード＋リスト①〜⑩＋ストック風の女性写真）,その他,1コマ目「男性が思わず会いたくなる女性の特徴10選」,なし,人,あり,,0,なし,不明,その他/不明,推定（説明文）,4genre:instagram-konkatsu-seed,商品の見せ方: キャプション定型で自相談所のイメージコンサルと無料相談。1コマ目は商品名なし
Instagram,婚活,伸びてる,数値確認,主題,keicale_,けいかれ(@keicale_),https://www.instagram.com/keicale_/,68000,10,75011;64603;237876;137887;346715;58505;80214;57380;133278;83534,81874,1.204,2026-09-30,2026-10-03,igreels.py + ig.py。プロフィール https://www.instagram.com/keicale_/,あり。直近「韓国人と結婚」（サムネ確認）,その他,1コマ目「韓国人と結婚」。別本キャプション「39歳、婚活の残酷な現実。」はB寄り,不明,人,不明,,5,あり,不明,その他/不明,推定（説明文）,4genre:instagram-konkatsu,商品の見せ方: 美容液・クリニックをキャプション末でPR。動画1コマ目は婚活テーマ文字
Instagram,婚活,伸びてる,数値確認,主題,maru__konkatsu,まる｜恋愛下手の婚活ストーリー（37OL）(@maru__konkatsu),https://www.instagram.com/maru__konkatsu/,2051,3,10437;2553;3610;16984;5523;11915;3543;73966;4556,5523,2.693,2026-09-13,2026-10-03,igreels.py + ig.py。プロフィール https://www.instagram.com/maru__konkatsu/,あり。直近「恋愛下手アラフォー女 婚活ストーリー／初デートで、初めて通じたこと」（サムネ確認）,その他,1コマ目「初デートで、初めて通じたこと」,なし,手元,あり,,0,なし,不明,その他/不明,推定（説明文）,4genre:instagram-konkatsu,商品の見せ方: サービス画面なし
Instagram,婚活,伸びてる,数値確認,主題,anju_beauty_30s,あんじゅ｜34歳独身女のひとり晩酌(@anju_beauty_30s),https://www.instagram.com/anju_beauty_30s/,2629,6,7779;16593;13655;16839;35612;69359;15644;50888;33134;17067,16953,6.448,2026-09-20,2026-10-03,igreels.py + ig.py。プロフィール https://www.instagram.com/anju_beauty_30s/,あり。直近「薄れ始めていた」（サムネ確認、キッチン自撮り）,その他,1コマ目「薄れ始めていた」。別本キャプション「もっと早くに分かったらよかったのに」はC寄り,あり,人,不明,,2,なし,不明,その他/不明,推定（説明文）,4genre:instagram-konkatsu,商品の見せ方: アプリ画面なし。相談所デート報告
Instagram,婚活,伸びてる,数値確認,主題,mii_30s_life,みぃ｜ミドサー崖っぷち女の婚活奮闘記(@mii_30s_life),https://www.instagram.com/mii_30s_life/,1371,1,8952;65151,37052,27.025,2026-09-29,2026-10-03,igreels.py + ig.py。プロフィール https://www.instagram.com/mii_30s_life/,あり。直近「35歳独身女／1人で過ごす誕生日」（サムネ確認）,その他,1コマ目「1人で過ごす誕生日」,あり,人,不明,,2,なし,不明,その他/不明,推定（説明文）,4genre:instagram-konkatsu,商品の見せ方: アプリ歴5年・相談所3社目をキャプションで言及。画面にアプリUIは見えない
Instagram,婚活,伸びてる,数値確認,主題,yako.shiawasekon,紫藤乃やこ｜男性婚活サポート(@yako.shiawasekon),https://www.instagram.com/yako.shiawasekon/,7087,12,331070;159692;173555;106986;121931;98894;697525;115660;241517;768758,166624,23.511,2026-09-21,2026-10-03,igreels.py + ig.py。プロフィール https://www.instagram.com/yako.shiawasekon/,あり。直近「自分の感覚で否定する男性」（サムネ確認、カフェの男女写真＋帯タイトル）,その他,1コマ目「自分の感覚で否定する男性」。キャプションもデートでの否定あるある,なし,人,あり,,5,なし,不明,その他/不明,推定（説明文）,4genre:instagram-konkatsu,商品の見せ方: アプリ画面なし。あるある解説から診断・LINE誘導
YouTube,婚活,伸びてる,数値確認,主題,相談先の多田さん,相談先の多田さん,https://www.youtube.com/@相談先の多田さん,24200,10,471;8922;11161;3112;2900;4979;8208;9720;7101;9782,7654,0.316,2026-10-03,2026-10-03,yt-dlp --flat-playlist @相談先の多田さん/shorts + 個別-J 10本（cookieなし）。サムネ実見,あり。直近「志望動機は？／#学歴至上主義の23歳／急に饒舌になる」。別本「面接ですか？」,その他,1コマ目「志望動機は？」「面接ですか？」はあるある劇。タイトル「合理的なふり？」「お見合いですよね？」もネタ,なし,キャラ,不明,48,3,なし,不明,その他/不明,推定（説明文）,4genre:konkatsu-seed-3plat,商品の見せ方: 説明文でカウンセリングと相談所。1コマ目は商品名なし
YouTube,婚活,伸びてる,数値確認,主題,channel/UCnsEpMSCXrw_4VxTnvKcjEA,婚活から、12年。,https://www.youtube.com/channel/UCnsEpMSCXrw_4VxTnvKcjEA,9,8,1214;481;199;495;23;90;22;1155,340,37.778,2026-09-30,2026-10-03,yt-dlp channel/shorts + 個別-J 10本。cookieなし。サムネ実見,あり。直近「1人の時間を欲しがらない夫／その12年後」（AI風イラスト）,C後から見つける,1コマ目「その12年後」。タイトルもタグ列で結果側,なし,キャラ,不明,28,5,なし,不明,なし/未確認,推定（説明文）,4genre:konkatsu-seed-3plat,商品の見せ方: 商品なし。結婚相談所で結婚したその後の話
YouTube,婚活,伸びてる,数値確認,主題,kanamama_duomariage,かなママ婚活ch \ / Duo Mariage,https://www.youtube.com/@kanamama_duomariage,818,3,1367;1487;1352;2228;2502;4744,1858,2.271,2026-09-30,2026-10-03,yt-dlp shorts+個別-J 8本（うち60日内6本）。尺一部105-137秒だがShortsタブ掲載。サムネ実見,あり。「【マチアプ遭遇】実は既婚者だった」「俺の電話待ちで」,その他,1コマ目「【マチアプ遭遇】実は既婚者だった」は体験再現。タイトル「マチアプで浮気がバレた理由」,あり,人,不明,137,8,なし,BGM,その他/不明,推定（説明文）,4genre:konkatsu-seed-3plat,商品の見せ方: 説明で結婚相談所経験に言及。1コマ目はマチアプ遭遇
YouTube,婚活,伸びてる,数値確認,主題,bridaltulip,Bridalチューリップの婚活男子モテちゃんねる,https://www.youtube.com/@bridaltulip,2040,10,1225;42;1695;41;1637;1219;1289;19;25;1749,1222,0.599,2026-10-02,2026-10-03,yt-dlp @bridaltulip/shorts + 個別-J 10本。cookieなし。全本尺8秒。サムネ実見。高田馬場の地域相談所（チェーン本部ではない）,あり。紫「リアルな現実」＋SABCランク表,その他,1コマ目「リアルな現実」＋ランク表。タイトル「なぜか毎回振られる人の特徴ランキング」は解説ネタ,なし,キャラ,あり,8,8,なし,不明,なし/未確認,推定（説明文）,4genre:konkatsu-seed-3plat,商品の見せ方: 1コマ目に商品なし。説明でLINE誘導
TikTok,婚活,伸びてる,数値確認,主題,dearbridetokyo,結婚相談所 ディアブライド東京（@dearbridetokyo）,https://www.tiktok.com/@dearbridetokyo,6315,9,184;6442;10400;17900;14300;1253;22600;1216;1989,6442,1.02,2026-10-03,2026-10-03,tt.py（プロフィール+embed）/ ttv.py 代表3本 / oembedサムネ。IBJ AWARD受賞の個人相談所,あり。直近「婚活クイズ 5個答えろ！」。別本「お会計での男女の本音」「結婚相談所のリアル／相手に仕事を辞めてもらうつもりの30歳」,その他,1コマ目「婚活クイズ 5個答えろ！」。キャプション「全部わかりましたか？」（推定）,あり,人,あり,100,4,なし,オリジナル,レビュー・検証,確認済,4genre:konkatsu-seed-3plat,商品の見せ方: プロフで長尺・無料相談誘導。1コマ目はクイズ/本音見出し
TikTok,婚活,伸びてる,数値確認,主題,ling.hioki.kekkon,日置 リン｜不毛な婚活を終わらせるプロ（@ling.hioki.kekkon）,https://www.tiktok.com/@ling.hioki.kekkon,911,8,1762;14500;12600;108000;26400;13300;18900;37000,18900,20.746,2026-10-03,2026-10-03,tt.py / ttv.py 代表1本（2本空応答） / oembedサムネ,あり。「あははは／婚活イベントあるある 前編」,その他,1コマ目「婚活イベントあるある 前編」。キャプションも同見出し（推定）,あり,人,あり,109,0,なし,オリジナル,その他/不明,確認済,4genre:konkatsu-seed-3plat,商品の見せ方: 婚活イベント・相談あるある解説。アプリ画面はサムネになし
TikTok,婚活,伸びてる,数値確認,主題,aozoramariage,会える結婚相談所『あおぞらマリアージュ』（@aozoramariage）,https://www.tiktok.com/@aozoramariage,3302,6,9144;3585;16300;30700;398900;43700;31700;121400;78000;47300,37700,11.417,2026-09-30,2026-10-03,tt.py / ttv.py 代表2本 / oembedサムネ。銀座の個人相談所,サムネ直近は文字なし（男女の顔出し対談）。キャプションは「触る男性」,その他,キャプション「触る男性」「初デートドリンクシェアはドン引き」（推定）。1コマ目サムネは対談映像,あり,人,あり,76.5,3,なし,オリジナル,その他/不明,推定（説明文）,4genre:konkatsu-seed-3plat,商品の見せ方: 毎回キャプション末尾に銀座あおぞらマリアージュの料金・割引URL
TikTok,婚活,伸び悩み,数値確認,主題,luvaiueo,気づけ！婚活｜日刊やす🌙｜婚活「あいうえお」（@luvaiueo）,https://www.tiktok.com/@luvaiueo,1032,10,1;11;20;261;89;106;105;177;138;376,106,0.102,2026-10-03,2026-10-03,tt.py+ttv.py+oembedサムネ。IBJ加盟の静岡「あいうえお」個人プロデューサー,あり。「1ヶ月でお見合いを46件／男性の末路／量より前にまず土台／パート4」,C後から見つける,1コマ目「男性の末路」。キャプション「1ヶ月でお見合いを46件申し込んだ男性の末路」,あり,人,あり,113,3,なし,オリジナル,その他/不明,確認済,4genre:konkatsu-seed-3plat,商品の見せ方: 自相談所「あいうえお」とLINE誘導。アプリ画面はサムネになし
TikTok,婚活,伸び悩み,数値確認,主題,heartful06,【結婚相談所】ハートフルマリアージュ（@heartful06）,https://www.tiktok.com/@heartful06,14200,6,83;176;3724;132;244;177,176,0.012,2026-10-02,2026-10-03,tt.py+ttv.py+oembedサムネ。大阪西中島のIBJ加盟店（地域相談所。チェーン本部ではない）,あり。「マッチングアプリではなく結婚相談所を選んだ理由」（専務ラベル＋会員はモザイク）,B買う前の悩み・不一致,1コマ目「マッチングアプリではなく結婚相談所を選んだ理由」,あり,人,あり,45,5,なし,オリジナル,その他/不明,確認済,4genre:konkatsu-seed-3plat,商品の見せ方: 自相談所ハートフルマリアージュと電話誘導
TikTok,婚活,伸び悩み,数値確認,主題,bridaltulip,結婚相談所ブライダルチューリップ（@bridaltulip）,https://www.tiktok.com/@bridaltulip,426,5,2;5;4;4;3,4,0.009,2026-10-02,2026-10-03,tt.py+ttv.py+oembedサムネ。高田馬場のIBJ/NNR加盟店（地域相談所。チェーン本部ではない）,あり。「本命にならない人の特徴」＋SABC風イラスト表,その他,1コマ目「本命にならない人の特徴」＋ランク表,なし,キャラ,不明,7,4,なし,オリジナル,その他/不明,確認済,4genre:konkatsu-seed-3plat,商品の見せ方: 自相談所ブライダルチューリップ案内。アプリ画面なし
YouTube,婚活,伸び悩み,数値確認,主題,cutopia2011,忽那里美,https://www.youtube.com/@cutopia2011,4640,8,265;294;321;1011;391;933;563;1009,477,0.103,2026-09-30,2026-10-03,yt-dlp @cutopia2011/shorts + 個別-J 8本。cookieなし。サムネ実見,あり。「妻も働く／夫も育児をする」（ストック風家族写真）,その他,1コマ目「妻も働く 夫も育児をする」は価値観の提示・解説,なし,人,不明,145,5,なし,不明,なし/未確認,推定（説明文）,4genre:konkatsu-seed-3plat,商品の見せ方: 1コマ目は商品なし。結婚相談所カウンセラーの解説
TikTok,美容スキンケア,伸び悩み,数値確認,主題,haru_hadacare,はる🫧プチプラ美容 (@haru_hadacare),https://www.tiktok.com/@haru_hadacare,1329,13,103;106;148;4996;320;2368;135;140;365;1186;3140;3642;17900,365,0.275,2026-09-30,2026-10-03,tt.py embed（直近30日13本）+ ttv.py 代表3本 isAd=null。17900は他本の数十倍だが百万規模の広告配信ではなく中央値に含めた,ttvのonscreen_textに「個人の感想」。キャプション「毛穴が詰まってずっと肌荒れるし、毛穴もだんだん広がって脂が止まらなくなっちゃう」,B買う前の悩み・不一致,キャプション「毛穴が詰まってずっと肌荒れるし」。画面上テキストは「個人の感想」,不明,人,あり,12,5,不明,オリジナル,使用・実演,推定（説明文）,4genre:tiktok-beauty-stuck,商品の見せ方: カームセブンスージングセラムのセールと毛穴・混合肌の使用感を語る
TikTok,ドッグフード,伸びてる,数値確認,主題,manami_wankogohan,獣医師まなみ（@manami_wankogohan）,https://www.tiktok.com/@manami_wankogohan,35100,0,29500;45400;14000,29500,0.84,2026-08-29,2026-10-03,tt.py（プロフィール+embed）/ ttv.py 代表3本 / https://www.tiktok.com/@manami_wankogohan,不明（stickersOnItem空）。説明文は「愛犬おやつ🐶焼き芋プリン」「手作りごはんの食費ってどれくらい？」型,A商品名紹介,キャプション「愛犬おやつ🐶焼き芋プリン」「愛犬の簡単トッピング🐶タコライス」（推定）,不明,手元,あり,49,5,なし,BGM,その他/不明,推定（説明文）,4genre:tiktok-dogcam,商品の見せ方: トッピング・おやつの材料と作り方をキャプションに列挙。完成品を見せる
TikTok,ドッグフード,伸びてる,数値確認,主題,mydog_gohan_,さと｜わんこも沼るラクうま健康ごはん（@mydog_gohan_）,https://www.tiktok.com/@mydog_gohan_,6276,0,13500;6739;90300,13500,2.151,2026-08-14,2026-10-03,tt.py（プロフィール+embed）/ ttv.py 代表3本 / https://www.tiktok.com/@mydog_gohan_,不明（stickersOnItem空）。説明文は「トマトを凍らせて削ってみた」「混ぜて冷やすだけ」型,A商品名紹介,キャプション「トマトを凍らせて削ってみた」「混ぜて冷やすだけ」「かぼちゃのポタージュ」（推定）,不明,手元,あり,31,6,不明,BGM,その他/不明,推定（説明文）,4genre:tiktok-dogcam,商品の見せ方: 材料を混ぜて完成おやつを犬に与える。コメント欄にレシピ
TikTok,ドッグフード,伸びてる,数値確認,主題,samoyed_rintaro.kanon,サモエドりんたろう&かのん（@samoyed_rintaro.kanon）,https://www.tiktok.com/@samoyed_rintaro.kanon,592000,7,17900;253100;1100000;82400;1200000;985100;1100000;577300;549600;880800,729050,1.232,2026-10-03,2026-10-03,tt.py（プロフィール+embed）/ ttv.py 代表2本 / https://www.tiktok.com/@samoyed_rintaro.kanon,なし（stickersOnItem空）。キャプションは「冬瓜のそぼろ煮つくったら爆食してくれました！」型,その他,キャプション「冬瓜のそぼろ煮つくったら爆食してくれました！」「巨大パスタでミートソース煮つくったら爆食してくれました！」（推定）,不明,手元,あり,62.5,0,不明,オリジナル,その他/不明,推定（説明文）,4genre:tiktok-dogcam,商品の見せ方: 炊飯器で犬用ごはんを作り、犬が爆食する様子
TikTok,婚活,伸びてる,数値確認,主題,chisa.ol.life,ちさ⌇ 100日後結婚する彼氏なしアラサー（@chisa.ol.life）,https://www.tiktok.com/@chisa.ol.life,10100,10,9155;21200;7291;5295;2860;17700;3366;5896;2421;2818;63000,5896,0.584,2026-10-01,2026-10-03,tt.py（プロフィール+embed）/ ttv.py 代表3本 / https://www.tiktok.com/@chisa.ol.life,不明（stickersOnItem空）。説明文は「彼氏なしアラサーの100日間の本気婚活💐✨ ○日目」連載見出し,その他,キャプション冒頭「彼氏なしアラサーの100日間の本気婚活 19日目 結婚相談所のルールについて」（推定）,あり,人,あり,32,5,なし,トレンド音源,その他/不明,推定（説明文）,4genre:tiktok-konkatsu-grow,商品の見せ方: 結婚相談所入会・東カレデート・婚活パーティー体験を語る。アプリ画面の有無は不明
TikTok,婚活,伸びてる,数値確認,主題,kaori_konkatsu,成婚に導く婚活カウンセラー/かおり（@kaori_konkatsu）,https://www.tiktok.com/@kaori_konkatsu,439,5,697;672;538;1272;823;582;983;440;493,672,1.531,2026-09-30,2026-10-03,tt.py / ttv.py 代表3本 / https://www.tiktok.com/@kaori_konkatsu,不明（stickersOnItem空）。説明文は「【結婚するならどっち？】A or B？」固定見出し,その他,キャプション「【結婚するならどっち？】コメントで教えてー！」（推定）,不明,人,あり,18,3,なし,BGM,その他/不明,推定（説明文）,4genre:tiktok-konkatsu-grow,商品の見せ方: 動画は二択クイズ。プロフィールで婚活サロンラポルテ案内
TikTok,婚活,伸びてる,数値確認,主題,yoheiinoue8,ブルースターウェディング　井上陽平（@yoheiinoue8）,https://www.tiktok.com/@yoheiinoue8,18,7,99;118;111;195;169;161;333;124;194;184,165,9.167,2026-10-02,2026-10-03,tt.py / ttv.py 代表3本 / https://www.tiktok.com/@yoheiinoue8,あり（「トレーナー YOHEI!!」）。他本はstickersOnItem空。説明文「マッチングアプリ、もう消耗していませんか？」,B買う前の悩み・不一致,キャプション「マッチングアプリ、もう消耗していませんか？」（推定）,あり,人,あり,23,5,なし,オリジナル,比較・ランキング,確認済,4genre:tiktok-konkatsu-grow,商品の見せ方: 自営相談所ブルースターウェディングの成婚率・ランキングをキャプションで提示
TikTok,婚活,伸びてる,数値確認,主題,mineo_shinichi,結婚相談所ハッピーカムカム⭐️時短婚活（@mineo_shinichi）,https://www.tiktok.com/@mineo_shinichi,6772,10,314;7382;3001;2084;3910;2327;17500;1948;101500;5867,3456,0.51,2026-10-03,2026-10-03,tt.py / ttv.py 代表3本 / https://www.tiktok.com/@mineo_shinichi,不明（stickersOnItem空）。説明文は短い主張見出し「優しい男性は損してる説」「結婚条件に顔は必須です」,その他,キャプション「優しい男性は損してる説」「結婚条件に顔は必須です」（推定）,不明,人,あり,52,0,なし,オリジナル,その他/不明,推定（説明文）,4genre:tiktok-konkatsu-grow,商品の見せ方: 自営相談所をプロフィール・過去投稿で案内。動画は婚活論
TikTok,婚活,伸びてる,数値確認,主題,fukuko333,成田の結婚相談所ホワイトローズ（@fukuko333）,https://www.tiktok.com/@fukuko333,1053,9,546;537;307;391;797;159;393;302;197;363,377,0.358,2026-10-03,2026-10-03,tt.py / ttv.py 代表2本取得（1本空応答） / https://www.tiktok.com/@fukuko333,不明（stickersOnItem空）。説明文「結婚相談所では割り勘なしですね。」「お見合い中の男性の視線がヤバすぎた！」,その他,キャプション「結婚相談所では割り勘なしですね。」（推定）,あり,人,あり,80,5,なし,オリジナル,その他/不明,推定（説明文）,4genre:tiktok-konkatsu-grow,商品の見せ方: 自営ホワイトローズと電子書籍を案内
TikTok,婚活,伸びてる,数値確認,主題,aikul_1,結婚相談所アイクル（@aikul_1）,https://www.tiktok.com/@aikul_1,2456,5,948;1188;649;36000;3602;13200;66600;1111;1704,1704,0.694,2026-10-02,2026-10-03,tt.py / ttv.py 代表3本 / https://www.tiktok.com/@aikul_1,不明（stickersOnItem空）。説明文「婚活でやりがちなNG行動しちゃってない？」「男性に求める結婚条件トップ5」,B買う前の悩み・不一致,キャプション「婚活でやりがちなNG行動しちゃってない？」（推定）,不明,人,あり,45,4,なし,オリジナル,その他/不明,推定（説明文）,4genre:tiktok-konkatsu-grow,商品の見せ方: プロフリンクでお相手候補診断。浜松の相談所案内
TikTok,婚活,伸びてる,数値確認,主題,_noko0912,のこ（@_noko0912）,https://www.tiktok.com/@_noko0912,17300,4,14700;3406;13800;6917;11300;3689;6888;289400,9108,0.527,2026-10-01,2026-10-03,tt.py / ttv.py 代表2本取得（1本空応答） / https://www.tiktok.com/@_noko0912,不明（stickersOnItem空）。説明文「ほんまにあり得なさすぎて嘘やと思われそう」体験談フック,その他,キャプション「ほんまにあり得なさすぎて嘘やと思われそう」（推定）,あり,人,あり,75.0,4,あり,オリジナル,その他/不明,推定（説明文）,4genre:tiktok-konkatsu-grow,商品の見せ方: タップルPR回あり。通常はマチアプ体験談
TikTok,婚活,伸びてる,数値確認,主題,aibou95,大阪結婚相談所aibou(あいぼう)（@aibou95）,https://www.tiktok.com/@aibou95,13,3,299;297;398;982;430;219,348,26.808,2026-10-02,2026-10-03,tt.py / ttv.py 代表3本 / https://www.tiktok.com/@aibou95,不明（stickersOnItem空）。説明文「恋愛で上手くいかない人の特徴」「良い人なんですけど相手を好きになれない。。」,B買う前の悩み・不一致,キャプション「恋愛で上手くいかない人の特徴」「良い人なんですけど相手を好きになれない。。」（推定）,あり,人,あり,93,5,なし,オリジナル,その他/不明,推定（説明文）,4genre:tiktok-konkatsu-grow,商品の見せ方: 自営相談所と出会いBARを案内
TikTok,婚活,伸びてる,数値確認,主題,yamasyo.konkatsu,やましょ｜婚活の判断軸（@yamasyo.konkatsu）,https://www.tiktok.com/@yamasyo.konkatsu,626,10,1111;1264;1173;1370;499;345;308;671;576;1530,891,1.423,2026-09-15,2026-10-03,tt.py+ttv.py+oembedサムネ / https://www.tiktok.com/@yamasyo.konkatsu,あり。「忙しい男性がコロッと落ちる／女性の共通点10選」（イラストカード。stickersOnItem空）,その他,1コマ目「忙しい男性がコロッと落ちる 女性の共通点10選」は特徴解説,なし,キャラ,あり,12,5,なし,BGM,その他/不明,確認済,4genre:tiktok-konkatsu-seed,商品の見せ方: プロフィールで結婚相談所・婚活アプリ横断の判断軸とブログ案内。1コマ目は商品名なし
TikTok,婚活,伸びてる,数値確認,主題,sc_bridal,婚活SCブライダル/滋賀で一番面倒見の良い結婚相談所（@sc_bridal）,https://www.tiktok.com/@sc_bridal,74,9,248;286;301;212;242;842;1311;112;189;298,267,3.608,2026-10-02,2026-10-03,tt.py+ttv.py+oembedサムネ / https://www.tiktok.com/@sc_bridal 。滋賀県南草津の個人相談所,あり。「アプリVS相談所／タイパ比較」（紫文字＋本人正面）。stickersOnItem空,その他,1コマ目「アプリVS相談所 タイパ比較」。キャプション「アプリVS相談所！タイパ比較！」,あり,人,あり,68,5,なし,オリジナル,比較・ランキング,確認済,4genre:tiktok-konkatsu-seed,商品の見せ方: 自相談所とDM誘導。アプリ比較を語る
TikTok,婚活,伸びてる,数値確認,主題,pluskou,福岡の結婚相談所｜20代・30代・40代の婚活に強い（@pluskou）,https://www.tiktok.com/@pluskou,1189,3,710;294;305;809;114;305;573;876;944;305,439,0.369,2026-10-01,2026-10-03,tt.py+ttv.py+oembedサムネ / https://www.tiktok.com/@pluskou 。IBJ正規加盟の福岡個人相談所プラスKOU,なし（成婚事例写真。会員はハート隠し、カウンセラーは顔出しグッドサイン）。キャプション「ビビッとこなかった」,C後から見つける,キャプション「ビビッとこなかった」お相手が結婚相手になりました。結果から入る,あり,人,あり,6,5,なし,BGM,その他/不明,推定（説明文）,4genre:tiktok-konkatsu-seed,商品の見せ方: 自相談所プラスKOUの成婚事例・新規会員紹介
TikTok,婚活,伸びてる,数値確認,主題,irikura_marriageagency,入倉結婚相談所【公式】（@irikura_marriageagency）,https://www.tiktok.com/@irikura_marriageagency,146,8,174;144;112;115;302;114;161;169;145;199,153,1.048,2026-10-02,2026-10-03,tt.py+ttv.py+oembedサムネ / https://www.tiktok.com/@irikura_marriageagency 。山梨・長野の地域相談所（チェーン本部ではない）,あり。「10月1週目／山梨恋活コミュニティ／婚活イベント」（ポスター＋ストックカップル写真）,その他,1コマ目「山梨恋活コミュニティ 婚活イベント」。キャプション「今週末、甲府でどれに参加する？」,なし,人,あり,50,0,なし,オリジナル,その他/不明,確認済,4genre:tiktok-konkatsu-seed,商品の見せ方: 自相談所の恋活コミュニティ・イベント誘導。YouTubeへ続き
TikTok,婚活,伸びてる,数値確認,主題,primarrie.sawa,沢の婚活カフェ（@primarrie.sawa）,https://www.tiktok.com/@primarrie.sawa,34,11,12900;83;65;106;81;63;40;186;115;35;240;252,83,2.441,2026-10-02,2026-10-03,tt.py+ttv.py+oembedサムネ / https://www.tiktok.com/@primarrie.sawa 。鹿児島のオンライン結婚相談所プリマリエ（個人）,あり（除外した広告クリエイティブ）「マッチングアプリ、もう疲れてない？」。通常本は「20代・30代 婚活応援キャンペーン」（帽子眼鏡の女性）,B買う前の悩み・不一致,広告本1コマ目「マッチングアプリ、もう疲れてない？」。通常本キャプション「お見合い、楽しく話せたのに…なぜお断り？」,あり,人,あり,35.0,5,なし,オリジナル,その他/不明,確認済,4genre:tiktok-konkatsu-seed,商品の見せ方: LINE・全国オンライン相談所プリマリエへ誘導
TikTok,婚活,伸びてる,数値確認,主題,imee.bridal,i:mee Bridal Partner+（@imee.bridal）,https://www.tiktok.com/@imee.bridal,7,9,783;251;205;748;165;802;772;323;373;304,348,49.714,2026-10-02,2026-10-03,tt.py+ttv.py+oembedサムネ / https://www.tiktok.com/@imee.bridal 。TMS連盟・世田谷区喜多見の個人相談所,あり。「恋愛心理学②／好きな人との距離を縮める心理テクニック」（風鈴の風景。顔なし）,その他,1コマ目「恋愛心理学② 好きな人との距離を縮める心理テクニック」,なし,不明,あり,41,5,なし,BGM,その他/不明,確認済,4genre:tiktok-konkatsu-seed,商品の見せ方: 自相談所imee Bridal Partner+案内。アプリ画面なし
TikTok,婚活,伸びてる,数値確認,主題,fussa_nakodo,福生の仲人（@fussa_nakodo）,https://www.tiktok.com/@fussa_nakodo,387,10,94;407;346;131;309;300;189;166;98;103,178,0.459,2026-10-03,2026-10-03,tt.py+ttv.py+oembedサムネ / https://www.tiktok.com/@fussa_nakodo 。IBJ加盟アオキマリッジサポートオフィス（福生の個人仲人）,あり。「明治時代の息吹を感じる／石川酒造を歩く」（本人顔出し自撮り）。別本「オヤジダンサーズ登場」,その他,1コマ目「明治時代の息吹を感じる 石川酒造を歩く」。キャプションも同見出しのイベント告知,あり,人,あり,21,4,なし,オリジナル,その他/不明,確認済,4genre:tiktok-konkatsu-seed,商品の見せ方: 自相談所の街さんぽ・ラジオ番組誘導
TikTok,婚活,伸びてる,数値確認,主題,hosoyu_konkatu,ほそゆう@結婚相談所ウェルスマ（@hosoyu_konkatu）,https://www.tiktok.com/@hosoyu_konkatu,268,0,398;315;346;314;312;284;156;302;126,312,1.164,2026-09-08,2026-10-03,tt.py+ttv.py+oembedサムネ / https://www.tiktok.com/@hosoyu_konkatu 。IBJ加盟オンライン仲人型・個人経営ウェルスマ,あり。「年下女性を希望するなら男性側に何が必要ですか?」＋ウェルスマロゴ。本人スーツ顔出し,その他,1コマ目「年下女性を希望するなら男性側に何が必要ですか?」。キャプションも同見出し,あり,人,あり,58,0,なし,オリジナル,価格表示,確認済,4genre:tiktok-konkatsu-seed,"商品の見せ方: 自相談所ウェルスマ（月会費11,800円〜）とYouTube誘導"
TikTok,婚活,伸び悩み,数値確認,主題,follipartner0,婚活のプロ集団　結婚相談所フォリパートナー（@follipartner0）,https://www.tiktok.com/@follipartner0,10500,4,823;877;115;144,484,0.046,2026-10-01,2026-10-03,tt.py+ttv.py+oembedサムネ / https://www.tiktok.com/@follipartner0 。東京・横浜の独立系IBJ加盟（チェーン本部ではない）,あり。「僕、実家暮らしなんですけど そんなに」（AI風ストック男女の面談）。別本「今日は駅から近いお店を選んでみました」「よーし、今日は前向きに婚活するぞ！」,B買う前の悩み・不一致,キャプション「実家暮らしだから婚活で不利かも…」。1コマ目「僕、実家暮らしなんですけど」,なし,キャラ,不明,100.0,0,なし,オリジナル,その他/不明,確認済,4genre:tiktok-konkatsu-seed,商品の見せ方: 自相談所フォリパートナーへ誘導。アプリ画面なし
YouTube,美容スキンケア,伸び悩み,数値確認,主題,150cmREMI,150cmのれみ (@150cmREMI),https://www.youtube.com/@150cmREMI,2360,15,246;240;1178;299;1077;180;1096;237;285;1142;231;1205;241;195;239,266,0.113,2026-10-01,2026-10-03,yt-dlp @150cmREMI/shorts + RSS channel_id=UCFpOsF4Bl_dwFmxFBn7IrJg + 個別-J 8本（cookieなし）。サムネ実見,有：白文字「ツヤ肌を目指したい人に 最近のおすすめです」（ONEOHOH PDRNボトル掲げ）,A商品名紹介,タイトルが「#ONEOHOH #PDRN」「#ネイチャーリパブリック #ブラックPDRN」と商品名ハッシュから入る。1コマ目もボトル掲げ「最近のおすすめです」,あり,人,あり,34,10,あり,不明,その他/不明,推定（説明文）,4genre:youtube-beauty-stuck,商品の見せ方: ボトル・シートマスクを手に持って見せる。韓国スキンケア提供品が中心
YouTube,見守りカメラ,伸びてる,数値確認,主題,gintokohaku,ねこふぁ（@gintokohaku）,https://www.youtube.com/@gintokohaku,192,9,1000;1600;1300;1100;1300;1300;1000;1100;1200;1600,1250,6.51,2026-10-02,2026-10-03,"yt-dlp @gintokohaku/shorts（fol=192, id=UC7d_BunMUMLq3H0_kO5yoYA）+ RSS + innertube player 3本 + サムネ実見。cookieなし",有：1コマ目に「窓辺に集うにゃんズ」「ドッキリ ねこvsねこ」「ぽっちゃりねこのパルクール！」（hqdefault実見）,その他,1コマ目「窓辺に集うにゃんズ」。タイトルも猫の日常観察。商品名から入らない,なし,動物,あり,57,3,なし,ナレ,その他/不明,推定（説明文）,4genre:youtube-dogcam,商品の見せ方: 留守番・真夜中・室内の猫をペットカメラ映像として出す。機種名はタイトルになし
YouTube,見守りカメラ,伸びてる,数値確認,主題,kisten1,猫に無関心だったアラ還一人暮らしの元公務員が保護猫2匹と暮らす（@kisten1）,https://www.youtube.com/@kisten1,391,15,1400;1300;2800;1400,1400,3.581,2026-10-03,2026-10-03,"yt-dlp @kisten1/shorts（fol=391, id=UC65adH2l2aZLovp9NEENTJA）+ RSS + サムネ実見 + innertube player（長尺のみ）。cookieなし",有：赤文字「ほらな。」「大ジャンプ」「尻嗅ぎ攻撃」「パコ」（hqdefault実見）,その他,1コマ目「ほらな。」「大ジャンプ」。タイトルは猫の攻防観察。商品名から入らない,なし,動物,あり,534,4,なし,不明,その他/不明,推定（説明文）,4genre:youtube-dogcam,商品の見せ方: 留守番・室内の黒猫2匹をペットカメラ複数台で撮る。機種名はタイトルになし
YouTube,見守りカメラ,伸びてる,数値確認,主題,ropkiki0423,ロップイヤーのキキくん（@ropkiki0423）,https://www.youtube.com/@ropkiki0423,899,15,893;823;949;67;1000;920;56;882;1100;1000,906,1.008,2026-10-02,2026-10-03,"yt-dlp @ropkiki0423/shorts（fol=899, id=UCsJQMLF94PdyWluwWK0kXgQ）+ RSS + innertube player 3本 + サムネ実見。cookieなし",無（帰宅・あいさつ回）。有：お留守番回はSwitchBotアプリUI（日付2026-10-02・午前10:42:29。hqdefault実見）。投稿者テロップはなし,その他,お留守番回の1コマ目はSwitchBot画面。タイトル「昼のお留守番キュートイケメン…留守中ごはん」。商品紹介から入らない,なし,動物,あり,39,5,なし,ナレ,その他/不明,推定（説明文）,4genre:youtube-dogcam,商品の見せ方: SwitchBot見守りカメラのタイムライン映像で留守中のうさぎを見せる。タイトルに#switchbot
YouTube,見守りカメラ,伸びてる,数値確認,主題,miku5975,🐰うさぎのm i k u のおもちゃ箱（@miku5975）,https://www.youtube.com/@miku5975,719,14,319;162;2300;1500;1700;1700;1400;1300;2000;1600,1550,2.156,2026-10-03,2026-10-03,"yt-dlp @miku5975/shorts（fol=719, id=UC54AIWwlXCWhCnYREYdKk6g）+ RSS + innertube player 5本 + サムネ実見（SwitchBot UI）。cookieなし",有：白文字「#今日のミク」「9月24日」。サムネ外周にSwitchBotアプリ画面と日付2026-09-24 05:18:42（hqdefault実見）。病院回は「病院行ってきました」,その他,1コマ目「#今日のミク」。タイトルも日付ログ。商品名から入らない,なし,動物,あり,40,3,なし,不明,その他/不明,推定（説明文）,4genre:youtube-dogcam,商品の見せ方: SwitchBot見守りカメラのタイムライン映像で在宅・夜間のうさぎを見せる。タイトルに#ペットカメラ。機種名はサムネの
YouTube,婚活,伸びてる,数値確認,主題,ichiko_konkatu,婚活から、12年。,https://www.youtube.com/@ichiko_konkatu,9,8,1214;481;199;495;23;90;22;1155,340,37.778,2026-09-30,2026-10-03,yt-dlp @ichiko_konkatu/shorts + 個別-J 10本（cookieなし）。サムネ実見。channel_id=UCnsEpMSCXrw_4VxTnvKcjEA,あり。「1人の時間を欲しがらない夫／その12年後」（AI風イラスト）,C後から見つける,1コマ目「その12年後」。タイトルもタグ列で結果側,なし,キャラ,不明,28,5,なし,不明,なし/未確認,推定（説明文）,4genre:youtube-konkatsu-seed,商品の見せ方: 商品なし。結婚相談所で結婚したその後の話
YouTube,婚活,伸びてる,数値確認,主題,働く人の結婚戦略室,【働く人の結婚相談・婚活】 婚活ゑべすチャンネル,https://www.youtube.com/@働く人の結婚戦略室,82,10,621;78;358;76;353;226;199;263;1001;286,274,3.348,2026-10-02,2026-10-03,yt-dlp @働く人の結婚戦略室/shorts + 個別-J 10本（cookieなし）。サムネ実見。説明に結婚相談所I VISION（個人相談所）,あり。「自立した女性は結婚できない？ 婚活でつまずく理由」（AIイラスト＋吹き出し）,B買う前の悩み・不一致,1コマ目「自立した女性は結婚できない？」は悩み・不一致から,なし,キャラ,不明,76,8,なし,不明,その他/不明,推定（説明文）,4genre:youtube-konkatsu-seed,商品の見せ方: 1コマ目は商品名なし。説明に相談所サイトとLINE
YouTube,婚活,伸びてる,数値確認,主題,brightveil_gotochin,婚活ごとちゃんねる,https://www.youtube.com/@brightveil_gotochin,3920,10,700;1400;376;1200;1400;1500;1400;1300;1100;1300,1300,0.332,2026-10-03,2026-10-03,"yt-dlp @brightveil_gotochin/shorts（channel_id=UCzwPfkcT_k2ArJB7WpejZvg）+ 個別-J 最新1本（v=700, dur=57, foll=3920）+ RSS。cookieなし。サムネ実見",あり。「【悲報】36歳婚活女性 アプリ男が音信不通になる理由」（漫画・赤黄黒見出し）,B買う前の悩み・不一致,1コマ目「アプリ男が音信不通になる理由」。タイトル「音信不通になる本当の理由」は使う前の悩み・不一致,なし,キャラ,あり,57,3,なし,不明,その他/不明,推定（説明文）,4genre:youtube-konkatsu-seed,商品の見せ方: 1コマ目は商品名なし。説明でカウンセラー解説。ブライトベールは個人相談所
YouTube,婚活,伸びてる,数値確認,主題,matchappsaki,マッチングアプリ専門家さき,https://www.youtube.com/@matchappsaki,50800,10,7071;13000;7300;19000;16000;20000;11000;27000;20000;29000,17500,0.344,2026-10-03,2026-10-03,"yt-dlp @matchappsaki/shorts + 個別-J 最新1本（v=7071, like=36, dur=56, foll=50800）+ RSS。cookieなし。サムネ実見",あり。中央「マッチョ男性 婚活市場で 実は貴重な存在」＋右上ヒトオシQR,その他,1コマ目「マッチョ男性 婚活市場で実は貴重な存在」は解説フック。タイトルも同趣旨,あり,人,あり,56,4,なし,ナレ,その他/不明,推定（説明文）,4genre:youtube-konkatsu-seed,商品の見せ方: 画面端にヒトオシQR・ロゴ固定、説明文で誘導
YouTube,婚活,伸びてる,数値確認,主題,talk_After-8pm,あにょいの婚活戦略ch,https://www.youtube.com/@talk_After-8pm,1430,10,1363;1100;1400;1100;102;1400;1600;1300;1100;1000,1200,0.839,2026-09-30,2026-10-03,"yt-dlp @talk_After-8pm/shorts + 個別-J 最新1本（v=1363, like=16, dur=55, foll=1430）+ RSS。cookieなし。サムネ実見",あり。白枠「婚活で『好かれる質問』『嫌われる質問』」,その他,1コマ目「婚活で好かれる質問／嫌われる質問」は解説対比。タイトル「婚活で好印象を与える質問の仕方とは？」も解説,あり,人,不明,55,9,なし,ナレ,その他/不明,推定（説明文）,4genre:youtube-konkatsu-seed,商品の見せ方: 説明文で相談所HP・説明会。1コマ目はサービス名なし
YouTube,婚活,伸びてる,数値確認,主題,De-uy9nh,DearBrideTokyoの楽しんDe婚活チャンネル,https://www.youtube.com/@De-uy9nh,7380,8,4541;32000;24000;15558;5400;20000;34000;38000,22000,2.981,2026-10-01,2026-10-03,"yt-dlp channel_id=UC9MCWyfq1Q2eMezYxr9M6vg/shorts + 個別-J 2本（Ye1RYcAA78k v=4541 dur=62; rPCvBSbAiPQ v=15558 dur=125, foll=7380）+ RSS。cookieなし。サムネ実見。東京アパレル企業運営の単店相談所（チェーン本部ではない）",あり。黄帯「お会計での男女の本音」＋紫「ちゃんとしててよかったです」,その他,1コマ目「お会計での男女の本音」はあるある解説。タイトル「デートの会計　男の勘違い」も同趣旨,あり,人,不明,125,5,なし,ナレ,その他/不明,推定（説明文）,4genre:youtube-konkatsu-seed,商品の見せ方: 1コマ目は商品名なし。チャンネル自体が相談所発信
YouTube,婚活,伸びてる,数値確認,主題,konkatu-whiterose,【婚活チャンネル】結婚相談所ホワイトローズ,https://www.youtube.com/@konkatu-whiterose,1060,6,261;415;1100;1200;1100;271;985,985,0.929,2026-10-02,2026-10-03,"yt-dlp @konkatu-whiterose/shorts + 個別-J 最新1本（v=261, like=2, dur=95, foll=1060）+ RSS。cookieなし。サムネ実見。成田市の個人相談所",あり。黄黒「婚活男子へ 割り勘なし！」,B買う前の悩み・不一致,1コマ目「割り勘なし！」はデート会計の不満・不一致から,あり,人,あり,95,3,なし,ナレ,その他/不明,推定（説明文）,4genre:youtube-konkatsu-seed,商品の見せ方: 1コマ目は商品名なし。相談所チャンネル
YouTube,婚活,伸びてる,数値確認,主題,saitankon_mishima,【最短婚】細かすぎる婚活初心者アドバイスチャンネル,https://www.youtube.com/@saitankon_mishima,2460,4,16;174;1100;1500;1100;1600,1100,0.447,2026-10-01,2026-10-03,"yt-dlp @saitankon_mishima/shorts + 個別-J 最新1本（v=16, dur=60, foll=2460）+ RSS。cookieなし。サムネ実見（直近本「気遣い完璧女子vs自然体女子」）",あり。「気遣い完璧女子 vs 自然体女子」「どちらを選びますか？」（ganmiロゴ）,その他,1コマ目「気遣い完璧女子 vs 自然体女子」は二択解説。最新タイトル「婚前交渉禁止なのにSEXしようとは？」は不一致（B、推定）,あり,人,不明,60,6,なし,ナレ,その他/不明,推定（説明文）,4genre:youtube-konkatsu-seed,商品の見せ方: 画面上にganmiロゴ。1コマ目はサービス説明なし
YouTube,婚活,伸びてる,数値確認,主題,presia_01,来島美幸の婚活チャンネル,https://www.youtube.com/@presia_01,173000,8,2629;23000;25000;32000;25000;27000;35000;30000,26000,0.15,2026-10-03,2026-10-03,"yt-dlp @presia_01/shorts + 個別-J 最新1本（v=2629, like=62, dur=90, foll=173000）+ RSS。cookieなし。サムネ実見。広島の個人カウンセラー（チェーン本部ではない）",あり。字幕「作っていきたいので」（実見した直近サムネ）。タイトルは「男が本命女性にだけする行動5選」,その他,タイトル「男が本命女性にだけする行動5選」は解説リスト。1コマ目字幕「作っていきたいので」はセリフ切り,あり,人,不明,90,12,なし,ナレ,その他/不明,推定（説明文）,4genre:youtube-konkatsu-seed,商品の見せ方: 説明文で相談所LINE誘導。1コマ目は商品名なし
YouTube,婚活,伸びてる,数値確認,主題,saburo_konkatsu,【38歳男の婚活】自分の「こだわり」と戦う失敗日記。,https://www.youtube.com/@saburo_konkatsu,217,8,1257;197;1400;79;1400;927;815;1100,1178,5.431,2026-10-02,2026-10-03,"yt-dlp @saburo_konkatsu/shorts + 個別-J 最新1本（v=1257, like=4, dur=41, foll=217）+ RSS。cookieなし。サムネ実見。個人の相談所体験日記",あり。イラスト男性＋赤文字「……って偉そうに言ったけど これ全部自分に刺さる」,B買う前の悩み・不一致,1コマ目「偉そうに言ったけど全部自分に刺さる」。タイトル「仮交際のお断り理由」は不一致・失敗から,なし,キャラ,不明,41,5,なし,ナレ,なし/未確認,推定（説明文）,4genre:youtube-konkatsu-seed,商品の見せ方: 商品なし。個人の仮交際日記
YouTube,婚活,伸びてる,数値確認,主題,マッチング馬場チャンネル,マッチング馬場チャンネル,https://www.youtube.com/@マッチング馬場チャンネル,42900,2,42300;29066;36910;61796;58065;80412;65567,58065,1.353,2026-09-13,2026-10-03,yt-dlp shorts一覧+個別-J 7本。cookieなし,有：白文字「マッチングデート」（サムネ実見）,その他,1コマ目「マッチングデート」。タイトル「マッチングアプリの女に会う為に新幹線で2時間半かける男の1日」は日常密着,あり,人,不明,54,1,なし,不明,なし/未確認,推定（説明文）,4genre:youtube-konkatsu,商品の見せ方: アプリ名はテロップ「マッチングデート」程度。特定アプリ画面はサムネ未確認
YouTube,婚活,伸びてる,数値確認,主題,yoshida-handmaid,ヨシダコン【人生コンティニュー】,https://www.youtube.com/@yoshida-handmaid,39200,2,6349;18252;65392;24028;46856;86967,35442,0.904,2026-10-02,2026-10-03,yt-dlp shorts+個別-J 直近6本。3本目は2026-08-01で60日境界直前だが直近数本に含める,有：黄「マチアプで顔見て帰られた結果」赤「ぼっちで水族館ww」（サムネ実見）,C後から見つける,1コマ目「マチアプで顔見て帰られた結果／ぼっちで水族館ww」は結果から入る,不明,人,不明,71.0,1,なし,不明,その他/不明,推定（説明文）,4genre:youtube-konkatsu,商品の見せ方: マチアプ体験をテロップで提示
YouTube,婚活,伸びてる,数値確認,主題,77minch,ななみんの裏アカウント,https://www.youtube.com/@77minch,3720,0,3616;5672;5036;7017;8837;5418,5545,1.491,2026-08-31,2026-10-03,yt-dlp @77minch/shorts + 個別-J 6本。60日内投稿あり,有：白「バチェラーデートで2回会った男性に対して」（サムネ実見、顔ぼかし）,その他,1コマ目「バチェラーデートで2回会った男性に対して」は体験導入,あり,人,不明,110,2,なし,不明,その他/不明,推定（説明文）,4genre:youtube-konkatsu,商品の見せ方: バチェラーデート体験をテロップ提示
YouTube,婚活,伸びてる,数値確認,主題,婚活初心者向けアドバイス,【婚活応援】初心者向けアドバイス,https://www.youtube.com/@婚活初心者向けアドバイス,889,2,114;1128;1379;1150;1365,1150,1.294,2026-09-08,2026-10-03,yt-dlp shorts+個別-J。60日内は5本確認,有：帯「自分を責める言葉をやめる」（サムネ実見）,B買う前の悩み・不一致,1コマ目「自分を責める言葉をやめる」。タイトル「なんで私選べないのか不安」は悩みから,あり,人,不明,72,3,なし,ナレ,なし/未確認,推定（説明文）,4genre:youtube-konkatsu,商品の見せ方: 1コマ目は商品なし。滋賀の個人相談
YouTube,婚活,伸びてる,数値確認,主題,konkatsu-lets,婚活レッツ・30代40代50代のミドルエイジ専門の結婚相談所,https://www.youtube.com/@konkatsu-lets,2450,8,25;774;224;2150;1793;2224;2110;1516,1654,0.675,2026-10-01,2026-10-03,yt-dlp shorts+個別-J 8本。尺180秒・Shortsタブ掲載,無（顔出しトーク、1コマ目に大きな文字なし。サムネ実見）,B買う前の悩み・不一致,タイトル「婚活女性が大嫌いなものの一つが、男性のプライド」は不満・不一致。1コマ目は顔出しトーク,あり,人,不明,180,2,なし,ナレ,その他/不明,推定（説明文）,4genre:youtube-konkatsu,商品の見せ方: 1コマ目は商品名なし。ミドルエイジ専門相談所
TikTok,見守りカメラ,伸びてる,数値確認,参考（見守りカメラ要素は未確認）,junjun_ranran,ジュンジュンとランラン,https://www.tiktok.com/@junjun_ranran,9906,3,12900;393400;73500;159300;83600;266000;163500;50200;42600,121450,12.26,2026-10-03,2026-10-03,tt.py+ttv.py+oembedサムネ / https://www.tiktok.com/@junjun_ranran,なし（動画ページの画面上テキスト空、サムネも文字なし。透かし@junjun_ranranのみ）,その他,キャプションは「居留守」「停電」「また、明日」など一言のストーリー題,あり,動物,あり,54,6,なし,オリジナル,なし/未確認,確認済,user-reference,"ユーザー参考アカウント。猫2匹（シロ猫ランラン・キジ白ジュンジュン）＋飼い主リン（サムネで顔出し確認）。シネマティックな高画質・暗めの映像、ストーリー仕立て。音源は原声（オリジナル）。isAd=null、#PRなし。尺33/37/71/127秒（見た4本）。総動画13本、直近60日embed6本・30日3本。直近60日中央値121,450（対フォロワー1,226%）。プロフィール言語設定はzh（キャプションは日本語）。ユーザー指定で見守りカメラの参考アカウントとして扱う。ただし見た範囲（キャプション・サムネ4枚）ではペットカメラ映像・カメラ機種の言及は確認できず、シネマティックな手持ち/固定撮影の猫日常に見える（「居留守」「停電」回は留守中・室内カメラ映像の可能性はあるが未確認）"
TikTok,婚活,伸びてる,数値確認,主題,yako.shiawasekon,紫藤乃やこ｜婚活・恋愛サポート,https://www.tiktok.com/@yako.shiawasekon,617,9,56600;50300;5632;3809;177100;12000;79600;4473;39600,39600,64.182,2026-10-03,2026-10-03,tt.py+ttv.py+oembedサムネ / https://www.tiktok.com/@yako.shiawasekon,あり（サムネ/冒頭にドラマタイトル「ショートドラマ 安心は、恋じゃないと思ってた」「わたしを変えたのは、あなた Season3」「友達から恋人になる瞬間」＋右上に「紫藤乃やこ 婚活サポート」。動画ページの画面上テキストは空）,その他,ドラマのタイトル（「安心は、恋じゃないと思ってた」）から入る恋愛ショートドラマ,なし,キャラ,あり,114,4,なし,オリジナル,なし/未確認,確認済,user-reference,"ユーザー参考アカウント。AI生成の恋愛ショートドラマ（プロフィール「AIショートドラマ発信中」）。本人顔出しなし、登場人物はAI生成の男女。サムネに固定デザインのドラマタイトル帯＋シリーズ（Season3）。キャプションは #恋愛ドラマ #恋愛 #婚活 #婚活相談 の固定4タグ（一部は長文の詩的キャプション）。音はオリジナル楽曲（1本は「エモいピアノソロ感動系」BGM）。尺58〜179秒（見た4本）。isAd=null、#PRなし。プロフィールで「相性無料診断」へ誘導（婚活・恋愛サポート業）。総動画44本、embed直近30日9本（ほぼ毎日）。再生は3,809〜177,100と振れ幅大。フォロワー617に対し中央値39,600"
TikTok,美容スキンケア,参考（区分外）,数値確認,主題,the.care.logic,The Care Logic,https://www.tiktok.com/@the.care.logic,25900,10,755;1314;650;1900;673;811;675;2385;2889;18200;1400000;284800;186500,1314,0.051,2026-10-03,2026-10-03,tt.py+ttv.py+oembedサムネ / https://www.tiktok.com/@the.care.logic,なし（画面上テキスト空。サムネはAI生成3Dキャラの絵、シリーズ回は「MISS FRUIT UNIVERSE : EPISODE 4」のタイトル文字）,その他,キャラが登場するストーリー/シリーズ（成分・果物・臓器の擬人化）から入る。キャプションはハッシュタグのみ,なし,キャラ,あり,29,4,なし,オリジナル,なし/未確認,確認済,user-reference,"ユーザー参考アカウント。ミャンマー語のスキンケア解説（日本語圏外のため本来の対象外、参考として収録）。AI生成の3Dキャラ（ピクサー風）で成分・果物・肌悩み・臓器を擬人化して解説、シリーズ物あり。プロフィール「AI Creation & Ads 受付」。尺28〜30秒（見た2本）、original sound、isAd=null、#PRなし。キャプションは #tiktokmyanmar #fyp #viral #creatorsearchinsights のみ。直近60日embed11本の中央値1,314（対フォロワー5%）→伸びてる基準（1万以上or30%以上）にも伸び悩み基準（500未満）にも当たらず区分外。8/24のバズ回140万再生、6月に28万・18万再生があるが直近は1,000前後。総動画83本"
TikTok,ドッグフード,参考（区分外・投稿停止）,数値確認,参考（AIで犬が食べ物を食べる動画。実際のドッグフード紹介ではない）,nuts0629,PinoNuts,https://www.tiktok.com/@nuts0629,3695,0,1468;173600;1677;2232;1115;6721;1387;1642;2636;664,1660,0.449,2026-01-31,2026-10-03,"tt.py+yt-dlp(flat, 80本)+oembedサムネ / https://www.tiktok.com/@nuts0629",不明（画面上テキスト未取得。サムネはAI生成の犬の絵で文字なし）,その他,「おいもナッツ、本能寺の変を踊る…！」「今日も元気にお芋さん食べてます」など語りかけ型キャプション,なし,動物,あり,30,5,なし,不明,なし/未確認,推定（説明文）,user-reference,"ユーザー参考アカウント（ドッグフード）。飼い犬（チワワ/チワプー）をAI（Kling AI・Sora2・NanoBanana等）で動画化。食べ物を食べるAI動画（お芋13,400再生、咀嚼音ASMRシリーズ7,570再生、チーズグラタンの絵）、ダンス（本能寺の変173,600再生）、季節イベント、LINEスタンプ告知。直近80本中37本に#AI等。尺9〜45秒、キャプションは絵文字多めの語りかけ＋プロンプト提供者メンション、#PRなし。最終投稿2026-01-31で投稿停止のため伸びてる/伸び悩みの定義外（区分外）。直近10本中央値1,660（対フォロワー45%）、80本（2025-09-05〜）全体中央値1,538。実際のドッグフード商品の紹介は見た範囲になし"
