platform,handle,video_url,date,views,likes,duration,caption_head,sound
YouTube,EGA.channel,https://www.youtube.com/shorts/VndgHhdvGoY,2026-09-28,452000,,40,汚い肌を見せている訳ではない。笑,
YouTube,EGA.channel,https://www.youtube.com/shorts/rs1SJSuOL-I,,636000,,,[Evolution] Why all azelaic acid serums ,
YouTube,EGA.channel,https://www.youtube.com/shorts/sLW4ca3KGw0,,544000,,,One of these hints is true.,
YouTube,EGA.channel,https://www.youtube.com/shorts/Q3p5gHm1Kwo,,786000,,,Honest Must-Haves for the Mega Sale #Sho,
YouTube,EGA.channel,https://www.youtube.com/shorts/LuekXTyqWIw,,701000,,,[Honest Review] Which Mega-Wari Beauty B,
YouTube,EGA.channel,https://www.youtube.com/shorts/90JGwLYuK2E,,714000,,,[Experiment] Extracting Cosmetic Ingredi,
YouTube,EGA.channel,https://www.youtube.com/shorts/bPQaNI9ffzQ,,535000,,,[Summer Skin Brightening Guide] Recommen,
YouTube,EGA.channel,https://www.youtube.com/shorts/BCDCKiY96g0,,407000,,,[My Room] A video of me just setting up ,
YouTube,EGA.channel,https://www.youtube.com/shorts/_HxgE8y4He8,,1000000,,,These are all products I genuinely use a,
YouTube,EGA.channel,https://www.youtube.com/shorts/ombx7UqDP2s,,606000,,,[Historic Low Price] The Mega Sale is st,
YouTube,BMYuya,https://www.youtube.com/shorts/ZIgXp7PM0cY,2026-09-28,54000,,89,[Honest Review] Toujours' Barrier Shot L,
YouTube,BMYuya,https://www.youtube.com/shorts/QrRlW8RBH1U,,11000,,,【My Go-To Skincare】Must-Have Skincare fo,
YouTube,BMYuya,https://www.youtube.com/shorts/EVf7mQFFnVw,,78000,,,[God-Tier Affordable Skincare] Recommend,
YouTube,BMYuya,https://www.youtube.com/shorts/epDQSD7IzBA,,184000,,,[Honest Review of My Results] I Put the ,
YouTube,BMYuya,https://www.youtube.com/shorts/iT6pclYDKxQ,,15000,,,【Truly Worth Repeating】Calling all those,
YouTube,BMYuya,https://www.youtube.com/shorts/hn7VS1wGAJo,,689000,,,[6-Month Test] The Results of Using Bior,
YouTube,BMYuya,https://www.youtube.com/shorts/YNp8_Ivx8Js,,110000,,,[Honest Review] The viral Dermaid glycer,
YouTube,BMYuya,https://www.youtube.com/shorts/xrYMEZVB7BQ,,165000,,,[Honest Review] Top 5 Drugstore Toners I,
YouTube,BMYuya,https://www.youtube.com/shorts/egi5doc_m1c,,385000,,,[Stop Doing This or Your Skin Will Break,
YouTube,BMYuya,https://www.youtube.com/shorts/tpyeXkVDDO8,2026-08-05,228000,,72,[Honest Review] Testing the Popular Mats,
YouTube,shushu_223_,https://www.youtube.com/shorts/hmdevzRbEro,2026-10-01,5500,,63,Use This Before Your Serum! The Cleansin,
YouTube,shushu_223_,https://www.youtube.com/shorts/6rPRFevYiKE,,37000,,,Organizing My Massive Makeup Collection:,
YouTube,shushu_223_,https://www.youtube.com/shorts/JGgh0lu_CdQ,,46000,,,Beauty Guru's New Home Tour! Sharing My ,
YouTube,shushu_223_,https://www.youtube.com/shorts/xebIHy_hf8A,,14000,,,I Infiltrated the Factory of That Famous,
YouTube,shushu_223_,https://www.youtube.com/shorts/1Xl-54mFR4U,,149000,,,[Warning for your 30s] That pore isn't j,
YouTube,shushu_223_,https://www.youtube.com/shorts/iC2oeMVpNjM,,429000,,,[2-Month Test] Do Whitening Serums Actua,
YouTube,shushu_223_,https://www.youtube.com/shorts/SZlfwIVN68k,,233000,,,[Shocking] 6 Months After Tanning Only H,
YouTube,shushu_223_,https://www.youtube.com/shorts/5Z-T8U84aX0,,165000,,,[Ultimate Guide] The Correct Skincare Ro,
YouTube,shushu_223_,https://www.youtube.com/shorts/V238xc52m8c,,197000,,,"[Ultimate Guide] Causes, Solutions, and ",
YouTube,shushu_223_,https://www.youtube.com/shorts/gxqDzaXdgM8,2026-08-30,124000,,127,Asking my husband for affordable whiteni,
YouTube,megumi_kanzaki,https://www.youtube.com/shorts/J7Qq9bDv8YA,2026-09-29,62000,,77,Apply your drugstore makeup with a brush,
YouTube,megumi_kanzaki,https://www.youtube.com/shorts/3pKO07aFrFM,,35000,,,How to Choose the Right Clothes? Tips fo,
YouTube,megumi_kanzaki,https://www.youtube.com/shorts/-5WY4eGyMn8,,74000,,,#10 Emotional Prescription 09/06/2026,
YouTube,megumi_kanzaki,https://www.youtube.com/shorts/on7b5BeQiFY,,77000,,,#9 Love Prescription 09/06/2026,
YouTube,megumi_kanzaki,https://www.youtube.com/shorts/2X2uOJaJyxY,,44000,,,シュワシュワ弾ける炭酸パック🫧 うるおい集中ケア✨でもっちり透明感のある美肌に,
YouTube,megumi_kanzaki,https://www.youtube.com/shorts/hRBOVEoOYuY,,78000,,,[Megumi Kanzaki’s Masterpiece Notebook📓],
YouTube,megumi_kanzaki,https://www.youtube.com/shorts/yZ_kGI-WAtA,,101000,,,[Megumi Kanzaki’s Notebook of Masterpiec,
YouTube,megumi_kanzaki,https://www.youtube.com/shorts/sM42Y2De9Ec,,199000,,,08/04/26 Best Cosmetics #17 Megumi Kanza,
YouTube,megumi_kanzaki,https://www.youtube.com/shorts/uXvOdp7ypx8,,43000,,,[Megumi Kanzaki's Best Cosmetics] A Clea,
YouTube,megumi_kanzaki,https://www.youtube.com/shorts/Kzy6JWOY9yI,,62000,,,【Megumi Kanzaki's Best Beauty Picks】 For,
YouTube,hyuk6509,https://www.youtube.com/shorts/nueBh_e3bxk,2026-09-29,22000,,79,Zero Skin Trouble This Fall! Top 3 Barri,
YouTube,hyuk6509,https://www.youtube.com/shorts/86HMOoIyUVM,,80000,,,The Final Blowout is Here!! Don't Miss O,
YouTube,hyuk6509,https://www.youtube.com/shorts/b6FYgfwFsS8,,16000,,,The Ultimate Guide to Choosing the Right,
YouTube,hyuk6509,https://www.youtube.com/shorts/3WrylUWKKKA,,69000,,,[Summer's Here!! It's Hot!!] Top 3 Brigh,
YouTube,hyuk6509,https://www.youtube.com/shorts/I7DDF17hHmw,,33000,,,Toner Pad Relatable Moments and Life Hac,
YouTube,hyuk6509,https://www.youtube.com/shorts/eCkahPjhWPY,,37000,,,Stop reviewing Korean skincare in a tank,
YouTube,hyuk6509,https://www.youtube.com/shorts/N4P3ax7hFJ8,,41000,,,[The Serum Overlord] Top 9 Best Beauty S,
YouTube,hyuk6509,https://www.youtube.com/shorts/yBxCIgBIvV4,,26000,,,[It wasn’t just hype] This is the skin-b,
YouTube,hyuk6509,https://www.youtube.com/shorts/qjM1JS5hLms,,27000,,,The Best of K-Beauty Skincare: First Hal,
YouTube,hyuk6509,https://www.youtube.com/shorts/qSkDil2QrHE,2026-07-01,199000,,80,[Fastest Honest Review] This New Retinal,
YouTube,kobatomo_skin_academy,https://www.youtube.com/shorts/PfoP0WbV-e0,2026-09-30,139000,,13,【どっち？】この爪、放置して大丈夫？,
YouTube,kobatomo_skin_academy,https://www.youtube.com/shorts/LSVDXJu4mtk,,2600,,,【皮膚科医が解説】肝斑にIPLはNG？,
YouTube,kobatomo_skin_academy,https://www.youtube.com/shorts/GAe8s1K9zPw,,62000,,,【これ覚えて】それぞれの肌トラブルにおすすめの成分はこれ！,
YouTube,kobatomo_skin_academy,https://www.youtube.com/shorts/sid7MaU05q8,,8800,,,【知ってた？】今人気のアゼライン酸の効果を高める7つのポイント,
YouTube,kobatomo_skin_academy,https://www.youtube.com/shorts/NWTyqx65Hps,,16000,,,【皮膚科専門医がジャッジ！】毛穴治療これ何点？,
YouTube,kobatomo_skin_academy,https://www.youtube.com/shorts/ZxmlSUNhudo,,20000,,,【皮膚科専門医が教える】レチナールとレチノールの効果の違い,
YouTube,kobatomo_skin_academy,https://www.youtube.com/shorts/nwig26sz3r8,,40000,,,【9割が知らない】金属アレルギー、これは盲点かも？,
YouTube,kobatomo_skin_academy,https://www.youtube.com/shorts/lh3cQbA40Xw,,66000,,,【皮膚科医が教える】粉瘤ができたらどうしたらいい？,
YouTube,kobatomo_skin_academy,https://www.youtube.com/shorts/oVG8nldtQq4,,3500000,,,【皮膚科医が解説】このできもの、悪性？良性？,
YouTube,kobatomo_skin_academy,https://www.youtube.com/shorts/dLOvgrFuGZE,,15000,,,【知ってた？】皮膚科でも重宝するサリチル酸はここがすごい！,
YouTube,smishow01,https://www.youtube.com/shorts/00JxBS8HkM8,2026-08-18,7400,,68,Our Once-a-Year End-of-Fiscal-Year Sale ,
YouTube,smishow01,https://www.youtube.com/shorts/yvvilZ3-Ues,,6300,,,Does the Way You Apply Sunscreen Affect ,
YouTube,smishow01,https://www.youtube.com/shorts/KR0iMERnVno,,4900,,,[Interview with an SPF Testing Lab] Does,
YouTube,smishow01,https://www.youtube.com/shorts/ahKvvoPmyUE,,5500,,,What Does an SPF Testing Company Think A,
YouTube,smishow01,https://www.youtube.com/shorts/oPDh4ee0Olw,,40000,,,"Decided: The ""Ultimate UV"" for 2026.",
YouTube,smishow01,https://www.youtube.com/shorts/3f2EENZ5WrQ,,71000,,,[100% THIS] The Best Sunscreen Gels Chos,
YouTube,smishow01,https://www.youtube.com/shorts/XMEMOJnb-nU,,31000,,,Ranking the Best Sweat-Resistant Sunscre,
YouTube,smishow01,https://www.youtube.com/shorts/djxETdSTeAI,,25000,,,I Tested to See if These Could Block 365,
YouTube,smishow01,https://www.youtube.com/shorts/D4hg34xUAMY,,261000,,,"Get your morning sunscreen, moisturizer,",
YouTube,smishow01,https://www.youtube.com/shorts/TLIQ33ZO4Zk,,321000,,,The cleansing oil I developed for dry sk,
YouTube,sakimegu_beauty,https://www.youtube.com/shorts/FjJJgkYDkmk,2026-09-17,21000,,61,【涙袋がない人必見】これだけで中顔面短縮!? プロ直伝の大人涙袋テクが目から鱗す,
YouTube,sakimegu_beauty,https://www.youtube.com/shorts/LHUYG-9ODlw,,28000,,,【プチプラで激変】52歳が感動した！初心者から上級者まで！垢抜けアイメイク術💄#,
YouTube,sakimegu_beauty,https://www.youtube.com/shorts/ZJKNnscGd8A,,20000,,,【メイクのプロ直伝】毛穴を埋めてツルツル肌にするベースメイクのコツ✨#メイク  ,
YouTube,sakimegu_beauty,https://www.youtube.com/shorts/L2j_CZZp7_Y,,24000,,,【Qoo10メガ割】辛口注意⚠️バズりコスメ正直レビュー！レチナール・スピキュー,
YouTube,sakimegu_beauty,https://www.youtube.com/shorts/JzAV0bHPPlQ,,70000,,,【リアルバイ】52歳美容家、夏のガチ愛用品🌻高見えファッションから感動ヘアケアま,
YouTube,sakimegu_beauty,https://www.youtube.com/shorts/lWYtuE4r798,,23000,,,【プチプラ美白】プロが教えるドラコス最強美白の組み合わせ術　#スキンケア #美容,
YouTube,sakimegu_beauty,https://www.youtube.com/shorts/hFsu-AxxWmc,,22000,,,【角栓・黒ずみ】美容のプロが本気で推す毛穴ケア名品7選　#スキンケア #美容 #,
YouTube,sakimegu_beauty,https://www.youtube.com/shorts/rdgv3jZoDno,,57000,,,正直レビュー！美容家のリアルな使い切りスキンケア　#スキンケア #美容 #正直レ,
YouTube,sakimegu_beauty,https://www.youtube.com/shorts/d06oVtozZ5k,,116000,,,52歳美容家の朝に密着！美白になるためのスキンケアルーティン　#美容 #スキンケ,
YouTube,sakimegu_beauty,https://www.youtube.com/shorts/o_ypLo1_xbE,2026-07-15,27000,,61,【上半期メイクベスコス💄後編】この夏買うべき神メイクアイテム発表🏆 #美容#メイ,
YouTube,nobechan_0209,https://www.youtube.com/shorts/MkfwGFBlpfI,2026-09-20,30000,,175,Customized treatment that removes all sm,
YouTube,nobechan_0209,https://www.youtube.com/shorts/OWttEn3GXhU,,790000,,,Use this after pore-cleansing and exfoli,
YouTube,nobechan_0209,https://www.youtube.com/shorts/cDczbv_fg5U,,1100000,,,The Ultimate Cleansing Routine to Clear ,
YouTube,nobechan_0209,https://www.youtube.com/shorts/cEZ5jJUWwgY,,13000,,,10 months post-hair transplant🏥The clini,
YouTube,nobechan_0209,https://www.youtube.com/shorts/w3p_HLKpPgM,,32000,,,What's in my bag? 👜🎀 Work day with a lot,
YouTube,nobechan_0209,https://www.youtube.com/shorts/JoKlRyEgGsI,,16000,,,Don't get neck & shoulder Botox without ,
YouTube,nobechan_0209,https://www.youtube.com/shorts/J2PE394CxRE,,14000,,,Back at a Korean clinic after a year-lon,
YouTube,nobechan_0209,https://www.youtube.com/shorts/Ir0VlXFSjyk,,3800000,,,"""Where to start with skincare in your 30",
YouTube,nobechan_0209,https://www.youtube.com/shorts/Ws5CWMiiHjE,,11000,,,My teeth look so yellow🙄 There are just ,
YouTube,nobechan_0209,https://www.youtube.com/shorts/9fIO6uHkLq8,,12000,,,A Former Hair Removal Instructor’s Ranki,
YouTube,Toshikun1,https://www.youtube.com/shorts/ckY4vC5DVyU,2026-09-30,3600,,10,ワンエスティ初のクレンジングオイル。今月末に発表です！ #onest #ワンエス,
YouTube,Toshikun1,https://www.youtube.com/shorts/dU7iJhpoe2Y,,4000,,,[Real Talk] We asked a user for their ho,
YouTube,Toshikun1,https://www.youtube.com/shorts/fx_1xjyLXUE,,14000,,,I apologize.,
YouTube,Toshikun1,https://www.youtube.com/shorts/Vk76DY7tWPM,,22000,,,シワ、乾燥、色素沈着、ニキビ、毛穴、赤み、たるみ、くすみ、ニキビ跡、テカリ、ざら,
YouTube,Toshikun1,https://www.youtube.com/shorts/FRD13zr0-Hk,,6100,,,"Actually, 40% of our customers are men. ",
YouTube,Toshikun1,https://www.youtube.com/shorts/9EmSyq1b8cU,,20000,,,A former skincare enthusiast who was los,
YouTube,Toshikun1,https://www.youtube.com/shorts/-pt6tiNYawg,,9900,,,I know what you mean... Tell me about co,
YouTube,Toshikun1,https://www.youtube.com/shorts/zDhpwlcXDzQ,,35000,,,[Researcher reveals] Is it too cheap and,
YouTube,Toshikun1,https://www.youtube.com/shorts/OzBsresOIW4,,13000,,,The results of consulting AI about skin ,
YouTube,Toshikun1,https://www.youtube.com/shorts/07QQpr1s7I4,2025-10-01,34000,,76,This is the truth about skin care #skinc,
YouTube,seibun_otakuchan,https://www.youtube.com/shorts/uZH0r1xZ6U0,2026-09-25,1200,,21,口臭い奴集合‼️相手と話すとき、無意識に手で口元抑えてない？？口臭に悩んでる人は,
YouTube,seibun_otakuchan,https://www.youtube.com/shorts/cyPQnrk454M,2026-09-15,1000000,,16,Found an insane new sheet mask at Donki!,
YouTube,seibun_otakuchan,https://www.youtube.com/shorts/-Qxk1o8IJEI,,1900,,,If you're not sure how to start your ski,
YouTube,seibun_otakuchan,https://www.youtube.com/shorts/86vT3oexQ-I,,36000,,,"If you want to clear your pores, check t",
YouTube,seibun_otakuchan,https://www.youtube.com/shorts/-2TGHxLq8IU,,3000000,,,"If your skin looks dull, you seriously n",
YouTube,seibun_otakuchan,https://www.youtube.com/shorts/Eg4w05x77os,,4100000,,,"Wait, did you know ""warming cleansing"" i",
YouTube,seibun_otakuchan,https://www.youtube.com/shorts/fLk_9DpseD4,,3100,,,A new product from Medicube specialized ,
YouTube,seibun_otakuchan,https://www.youtube.com/shorts/fY_Fdgzwncc,,7000,,,d'Alba's Mega Discount sale is way too g,
YouTube,seibun_otakuchan,https://www.youtube.com/shorts/EZqJT8pr-ys,,1500,,,累計230万個売れたサミュのクリームが新しく登場！！成分構成がガチすぎて、傷んだ,
YouTube,seibun_otakuchan,https://www.youtube.com/shorts/7gXBCCRj5m4,,11000,,,"Too much overtime, I'm dying!! This is t",
YouTube,ryota_kazemura_official,https://www.youtube.com/shorts/BU1-kKxXOp4,2026-10-02,8600,,80,Is there anyone who can actually use thi,
YouTube,ryota_kazemura_official,https://www.youtube.com/shorts/-n4lNFnxNoQ,,4800,,,UV rays are way too good at catching you,
YouTube,ryota_kazemura_official,https://www.youtube.com/shorts/URGK3fW0kLE,,12000,,,Skincare Products I Regret Buying,
YouTube,ryota_kazemura_official,https://www.youtube.com/shorts/ia2qVhji6hE,,9800,,,This is fun to use,
YouTube,ryota_kazemura_official,https://www.youtube.com/shorts/lPVl2cIN8cc,,7500,,,Why is high-end skincare so expensive?,
YouTube,ryota_kazemura_official,https://www.youtube.com/shorts/zZZ9EZyMDRQ,,7000,,,Things I want to say about the beauty co,
YouTube,ryota_kazemura_official,https://www.youtube.com/shorts/zlutxVDy4No,,3500,,,VT’s CICA Serum is Finally Here!!,
YouTube,ryota_kazemura_official,https://www.youtube.com/shorts/T44zJrKIzgk,,3600,,,"What is the truth, anyway?",
YouTube,ryota_kazemura_official,https://www.youtube.com/shorts/JXXVwq43B_M,,11000,,,The Holy Grail Cleansing Oil Got a Makeo,
YouTube,ryota_kazemura_official,https://www.youtube.com/shorts/GyQJpdCoYcI,2026-09-13,16000,,66,How do you handle skincare when you trav,
YouTube,nagi.skincare,https://www.youtube.com/shorts/AOizJNBe7KA,2026-10-01,1200,,86,"If you're prone to puffiness, give this ",
YouTube,nagi.skincare,https://www.youtube.com/shorts/xoFO0_3nQtU,,1800,,,スクショ必須！1本持っておくだけで便利💡,
YouTube,nagi.skincare,https://www.youtube.com/shorts/-9c-K0fx8cA,,7100,,,GRWM🧴✨,
YouTube,nagi.skincare,https://www.youtube.com/shorts/9L6aXRq8eAE,,8100,,,"Think these are just for ""cleansing""? Yo",
YouTube,nagi.skincare,https://www.youtube.com/shorts/i5S8y7CrSXU,,7900,,,3 New Drugstore Skincare Must-Haves Born,
YouTube,nagi.skincare,https://www.youtube.com/shorts/p9774v2ubt8,,7500,,,4 Ingredients That Pair Perfectly to Boo,
YouTube,nagi.skincare,https://www.youtube.com/shorts/0aw8kZ6lsho,,15000,,,Not sure where to start with your skinca,
YouTube,nagi.skincare,https://www.youtube.com/shorts/mB8qA-cZCGI,,10000,,,Be extra careful during this time of yea,
YouTube,nagi.skincare,https://www.youtube.com/shorts/TMYR1aDQMQU,,8000,,,守りながらもしっかりケアする美白ルーティン,
YouTube,nagi.skincare,https://www.youtube.com/shorts/lxTP_E06pB8,2026-09-06,5500,,63,スキンケアの色の秘密🤫,
YouTube,tomato4researcher,https://www.youtube.com/shorts/jgKMnE05gmw,2026-09-21,9000,,128,T's Veil's Hidden Gem Cream,
YouTube,tomato4researcher,https://www.youtube.com/shorts/KDOonyZJOIE,,16000,,,Brightening Skincare,
YouTube,tomato4researcher,https://www.youtube.com/shorts/m_8Cp5g1yeI,,3500,,,La Roche-Posay's Excellent Makeup Primer,
YouTube,tomato4researcher,https://www.youtube.com/shorts/6ncKJaS2Ymg,,9900,,,The Menace of ONE BY KOSÉ The Wrinkless ,
YouTube,tomato4researcher,https://www.youtube.com/shorts/5PR5UYX9ca8,,8500,,,The Hidden Gem Ultimune is Incredible!!,
YouTube,tomato4researcher,https://www.youtube.com/shorts/cfh5qCEynGo,,4000,,,キュレルのノンケミカル日焼け止め,
YouTube,tomato4researcher,https://www.youtube.com/shorts/EZvyvXPXpfs,,13000,,,ELIXIR Combination Guide: Brightening Ed,
YouTube,tomato4researcher,https://www.youtube.com/shorts/4Ez1z3wvQb0,,3800,,,デパコスのショッパー　#shorts  #デパコス　#美容液,
YouTube,tomato4researcher,https://www.youtube.com/shorts/u5WDL3y78kk,,5800,,,研究者VS開発者！ニキビ対策に何をしている？,
YouTube,tomato4researcher,https://www.youtube.com/shorts/EOOKklV6v2g,,6200,,,Sofina sunscreen contains Kao's unique w,
YouTube,nagare_skin,https://www.youtube.com/shorts/eV-SJrL-L8U,2026-10-02,4200,,32,[Must-Save] How to Choose the Right Clea,
YouTube,nagare_skin,https://www.youtube.com/shorts/_SKWcW3EPL0,,1700,,,[Must-Save] The Ultimate Guide to Skinca,
YouTube,nagare_skin,https://www.youtube.com/shorts/M6Sqvwa7t3I,,6300,,,{Must Save} Serious Acne Care I Wish I K,
YouTube,nagare_skin,https://www.youtube.com/shorts/anmAap5SGx0,,10000,,,"[Save This] The Sooner You Know, the Bet",
YouTube,nagare_skin,https://www.youtube.com/shorts/noCyIPQeCzY,,8600,,,[Must Save] The Savior Serum for When Yo,
YouTube,nagare_skin,https://www.youtube.com/shorts/poiPwP_5rzU,,11000,,,[Must Save] Priority List for Where to S,
YouTube,nagare_skin,https://www.youtube.com/shorts/oNPxGLIPb50,,5500,,,【保存必須】汚れたパフの洗い方📖🖊,
YouTube,nagare_skin,https://www.youtube.com/shorts/0kyiqLGRdmc,,9300,,,【Must Save】The Skincare Products That Ac,
YouTube,nagare_skin,https://www.youtube.com/shorts/Uif1ZnDM3rE,,3200,,,【保存必須】ニキビタイプ別おすすめの組み合わせ📖🖊,
YouTube,nagare_skin,https://www.youtube.com/shorts/v7iKCPZh8gQ,2026-09-20,1900,,40,【保存必須】朝の時短垢抜けアイテム3選📖🖊,
YouTube,porelesslabo,https://www.youtube.com/shorts/tpeGcE-sB6Q,2026-09-24,4900,,32,新宿で毛穴洗浄したら汚れは本当に落ちるのか検証！　　＃毛穴＃毛穴レス＃毛穴汚れ＃,
YouTube,porelesslabo,https://www.youtube.com/shorts/Yz-_tPPIpqc,,66,,,毛穴の詰まり、まさかピンセットで引っこ抜いてないよね！？　　＃毛穴＃毛穴レス＃毛,
YouTube,porelesslabo,https://www.youtube.com/shorts/qkIFfI3ScIQ,2026-09-24,6500,,32,いちご鼻をなんとかしたくてポアレスラボに行った結果・・・？　＃毛穴＃毛穴レス＃毛,
YouTube,porelesslabo,https://www.youtube.com/shorts/J4d9Y3QWENU,2026-09-15,15000,,25,池袋で話題の本格毛穴洗浄ランキング　TOP5    ＃毛穴＃毛穴レス＃毛穴汚れ＃,
YouTube,porelesslabo,https://www.youtube.com/shorts/L_wv9SNpszA,,217,,,毛穴ケアで迷っているならポアレスラボ   ＃毛穴＃毛穴レス＃毛穴汚れ＃肌質改善＃,
YouTube,porelesslabo,https://www.youtube.com/shorts/5T8y8xVE5rs,,4000,,,メンズ毛穴洗浄のメリット　＃毛穴＃毛穴レス＃毛穴汚れ＃肌質改善＃毛穴ケア＃ポアレ,
YouTube,porelesslabo,https://www.youtube.com/shorts/9V_ENyxN5L0,,1000,,,ポアリストから見た世界　～施術の流れ～　＃毛穴＃毛穴レス＃毛穴汚れ＃肌質改善＃毛,
YouTube,porelesslabo,https://www.youtube.com/shorts/rxYomHrBjeU,2026-09-09,18000,,23,毛穴ケアのそれダメ！行動　5選　　＃毛穴＃毛穴レス＃毛穴汚れ＃肌質改善＃毛穴ケア,
YouTube,porelesslabo,https://www.youtube.com/shorts/M89LFFDsrcs,,6300,,,ポアレスラボの毛穴トリートメント　【Q＆A】黒ずみ毛穴どうなる！？#毛穴#毛穴レ,
YouTube,porelesslabo,https://www.youtube.com/shorts/nWV_XnskXH0,2026-08-27,6000,,25,ポアレスラボの毛穴トリートメント　【Q＆A】 #毛穴#毛穴レス#毛穴汚れ#毛穴レ,
YouTube,ikemenseizoki,https://www.youtube.com/shorts/bxP6xpQuGZc,2026-10-02,1000,,17,ジジイはこれ知らない‼️正しいスキンケアしないとマジでやばい‼️#毛穴 #美容 ,
YouTube,ikemenseizoki,https://www.youtube.com/shorts/JJCXXZeSbXk,,20000,,,肌のブツブツが悩みで病院行こうかと思ったけど、家でケアできるのはアツい‼️#毛穴,
YouTube,ikemenseizoki,https://www.youtube.com/shorts/mWLlBuCMgnY,,2100,,,鼻が毛穴でぼこぼこなやつ‼️絶対これ使えよな‼️#毛穴 #美容 #メンズ美容 #,
YouTube,ikemenseizoki,https://www.youtube.com/shorts/c4nMuXGcv4I,,5700,,,ジジイだけど垢抜けたい…！モテたい…！#毛穴 #美容 #メンズ美容 #垢抜け #,
YouTube,ikemenseizoki,https://www.youtube.com/shorts/vz_UWYPtpbM,,4700,,,片側だけやり続けたら変になったので全顔やったらモテ肌完成した件。#毛穴 #美容 ,
YouTube,ikemenseizoki,https://www.youtube.com/shorts/vZOBzqScxnk,,4800,,,毛穴のぽつぽつで妻とか娘にも触りたくないって言われてた…#毛穴 #美容 #メンズ,
YouTube,ikemenseizoki,https://www.youtube.com/shorts/ze0kH9SceqQ,,5800,,,ピリピリ美容液って聞いてなんだそれって思ったけど、本当にそうだった！笑笑#毛穴 ,
YouTube,ikemenseizoki,https://www.youtube.com/shorts/oY_vqBNJSUw,,4800,,,母がこれをやってて痛い！って騒いでました笑でも最終的には慣れて毎日ケアできててえ,
YouTube,ikemenseizoki,https://www.youtube.com/shorts/jYUUPCxa624,,11000,,,毛穴がん開き男の腐った角栓を一掃して行くー‼️#毛穴 #美容 #メンズ美容 #垢,
YouTube,ikemenseizoki,https://www.youtube.com/shorts/Op8Ip_PcK0c,2026-09-24,48,,13,顎にブツブツあって子供に嫌がられた。でもこれでツルツルになってたくさん遊んでやる,
YouTube,bisoshin,https://www.youtube.com/shorts/T_3MceF5L_4,2026-09-25,1500,,57,毛穴がスッキリする動画👃,
YouTube,bisoshin,https://www.youtube.com/shorts/xBpaykJY5Bg,,5000,,,毛穴がスッキリする動画👃,
YouTube,bisoshin,https://www.youtube.com/shorts/e2dHkcfHEns,,10000,,,毛穴がスッキリする動画👃✨,
YouTube,bisoshin,https://www.youtube.com/shorts/NtaGlAVbu-0,,515,,,そろそろスッキリしない？👃,
YouTube,bisoshin,https://www.youtube.com/shorts/B9kPfSPjuK8,,22000,,,一瞬で印象が変わる耳毛脱毛,
YouTube,bisoshin,https://www.youtube.com/shorts/41fvVeedU1I,,4100,,,韓国式3D毛穴洗浄®︎導入募集中,
YouTube,bisoshin,https://www.youtube.com/shorts/36-StXvcAIs,,6500,,,近距離で意外と見られています。今すぐ耳毛脱毛して！,
YouTube,bisoshin,https://www.youtube.com/shorts/2weMC60Kftw,,4100,,,導入講習随時受付中/韓国式3D毛穴洗浄,
YouTube,bisoshin,https://www.youtube.com/shorts/aNvUNoBcv18,,16000,,,韓国式3D毛穴洗浄/熊本bisoshin,
YouTube,bisoshin,https://www.youtube.com/shorts/geaZzmuLr3k,2026-01-22,2600,,14,韓国式3D毛穴洗浄/潤艶ワックス,
YouTube,tomomi-suzuki,https://www.youtube.com/shorts/Jz6ydU3m95I,2026-09-30,6200,,9,Essential Skincare Guide by Skin Type🥚✨#,
YouTube,tomomi-suzuki,https://www.youtube.com/shorts/JZuR0Rg2-BM,,1400,,,秋も日焼け対策頑張るぞ〜✊🏻🍂🤎#変身 #メイク #日焼け対策 #紫外線対策 #,
YouTube,tomomi-suzuki,https://www.youtube.com/shorts/ZEZJgsiGxCM,,5000,,,Available at the Drugstore! Sunscreens t,
YouTube,tomomi-suzuki,https://www.youtube.com/shorts/Z-LrD9ZB6U8,,2200,,,How a die-hard UV-protection pro stays c,
YouTube,tomomi-suzuki,https://www.youtube.com/shorts/CL8VmIfAot8,,5200,,,No More Looking Sketchy! 3 Must-Have UV ,
YouTube,tomomi-suzuki,https://www.youtube.com/shorts/aK94cQFE1Ko,,38000,,,My Tried-and-True UV Protection Essentia,
YouTube,tomomi-suzuki,https://www.youtube.com/shorts/2Qb5tuzErX0,,1100,,,Which one would you choose? It gets way ,
YouTube,tomomi-suzuki,https://www.youtube.com/shorts/yn85gLJoNKE,,1300,,,Which one do you choose? #UltimateChoice,
YouTube,tomomi-suzuki,https://www.youtube.com/shorts/SZNJGr-irA8,,6400,,,Sun protection is so important! #sunprot,
YouTube,tomomi-suzuki,https://www.youtube.com/shorts/pJIHrtJcuvE,,3900,,,Sunscreen That Won't Stain Your Clothes!,
YouTube,散財ちゃん-b1r,https://www.youtube.com/shorts/BBOpnZbABZA,2026-09-08,2000,,9,使ったのはこれだけ！#PR #ボリハラ #pdrn # #スキンケア 韓国コスメ,
YouTube,散財ちゃん-b1r,https://www.youtube.com/shorts/Bop7ar4uhU8,,3400,,,これちゅる肌なりたい子は今すぐやって！#PR #ボリハラ #韓国コスメ #pdr,
YouTube,散財ちゃん-b1r,https://www.youtube.com/shorts/3Z8TIkZDiX8,,4000,,,これ気持ちよすぎでやばいw#PR #ボリハラ #pdrn #韓国コスメ #スキン,
YouTube,散財ちゃん-b1r,https://www.youtube.com/shorts/WPktpN0eAhg,,6300,,,これでちゅる肌間違いないんだけど！#PR #ボリハラ #pdrn #韓国コスメ ,
YouTube,散財ちゃん-b1r,https://www.youtube.com/shorts/lOni6IxI7HU,,3900,,,これがちゅる肌の秘密だよ！#PR #ボリハラ #韓国コスメ #スキンケア #美容,
YouTube,散財ちゃん-b1r,https://www.youtube.com/shorts/DVxXxuiikkA,,8600,,,ドパガキだけどここまでなれちゃった！#PR #ボリハラ #韓国コスメ #pdrn,
YouTube,散財ちゃん-b1r,https://www.youtube.com/shorts/PH7GAvf2PSY,,4800,,,ちゅる肌になれた秘密はこれだよ！#PR #ボリハラ #韓国コスメ #スキンケア ,
YouTube,散財ちゃん-b1r,https://www.youtube.com/shorts/zfZOnFB6EV8,,1400,,,ポツポツ毛穴もこの美容液だった！#PR #ボリハラ #pdrn #スキンケア 韓,
YouTube,散財ちゃん-b1r,https://www.youtube.com/shorts/ycOSOk2Y-oM,2026-09-03,5700,,10,これ気持ちよすぎてやめられない！#PR #ボリハラ #美容 #スキンケア #毛穴,
YouTube,散財ちゃん-b1r,https://www.youtube.com/shorts/Yz3AWOKCVAI,2026-09-03,6100,,10,This combination was insane! #PR #Skinca,
YouTube,maryhatsumi,https://www.youtube.com/shorts/Ep3iEPwOBpI,2026-09-05,1000,,33,"I have mild rosacea too, and treating fa",
YouTube,maryhatsumi,https://www.youtube.com/shorts/8STtbAVSp3E,,4300,,,肌荒れだらけの肌が「肌綺麗だね！」と言ってもらえるようになるまでの道のりは、険し,
YouTube,maryhatsumi,https://www.youtube.com/shorts/yjhiwf1X_6g,,2500,,,無意識にやっている○○に気を付けるだけで肌の赤みが緩和するかも🤫🤍　#肌の赤み ,
YouTube,maryhatsumi,https://www.youtube.com/shorts/7JYVosTDdzI,,76000,,,It’s so good it’ll blow your mind 😌💖 #SO,
YouTube,maryhatsumi,https://www.youtube.com/shorts/BpWUSdm0Z1g,,3000,,,続きは長尺！薄肌でも使えた！赤み、顎ニキビ、毛穴、美白、シワに良かった使いきりス,
YouTube,maryhatsumi,https://www.youtube.com/shorts/Dy41zanWwqk,,3100,,,"For the rest and more details, watch the",
YouTube,maryhatsumi,https://www.youtube.com/shorts/VBP3Ig3mv2k,,4600,,,自分の中で大ヒット中！！！#薄肌 #赤ら顔 #インナードライ #shiseido,
YouTube,maryhatsumi,https://www.youtube.com/shorts/IaBvUBwkfOU,,11000,,,勿論個人差はあるので必ずNGではないけど、あなたの赤みの原因になっている「可能性,
YouTube,maryhatsumi,https://www.youtube.com/shorts/fhO1XG9ZKmI,,1500,,,ベスコスこれが最後よ！エイジングケアが一番使ってて楽しいよね🥹🤍※いただきものや,
YouTube,maryhatsumi,https://www.youtube.com/shorts/ihwQrGb9FK8,2026-07-12,5100,,83,さすがに仰天過ぎ🫪🫪🫪🫪#日焼け止め塗り直し #astalift #アスタリフト,
YouTube,朝から晩まで崩せないんじゃ,https://www.youtube.com/shorts/H56UotmyQII,2026-08-31,1900,,10,This is the serum that destroyed my pore,
YouTube,朝から晩まで崩せないんじゃ,https://www.youtube.com/shorts/S5ldN1EMgN4,2026-08-31,8300,,15,せっかくのお泊まりデートでもこんな肌晒すとフラれます🥶同じ悩みの子はこれ使って！,
YouTube,朝から晩まで崩せないんじゃ,https://www.youtube.com/shorts/46ZkBaV_ZV8,,342,,,角栓ケア超簡単だった！私が使ったのはこれだよ！#PR #ピュネラ #角栓 #スキ,
YouTube,朝から晩まで崩せないんじゃ,https://www.youtube.com/shorts/5BQXm7ZRD-k,,15000,,,腕出すの恥ずかしかった私が美肌目指した結果これ！#PR #ピュネラ #毛穴ケア ,
YouTube,朝から晩まで崩せないんじゃ,https://www.youtube.com/shorts/NrEArykvYgU,2026-08-30,3000,,11,"My trashed pores were saved by this, it'",
YouTube,朝から晩まで崩せないんじゃ,https://www.youtube.com/shorts/etk90x-q7jg,,3100,,,This serum is seriously insane!! #PR #Pu,
YouTube,朝から晩まで崩せないんじゃ,https://www.youtube.com/shorts/cTDvVZKI5_A,2026-08-29,7300,,15,超簡単に美肌手に入れちゃう美容液はこれだった！#PR #ピュネラ #スキンケア ,
YouTube,朝から晩まで崩せないんじゃ,https://www.youtube.com/shorts/RDaeqORNp60,,703,,,毛穴殺したかったらこれ使って！！#PR #ピュネラ #美容 #スキンケア #美肌,
YouTube,朝から晩まで崩せないんじゃ,https://www.youtube.com/shorts/ZqoFazhP0xM,,80,,,腕の角栓悩んでたら絶対これ！#PR #ピュネラ #スキンケア #美容 #毛穴 #,
YouTube,朝から晩まで崩せないんじゃ,https://www.youtube.com/shorts/ULMDle3ryzA,2026-08-28,20000,,17,This method completely transformed my sk,
YouTube,happy39,https://www.youtube.com/shorts/FzlN_c53xJ4,2026-09-22,2200,,22,I got jaw Botox,
YouTube,happy39,https://www.youtube.com/shorts/iIb5yceA1OA,,1200,,,仙台出張vlog最終日,
YouTube,happy39,https://www.youtube.com/shorts/QnEZEjnO4CM,,1000,,,Sendai Business Trip Vlog #Day2,
YouTube,happy39,https://www.youtube.com/shorts/WBi8xH6xi_4,,2100,,,仙台出張vlog #1日目,
YouTube,happy39,https://www.youtube.com/shorts/LnnbItN2Ki4,,2500,,,Jaw Botox: 1-Week Progress Review,
YouTube,happy39,https://www.youtube.com/shorts/Bv4Yqd5hCSM,,6500,,,Nighttime Skincare Routine,
YouTube,happy39,https://www.youtube.com/shorts/h3s8aSqKiSg,,2900,,,Reviewing the Day After Jaw Botox,
YouTube,happy39,https://www.youtube.com/shorts/IjmM-WUjUtw,,4200,,,5 Things That Changed After My Acne Clea,
YouTube,happy39,https://www.youtube.com/shorts/S0D7hwncJn4,,3300,,,角栓をごっそりとる毛穴ケア、本当にそれで合ってる？,
YouTube,happy39,https://www.youtube.com/shorts/LtWzE32QBcM,2026-08-14,3300,,55,ニキビが無くなって人生変わったこと,
YouTube,kana-j6o,https://www.youtube.com/shorts/zrGfhyEwaL0,2026-10-02,1100,,28,I tested toothpaste with cigarettes and ,
YouTube,kana-j6o,https://www.youtube.com/shorts/rjy20MoCJU4,,1200,,,"It hurts, but sticking with the micronee",
YouTube,kana-j6o,https://www.youtube.com/shorts/RSyr6u7lvuI,,2300,,,"After trying so many, I finally found it",
YouTube,kana-j6o,https://www.youtube.com/shorts/ww3sn0HDS3c,,7400,,,小学生でもできる⁇無印のこれで片側だけ磨き続けた結果....#美容 #無印良品 ,
YouTube,kana-j6o,https://www.youtube.com/shorts/E6C1eBgO8to,,2300,,,"If you want to get rid of yellow stains,",
YouTube,kana-j6o,https://www.youtube.com/shorts/05kQRevGh6E,,2700,,,顔だけじゃない！これ膝にも使えます！！普通にすごくない？💕👀#美容 #水光肌 #,
YouTube,kana-j6o,https://www.youtube.com/shorts/faWRopWdl8I,,4000,,,ダイソーのこれ正直ナメてた🥺‼︎‼︎‼︎‼︎是非使ってみて💗#美容 #可愛い #,
YouTube,kana-j6o,https://www.youtube.com/shorts/H19EhcpimLY,,1700,,,The toothpaste my friend who visits Kore,
YouTube,kana-j6o,https://www.youtube.com/shorts/jlgXBHMmBR4,,10000,,,I've found a seriously incredible toothp,
YouTube,kana-j6o,https://www.youtube.com/shorts/WZXDxnL7EzE,2026-09-28,9800,,15,This Is How to Get Rid of Dark Elbows—Ev,
YouTube,beauty_shidax,https://www.youtube.com/shorts/8sYmM_OibWw,2026-09-23,136,,44,｢限界追求！｣美髪がすぎる。\ 成分＆コスパの進化が止まらない！ /,
YouTube,beauty_shidax,https://www.youtube.com/shorts/3MJGbtmrBns,,1100,,,「老け見え」ダメ。ゼッタイ。\ 新美容成分｢5-ALA｣との出会い/ 【PR】,
YouTube,beauty_shidax,https://www.youtube.com/shorts/l52nVpi4Lak,,1900,,,【保存版】Qoo10メガ割買うべきアイテム🇯🇵🛍️＼優秀なおすすめアイテムをまと,
YouTube,beauty_shidax,https://www.youtube.com/shorts/wQYbgbkaNkk,,1100,,,｢ライン使い｣ぶっちゃけ必要？💥\ 同じブランドで揃える意味ある？/,
YouTube,beauty_shidax,https://www.youtube.com/shorts/DftQ4xZYT_0,,11000,,,[Not Sponsored] The absolute best value ,
YouTube,beauty_shidax,https://www.youtube.com/shorts/lAu2XRVBhwk,,3000,,,【No案件】メディキューブBOXぶった斬る‼︎!💥\ 忖度無しの正直レビュー /,
YouTube,beauty_shidax,https://www.youtube.com/shorts/wsu_nXN1AWU,,9600,,,"Everything you knew about ""peeling"" has ",
YouTube,beauty_shidax,https://www.youtube.com/shorts/Uh_uCt-tukA,,3600,,,【No案件】アヌア企画セットぶった斬る‼︎!💥\ あり？ナシ？忖度無しの正直レビ,
YouTube,beauty_shidax,https://www.youtube.com/shorts/4csZLQyHGBA,,1500,,,「ぷっくら」弾力クリーム🎈💜\ まるで水風船のようなハリ爆誕！/,
YouTube,beauty_shidax,https://www.youtube.com/shorts/Zx_t9wXd_Iw,,3400,,,【「縦」に伸びた毛穴専用セラム】 \ ブルーペプチドが凄すぎた！💙/,
YouTube,momo_bismore,https://www.youtube.com/shorts/HoJaCj0LEJA,2026-10-02,1600,,93,[Affordable] As a cosmetics company CEO ,
YouTube,momo_bismore,https://www.youtube.com/shorts/_yGTxRE7hwQ,,283,,,夏も終わったのでシミ焼いてきました。シミは化粧品でとれませんのでレーザーで焼きま,
YouTube,momo_bismore,https://www.youtube.com/shorts/ChMqEknLaNs,,373,,,[Anti-Aging] As a cosmetics company CEO ,
YouTube,momo_bismore,https://www.youtube.com/shorts/vdbDKFKydZE,,1300,,,[Inner Care] How long do you really need,
YouTube,momo_bismore,https://www.youtube.com/shorts/hdX7X0RjSU8,,5000,,,[Save This] Why Your Skincare Routine Is,
YouTube,momo_bismore,https://www.youtube.com/shorts/X07Z6LAVv-k,,2400,,,シルバーウィーク、流石に不摂生しまくりました。お酒も大好きなので、好きなもの食べ,
YouTube,momo_bismore,https://www.youtube.com/shorts/tNqYxcxsqj0,,10000,,,[Must-Save] As a cosmetics company CEO a,
YouTube,momo_bismore,https://www.youtube.com/shorts/ZlAd3eTxgUQ,,92000,,,【プチプラ】化粧品会社社長で美容のプロである私がプチプラで優秀すぎる神化粧水を紹,
YouTube,momo_bismore,https://www.youtube.com/shorts/ejmnjtIuR2g,,2900,,,【保存必須】いつまでもニキビが治らない人へ質問はコメント欄まで🫶#泡ミツ洗顔 #,
YouTube,momo_bismore,https://www.youtube.com/shorts/8oCGUQpmz4o,2026-09-22,2500,,73,[Budget $100] As a cosmetics company CEO,
YouTube,sumire01,https://www.youtube.com/shorts/bJKDf4zJf3A,2026-09-30,1700,,13,お肌ちゅるちゅるになる美容液見つけた！！#アンドメウ #美肌 #スキンケア #美,
YouTube,sumire01,https://www.youtube.com/shorts/YIbdseGPKU4,2026-09-30,2000,,13,お肌ちゅるちゅるになる美容液見つけた！！#アンドメウ #美肌 #スキンケア #美,
YouTube,sumire01,https://www.youtube.com/shorts/RcXv4VokRMg,,8900,,,お肌ちゅるちゅるになる美容液見つけた！！#アンドメウ #美肌 #スキンケア #美,
YouTube,sumire01,https://www.youtube.com/shorts/WkyeYpFQ2ZM,,2200,,,お肌ちゅるちゅるになる美容液見つけた！！#アンドメウ #美肌 #スキンケア #美,
YouTube,sumire01,https://www.youtube.com/shorts/e0SQRwT3Mls,,1100,,,お肌ちゅるちゅるになる美容液見つけた！！#アンドメウ #美肌 #スキンケア #美,
YouTube,sumire01,https://www.youtube.com/shorts/hgdIIYlrmLk,2026-09-23,7200,,13,お肌ちゅるちゅるになる美容液見つけた！！#アンドメウ #美肌 #スキンケア #美,
YouTube,sumire01,https://www.youtube.com/shorts/RuScthNQNlw,,7500,,,お肌ちゅるちゅるになる美容液見つけた！！#アンドメウ #美肌 #スキンケア #美,
YouTube,sumire01,https://www.youtube.com/shorts/DakdkBE-sNg,,1200,,,お肌ちゅるちゅるになる美容液見つけた！！#アンドメウ #美肌 #スキンケア #美,
YouTube,sumire01,https://www.youtube.com/shorts/umMPdfboq5E,,14000,,,お肌ちゅるちゅるになる美容液見つけた！！#アンドメウ #美肌 #スキンケア #美,
YouTube,sumire01,https://www.youtube.com/shorts/ZOFrWlTvY4Y,2026-09-11,1600,,19,お肌ちゅるちゅるになる美容液見つけた！！#アンドメウ #美肌 #スキンケア #美,
YouTube,千鶴子忍田,https://www.youtube.com/shorts/nBtOcLUxgzM,2026-09-26,1700,,39,根深いシミにコウジ酸がいい！夏終わりに使うべき商品3選,
YouTube,千鶴子忍田,https://www.youtube.com/shorts/XoHjtfn49bY,,1800,,,【10月18日発売】シークレットフォーミュラエキゾチックオイルをご紹介,
YouTube,千鶴子忍田,https://www.youtube.com/shorts/Eay-xbIIe5k,,2600,,,シミが濃くなってしまった人必見！夏終わりの最強ケア,
YouTube,千鶴子忍田,https://www.youtube.com/shorts/DTTMBdejpPk,,1800,,,【9月18日発売】カネミのオリジナル超豪華予約特典のご紹介,
YouTube,千鶴子忍田,https://www.youtube.com/shorts/auCaHZ6WljM,,2600,,,[Releasing October 18] How the Secret Fo,
YouTube,千鶴子忍田,https://www.youtube.com/shorts/bbAw9DytOmA,,1400,,,【9月18日発売】次世代型ビタミンE誘導体配合の新乳液が登場,
YouTube,千鶴子忍田,https://www.youtube.com/shorts/R00mfMkzaFA,,2300,,,Must-Haves for Your 50s! How to Use Glow,
YouTube,千鶴子忍田,https://www.youtube.com/shorts/bSlwbwis-m0,,4300,,,"For Makeup in Your 50s, Just Change This",
YouTube,千鶴子忍田,https://www.youtube.com/shorts/CNLIXbRjd2Q,,1700,,,新生フラルネ1周年　数量限定キット発売！,
YouTube,千鶴子忍田,https://www.youtube.com/shorts/wtpLCgKca9g,,2000,,,[FLARUNÉ] Introducing the buzzy new limi,
YouTube,akarin_akanuke,https://www.youtube.com/shorts/SMd03QYG6p4,2026-10-02,1700,,18,信頼してた人に裏切られるのはツライし腹も立つけど💦毛穴やくすみ乾燥やら肌悩みも多,
YouTube,akarin_akanuke,https://www.youtube.com/shorts/SqWkZsQuVNM,,2000,,,キャバ嬢と比べるなんて失礼すぎ😭でも変わるきっかけもらえてハッピー🌟#pr #チ,
YouTube,akarin_akanuke,https://www.youtube.com/shorts/gotJ4PQ74Hk,,10000,,,It’s crazy that my son is more beauty-co,
YouTube,akarin_akanuke,https://www.youtube.com/shorts/G8pKHrQ8-0E,,2200,,,Everyone was talking about this at lunch,
YouTube,akarin_akanuke,https://www.youtube.com/shorts/kQc0yT18WHk,,1500,,,頑固な汚れを大洗浄‼️角栓ごっそり取れてびっくり笑,
YouTube,akarin_akanuke,https://www.youtube.com/shorts/x7DOtHfSbQQ,,1000,,,"Everything is a challenge, right?💫 #Chap",
YouTube,akarin_akanuke,https://www.youtube.com/shorts/z7USQVoaZqo,,1600,,,I admit I'm getting older😅 I have way to,
YouTube,akarin_akanuke,https://www.youtube.com/shorts/HMINii8TMes,,365,,,The wildly popular and buzzy brand CHAPT,
YouTube,akarin_akanuke,https://www.youtube.com/shorts/1l18pvpNbOA,,1500,,,I was so scared after being yelled at...,
YouTube,akarin_akanuke,https://www.youtube.com/shorts/drMY0AleWvg,2026-09-27,5400,,18,"I struggled with mature skin issues, but",
YouTube,biyou.sakuraipeel,https://www.youtube.com/shorts/Iq1CVAbMS_E,2026-10-02,672,,19,I tried a pore cleansing treatment. Chap,
YouTube,biyou.sakuraipeel,https://www.youtube.com/shorts/QL-4jUsq9-0,,2600,,,"It’s heavy, isn’t it… But I just can’t f",
YouTube,biyou.sakuraipeel,https://www.youtube.com/shorts/mop9S7Poxdo,,28,,,Trying out the pore-cleansing hack all t,
YouTube,biyou.sakuraipeel,https://www.youtube.com/shorts/64EEaBowdME,,918,,,"I had a total mental breakdown. But, tha",
YouTube,biyou.sakuraipeel,https://www.youtube.com/shorts/TuHDQg0TNaM,,1300,,,My wife asked for a divorce. The reason?,
YouTube,biyou.sakuraipeel,https://www.youtube.com/shorts/-Mf1ST5asNY,,1000,,,Is it weird for a middle-aged guy to be ,
YouTube,biyou.sakuraipeel,https://www.youtube.com/shorts/eof8Y2yn8Pc,2026-09-29,1900,,18,Just an older guy obsessed with skincare,
YouTube,biyou.sakuraipeel,https://www.youtube.com/shorts/aOhw1EXTdOQ,,12000,,,娘に付き合わされて😅パパ友の中でも人気なんだとか（笑）ハマっていく使用感‼️なん,
YouTube,biyou.sakuraipeel,https://www.youtube.com/shorts/TunSc_yRkFM,,3900,,,I got too pretty and they actually notic,
YouTube,biyou.sakuraipeel,https://www.youtube.com/shorts/8SDrM51-C1k,2026-09-27,16000,,22,毛穴ケア初心者だけどやってみた😅コレさえやってればいいから‼️って、娘やパパ友に,
YouTube,YUI-v6w,https://www.youtube.com/shorts/pGubNoGowAQ,2026-10-02,1800,,14,好きな人に会うまであと10日🥹♡10日間自分磨きしたら「可愛くなった？」って言わ,
YouTube,YUI-v6w,https://www.youtube.com/shorts/GjAM_gddECQ,,1000,,,ドンキで見つけて気になったこれ、10日間本気ケア🥹続けてみたら、つるっとした感じ,
YouTube,YUI-v6w,https://www.youtube.com/shorts/b_ylbHM1UOs,,1600,,,片側だけ7日間ガチケアして左右比較🥹比べてみたら、肌の印象いい感じに♡✨#pr ,
YouTube,YUI-v6w,https://www.youtube.com/shorts/jAt2UN80W-c,,1600,,,垢抜けたくて、14日間本気で肌ケア🥹続けてみたら、前より自分のこと好きになれた♡,
YouTube,YUI-v6w,https://www.youtube.com/shorts/MStIpYucDiM,,808,,,肌がキレイな親友に教えてもらって、半信半疑で使ってみた🥹ピュネラ、これは信頼した,
YouTube,YUI-v6w,https://www.youtube.com/shorts/sTHgIEhUZE0,,58,,,この肌、1週間でどこまで変わる？🥹ガチで続けてみたら、こんなに変わった？♡✨#p,
YouTube,YUI-v6w,https://www.youtube.com/shorts/R5pm2anp5rA,2026-09-29,2000,,19,卒業旅行まであと7日🥹✨この肌のまま行きたくなくて、本気でケアしてみた♡#pr ,
YouTube,YUI-v6w,https://www.youtube.com/shorts/m8-BEdGklU0,,406,,,この腕、7日間本気でケアしてみた🥹左右で比べてみたら、肌の印象いい感じに♡✨#p,
YouTube,YUI-v6w,https://www.youtube.com/shorts/PPp2Jb6B0OM,,1500,,,セリアで見つけたこれで10日間ガチケア🥹✨顔面偏差値アップ目指して続けたら、つる,
YouTube,YUI-v6w,https://www.youtube.com/shorts/IpuzZTyq21w,2026-09-28,1700,,18,ズボラ女子がまさかの10日間、肌ケア継続🥹✨続けてみたら、肌の印象までいい感じに,
YouTube,かの正直レビュー,https://www.youtube.com/shorts/ucsZSbIewKE,2026-10-02,1700,,15,Visible pores‼️ Blackheads‼️ Enlarged po,
YouTube,かの正直レビュー,https://www.youtube.com/shorts/cmI9fYuwTHk,,1400,,,"I wanted to hide it with foundation, but",
YouTube,かの正直レビュー,https://www.youtube.com/shorts/xjphm1pzGXI,,1000,,,鬼バスのチャプトナインから出た新作のクリームエグすぎました🥹#毛穴 #水光肌 #,
YouTube,かの正直レビュー,https://www.youtube.com/shorts/Wz57OXjUXjc,,879,,,The results of trying my best with my sk,
YouTube,かの正直レビュー,https://www.youtube.com/shorts/YbOBBH3JXR0,,1800,,,Did you know the right way to clean your,
YouTube,かの正直レビュー,https://www.youtube.com/shorts/8qHVSG3Vk7M,,1000,,,マツエクしてる人でもオイルクレンジングOK🌟しっかりメイクも落としてくれるコレ！,
YouTube,かの正直レビュー,https://www.youtube.com/shorts/aQ57JD4_TFY,,630,,,The Smoothest Skin of My Life🌟A Must-Hav,
YouTube,かの正直レビュー,https://www.youtube.com/shorts/UPjOA-_k2lw,,4600,,,This item is so viral it's practically a,
YouTube,かの正直レビュー,https://www.youtube.com/shorts/MifRkpQT7pg,,12000,,,Repurchasing this 3 times means it’s the,
YouTube,かの正直レビュー,https://www.youtube.com/shorts/80nOZ84oxIM,2026-09-17,6300,,13,If you're struggling with the same thing,
YouTube,arafifbiyo,https://www.youtube.com/shorts/SNhLfsmxLN4,2026-10-02,927,,21,元歯科衛生士の私がお家でできるホワイトニングを検証してみた！#ホワイトニング #,
YouTube,arafifbiyo,https://www.youtube.com/shorts/t83WyNCDFC8,,118,,,あんまり大声で言えないけど彼氏が2人います💕#毛穴 #シミ #たるみ #アラフィ,
YouTube,arafifbiyo,https://www.youtube.com/shorts/ZndyMTJ7lDs,,53,,,お母さんの黄ばんだ歯を綺麗にしてみました‼️#ホワイトニング #ホワイトニングケ,
YouTube,arafifbiyo,https://www.youtube.com/shorts/5fR3FUIKHGI,,3600,,,脇の黒ずみもしっかり綺麗にして、モチベ上げていきますよ‼️#毛穴 #シミ #たる,
YouTube,arafifbiyo,https://www.youtube.com/shorts/yCIiTHIaiMw,,3900,,,ホワイトニングのガチ検証してみた‼️お家でできるなんて楽すぎる☺️#ホワイトニン,
YouTube,arafifbiyo,https://www.youtube.com/shorts/HbVzGDSEid0,,3300,,,ニトリで買えるこれとこの針美容液の相性良すぎたし、めっちゃ綺麗になって嬉しい☺️,
YouTube,arafifbiyo,https://www.youtube.com/shorts/CSWGQvuQT5w,,1600,,,黄ばんだこの歯をどうにかしたかったから嬉しい☺️#ホワイトニング #ホワイトニン,
YouTube,arafifbiyo,https://www.youtube.com/shorts/XrCTai-94II,,11000,,,本当は教えたくないけど、特別に教えちゃいます🤫#毛穴 #アラフィフ #たるみ #,
YouTube,arafifbiyo,https://www.youtube.com/shorts/1EVsDr007ts,,1400,,,今めっちゃ流行ってる在宅ホワイトニングって知ってる？誰でも簡単にできるし、歯医者,
YouTube,arafifbiyo,https://www.youtube.com/shorts/6aSXhgXCSnM,2026-09-29,899,,16,30万本の針が顔のたるみを引き上げてくれて、キュッとしたフェイスラインになれたよ,
YouTube,dr.4913,https://www.youtube.com/shorts/VyubBxAHLZw,2026-10-01,977,,40,[Want Better Skin? Clean Your AC!] \Are ,
YouTube,dr.4913,https://www.youtube.com/shorts/zrvUq6S0C_c,,250,,,足を臭わなくする！＜皮膚科医が解説＞,
YouTube,dr.4913,https://www.youtube.com/shorts/-nS1cWXR2GI,,437,,,ワキガが気になる方へ＜皮膚科医が解説！＞,
YouTube,dr.4913,https://www.youtube.com/shorts/DdlmiXnqFJg,2026-09-10,1200,,52,3 Tips to Prevent Neck Itchiness  Advice,
YouTube,dr.4913,https://www.youtube.com/shorts/FYrODWVs8Ak,,252,,,Are Non-Chemical Sunscreens Actually Gen,
YouTube,dr.4913,https://www.youtube.com/shorts/WqeCkJxJEeQ,,257,,,【夏の汗のニオイ対策】夏の汗のニオイ、気になりませんか？💦＜皮膚科医＞,
YouTube,dr.4913,https://www.youtube.com/shorts/i3PX-7_3Odg,,435,,,夏に首がかゆくなるのを防ぐ方法【皮膚科医が教える】,
YouTube,dr.4913,https://www.youtube.com/shorts/xpMM1zzVeFE,,263,,,ノンケミカルの日焼け止めなら安心？【皮膚科医が教える】,
YouTube,dr.4913,https://www.youtube.com/shorts/CzqAdnCuh04,,877,,,スポーツ中の日焼け対策☀️【皮膚科医が教える】,
YouTube,dr.4913,https://www.youtube.com/shorts/bTWh5UmQxAc,2026-07-23,1900,,53,日焼け止めの選び方【皮膚科医が教える】,
YouTube,yumim_o,https://www.youtube.com/shorts/0rKqODG9IWE,2026-09-08,209,,46,【広告なし】Qoo10 VIPが選ぶ、メガ割で買って後悔しない3選🛒 #shor,
YouTube,yumim_o,https://www.youtube.com/shorts/RxWxTg3-nOg,2026-09-07,1200,,24,ファンデが浮く人、メイク前これやってみて💧毛穴ケア3STEP #shorts,
YouTube,yumim_o,https://www.youtube.com/shorts/oVsa-fZhxH8,,61,,,クレンジングオイル、結局どれがいい？🧴✨人気4つを使いやすさ・毛穴ケア・洗い上が,
YouTube,yumim_o,https://www.youtube.com/shorts/Tg8oLIb6HiU,2026-09-04,1100,,53,肌荒れに月30万円使った私が変えた3つの習慣 #shorts,
YouTube,yumim_o,https://www.youtube.com/shorts/k8CejGPDOEU,2026-09-02,1200,,39,シャンプー前にこれやるだけで髪のパサつき変わった…✨ #shorts,
YouTube,yumim_o,https://www.youtube.com/shorts/rf_Etq-o_cc,,1000,,,髪ケアで意外と見落としがちなことまとめてみた🫧💇‍♀️ #shorts,
YouTube,yumim_o,https://www.youtube.com/shorts/wNBRf7f1oVA,,362,,,💇‍♀️✨今回は人気ヘアケアアイテムを本気採点！✨,
YouTube,yumim_o,https://www.youtube.com/shorts/MmCRvbd-Mqc,,343,,,🧼【洗顔コスメ点数レビュー】🧼人気の洗顔アイテムを本音で10点満点採点しました！,
YouTube,yumim_o,https://www.youtube.com/shorts/bYCpb-AjUwc,,296,,,✨【点数比較】韓国＆ドクターズ日焼け止め11選レビュー！✨,
YouTube,yumim_o,https://www.youtube.com/shorts/7OlHDVluCqA,2025-09-12,336,,33,✨【点数比較】人気セラムレビュー！✨,
YouTube,100均コスメプチプラコスメLOVE,https://www.youtube.com/shorts/v7MvJx9lg2U,2026-10-02,115,,36,#czel #czel,
YouTube,100均コスメプチプラコスメLOVE,https://www.youtube.com/shorts/z131UadWeLs,,143,,,#BonParfum #Shampoo #Treatment,
YouTube,100均コスメプチプラコスメLOVE,https://www.youtube.com/shorts/0iKGEqkx6kM,,1000,,,#CushionFoundation #Rikareal,
YouTube,100均コスメプチプラコスメLOVE,https://www.youtube.com/shorts/vrPfiu9wA0A,2026-09-26,1200,,51,#Coffret #Ricareal,
YouTube,100均コスメプチプラコスメLOVE,https://www.youtube.com/shorts/PzwGmzKPFGk,,1000,,,#Eyeserum #Blueberry #HyaluronicAcid,
YouTube,100均コスメプチプラコスメLOVE,https://www.youtube.com/shorts/kUYZZpKc9ek,,340,,,#SHEINsaveinstyle #SHEINtrends #PR SHEIN,
YouTube,100均コスメプチプラコスメLOVE,https://www.youtube.com/shorts/MuecTZprGoo,,263,,,#RollOn #EyeSerum #Niacinamide,
YouTube,100均コスメプチプラコスメLOVE,https://www.youtube.com/shorts/35fb4CXDGSQ,,167,,,#Whitening #CEELIKE #ceelike,
YouTube,100均コスメプチプラコスメLOVE,https://www.youtube.com/shorts/0_vdeHdFrmM,,461,,,#SHEGLAMCupid #SHEGLAMHAIR #sheglam #PR ,
YouTube,100均コスメプチプラコスメLOVE,https://www.youtube.com/shorts/AvDUrrrZVFY,,126,,,#SHEGLAMlipgloss #sheglam #PR @sheglam_o,
YouTube,hustlemommych,https://www.youtube.com/shorts/8ChEfqxRA6c,2026-09-28,273,,52,SKINCARE NEWS #10 #Skincare,
YouTube,hustlemommych,https://www.youtube.com/shorts/nBiNC_3g2Wc,,49,,,SKINCARE NEWS #9 #スキンケア,
YouTube,hustlemommych,https://www.youtube.com/shorts/rTuTYz1btYw,,901,,,SKINCARE NEWS #8 #スキンケア,
YouTube,hustlemommych,https://www.youtube.com/shorts/Kr_TUZ0hUxc,2026-09-11,32,,36,TARGET SKINCARE UNDER $50｜Prequelで選んだスキン,
YouTube,hustlemommych,https://www.youtube.com/shorts/iq9OuauCj1w,,198,,,SKINCARE NEWS #7 #スキンケア,
YouTube,hustlemommych,https://www.youtube.com/shorts/7in7bTtrbY4,,153,,,SKINCARE NEWS #6 #スキンケア,
YouTube,hustlemommych,https://www.youtube.com/shorts/Fc-H3V8F8Tg,,60,,,SKINCARE NEWS #5 #スキンケア,
YouTube,hustlemommych,https://www.youtube.com/shorts/lMYmW95n2zE,,19,,,SKINCARE NEWS #4 #スキンケア,
YouTube,hustlemommych,https://www.youtube.com/shorts/8dLjcPCZoT8,,215,,,SKINCARE NEWS #3 #スキンケア,
YouTube,hustlemommych,https://www.youtube.com/shorts/OT5xUqSWnSU,2026-07-19,273,,55,SKINCARE NEWS #2 #スキンケア,
YouTube,statslog2026,https://www.youtube.com/shorts/Xxgp9GksdYE,2026-10-02,56,,37,箱が崩れていても同じと思われる出品、Qoo10と楽天で差は480円,
YouTube,statslog2026,https://www.youtube.com/shorts/wVznbuvqejg,,250,,,毛穴ケア、脂性肌向けだと逆効果？インナードライとの違いを216通りで検証【肌タイ,
YouTube,statslog2026,https://www.youtube.com/shorts/AwEeoZ6L_bk,,255,,,メディアのクリームファンデが6年ぶりに変わった。発売当日にもう110円の差,
YouTube,statslog2026,https://www.youtube.com/shorts/OQcPh3yPbUk,2026-09-18,25,,69,"POLAのB.Aローションが楽天で3,732円安い理由を、POLA公式の案内で確",
YouTube,statslog2026,https://www.youtube.com/shorts/xa6W3yqfW6I,,45,,,楽天・Yahoo!ショッピング・Qoo10・公式を同時刻に見たら「正解の買い方」,
YouTube,statslog2026,https://www.youtube.com/shorts/euO9JZqj1Bw,,51,,,楽天とQoo10のセールを同じ物差しで測ったら「セール」の意味が違った｜2026,
YouTube,statslog2026,https://www.youtube.com/shorts/aZCn5BLFXXY,,108,,,終わった直後の値段は、まだ本当の値段じゃない｜楽天200件を13分後と8時間後に,
YouTube,statslog2026,https://www.youtube.com/shorts/x0wH6_htl5E,,80,,,200件中140件が1円も動きませんでした｜楽天スーパーSALEの答え合わせ,
YouTube,statslog2026,https://www.youtube.com/shorts/8EyXs66AJqc,,251,,,【実測】セールは本当に安かったのか｜200件のうち156件は1円も下がっていなか,
YouTube,statslog2026,https://www.youtube.com/shorts/XQyumZ8ZPHg,2026-09-09,92,,67,【9/9まで】敏感肌の“1位”3つ、どこで買ってもほぼ同じ値段でした｜楽天とQo,
YouTube,にゃんぱんちPunch,https://www.youtube.com/shorts/Jkn79TeYyVw,2026-10-02,17000,,24,船員に志願した猫の乗船方法ｗ,
YouTube,にゃんぱんちPunch,https://www.youtube.com/shorts/f9UpcdFCG-I,,99000,,,警備員さんが退屈しない理由は猫でしたｗ,
YouTube,にゃんぱんちPunch,https://www.youtube.com/shorts/h7TV9RJ94h8,,20000,,,猫をなでただけなのに帰れなくなったｗ,
YouTube,にゃんぱんちPunch,https://www.youtube.com/shorts/P6AUOPARQCM,,19000,,,猫が気になりすぎるイルカたちｗ,
YouTube,にゃんぱんちPunch,https://www.youtube.com/shorts/v3byBsfqIBw,,5600,,,猫の毛で作った人形を投げた結果ｗ,
YouTube,にゃんぱんちPunch,https://www.youtube.com/shorts/O6eDpgmdR1U,,27000,,,見守りカメラをつけた瞬間の猫ｗ,
YouTube,にゃんぱんちPunch,https://www.youtube.com/shorts/3c0ryU7G4Xw,,38000,,,猫が蚊帳を通り抜ける方法ｗ,
YouTube,にゃんぱんちPunch,https://www.youtube.com/shorts/EFTiQHXqMIg,,40000,,,子猫をたくましく育てるママ猫ｗ,
YouTube,にゃんぱんちPunch,https://www.youtube.com/shorts/TeqEShncodI,,26000,,,猫に大人気の釣り人、今日も満席ですｗ,
YouTube,にゃんぱんちPunch,https://www.youtube.com/shorts/wTpo8xjZvis,,29000,,,病院で隠れたつもりの猫が丸見えｗ,
YouTube,qoo-catfood,https://www.youtube.com/shorts/FKkHNh2PYJE,2026-10-02,8100,,35,7 Reasons Why Cats Leave a Little Bit of,
YouTube,qoo-catfood,https://www.youtube.com/shorts/QJILgveCgec,,32000,,,"9 Traits of Excellent Cat Owners, Explai",
YouTube,qoo-catfood,https://www.youtube.com/shorts/iRLTqqEbsQk,,12000,,,Tap the ▶︎ above for details 👇️ [Rescued,
YouTube,qoo-catfood,https://www.youtube.com/shorts/9qyxLUdVZs0,,3000,,,Tap the ▶️ above for details👇️ A Veterin,
YouTube,qoo-catfood,https://www.youtube.com/shorts/WXSD7BKVb-s,,29000,,,↓Tap the ▶︎ above for details👇️【Must Wat,
YouTube,qoo-catfood,https://www.youtube.com/shorts/HBYu9RVpRFg,,12000,,,↓Tap the ▶︎ above for details👇️【What ran,
YouTube,qoo-catfood,https://www.youtube.com/shorts/dDoKR3_2t7c,,23000,,,↓Tap the ▶︎ below for details👇️【Surprisi,
YouTube,qoo-catfood,https://www.youtube.com/shorts/-A58ZHmO2oo,,6800,,,↓Tap the ▶︎ below for details👇️【Owners i,
YouTube,qoo-catfood,https://www.youtube.com/shorts/uG4RcNG102Q,,9600,,,↓Tap the ▶︎ below for details👇️ 8 Cat Co,
YouTube,qoo-catfood,https://www.youtube.com/shorts/PmkX7Hw6IFg,2026-07-10,19000,,62,↓Tap the ▶︎ below for details👇️[Extremel,
YouTube,cats_husky,https://www.youtube.com/shorts/piu23cbGiZY,2026-08-22,1300,,176,【実録】理不尽すぎる猫。パンチされても尻尾を振るハスキー。後半にペットカメラのノ,
YouTube,cats_husky,https://www.youtube.com/shorts/UMJ-ffv8Ha0,,949,,,【野生のお猿の大群と遭遇！！】ハスキーの野生の血（！？）が騒ぎすぎて車内が大騒ぎ,
YouTube,cats_husky,https://www.youtube.com/shorts/Q8Fwvn0wfVY,,11000,,,噛まれても動じなかったハスキー　#ドックラン　#husky #柴犬  #鼻,
YouTube,cats_husky,https://www.youtube.com/shorts/kVJMkLDTaEg,,3800,,,【暴走犬ノーカット】スイッチが入ったハスキー🐺予想不能な動き。#husky #シ,
YouTube,cats_husky,https://www.youtube.com/shorts/g2CJIqgo0KU,,65,,,撫で撫でな〜で　#キジトラ猫#キジトラ　#ねこのいる生活,
YouTube,cats_husky,https://www.youtube.com/shorts/VHNOliJPndc,,6100,,,【締めは今日も伸び】モーニングハスキー　#ハスキー #husky #モーニング　,
YouTube,cats_husky,https://www.youtube.com/shorts/l994df26FWA,,1100,,,【甘え上手】#指#ぺろ #キジトラ#キジトラ猫,
YouTube,cats_husky,https://www.youtube.com/shorts/1NcqIj-Ivns,,1400,,,麦わらの女王様👑が扉越しに威嚇！わんこ（ハスキー）はめげずに「遊ぼうよ〜✨」と猛,
YouTube,cats_husky,https://www.youtube.com/shorts/JmlSEcLL_yo,,3200,,,【麦わら猫vsハスキー】散歩前のハスキーを威嚇する麦わら猫。これでも距離が縮まっ,
YouTube,cats_husky,https://www.youtube.com/shorts/b-zz_APj9m0,,12000,,,壁に謎の物体が‼︎恐る恐る確認したら…。 #ハスキー #husky #謎#物体,
YouTube,wankogohan_vet,https://www.youtube.com/shorts/w4VpnmWFqXI,2026-09-30,2700,,36,How Do You Prepare for Your Dog's Emerge,
YouTube,wankogohan_vet,https://www.youtube.com/shorts/i0ha6ktpAyw,,1400,,,愛犬よろこぶ🐶焼き芋プリン,
YouTube,wankogohan_vet,https://www.youtube.com/shorts/PDwsTvPY4Go,,1600,,,犬のためのはじめて手作りごはん【予約開始📕】,
YouTube,wankogohan_vet,https://www.youtube.com/shorts/VcBjRkpDwDs,,1700,,,愛犬につくる🐶簡単ちゃんぷる,
YouTube,wankogohan_vet,https://www.youtube.com/shorts/F3Cq-a6ijTs,,1400,,,How Much Topping Should You Add to Your ,
YouTube,wankogohan_vet,https://www.youtube.com/shorts/vePr48iV3e0,,2200,,,How Much Water Should Your Dog Drink?,
YouTube,wankogohan_vet,https://www.youtube.com/shorts/aXkYu03Hi_s,,1300,,,愛犬につくる🐶簡単タコライス,
YouTube,wankogohan_vet,https://www.youtube.com/shorts/sokpgs7URbA,,4200,,,Easy Slimey Pork Shabu-Shabu for Your Do,
YouTube,wankogohan_vet,https://www.youtube.com/shorts/ziX0gYPyI_Y,,7100,,,Hydrating Your Dog🐶Water Jelly,
YouTube,wankogohan_vet,https://www.youtube.com/shorts/Tu2fbt-oZ4U,2026-07-15,2500,,36,夏のご褒美🐶フルーツ寒天,
TikTok,nagi.skincare,https://www.tiktok.com/@nagi.skincare/video/7690883471308311828,2026-09-29,11100.0,362.0,19,スクショ必須！ 1本持っておくだけで便利,Clapping Action and Rhythmic Ethnic Drums
TikTok,nagi.skincare,https://www.tiktok.com/@nagi.skincare/video/7689408269533711636,2026-09-25,36700.0,719.0,10,GRWM🧴✨,オリジナル楽曲 - なぎ \
TikTok,nagi.skincare,https://www.tiktok.com/@nagi.skincare/video/7686417995723296020,2026-09-17,36100.0,932.0,90,セラミドの効果を高める相性のいい成分4選,オリジナル楽曲 - なぎ \
TikTok,yun.skincare_,https://www.tiktok.com/@yun.skincare_/video/7691304005560978706,2026-09-30,7555.0,95.0,0（フォト）,元化粧品研究者が、ノーファンデ肌を育てるスキンケアの選び方,アップロード楽曲 - ゆん
TikTok,yun.skincare_,https://www.tiktok.com/@yun.skincare_/video/7688339347334122759,2026-09-22,31500.0,336.0,0（フォト）,ドラッグストアで見かける美白美容液や美白化粧水,アップロード楽曲 - ゆん
TikTok,clair_ange_,https://www.tiktok.com/@clair_ange_/video/7690910365244198145,2026-09-29,934.0,15.0,65,「めっちゃいい化粧水なら、100人全員にすすめる？」,ほのぼのかわいい日常曲
TikTok,clair_ange_,https://www.tiktok.com/@clair_ange_/video/7684606732793957633,2026-09-12,15700.0,33.0,104,スキンケア、たくさん使えば使うほど 肌が綺麗になると思っていませんか？,Let's Go!
TikTok,kobayashi.t_derm,https://www.tiktok.com/@kobayashi.t_derm/video/7691317584980921620,2026-09-30,3430.0,23.0,12,今回は爪のトラブルについて、 皮膚科で治療が,オリジナル楽曲 - こばとも先生【皮膚科医】
TikTok,kobayashi.t_derm,https://www.tiktok.com/@kobayashi.t_derm/video/7688714462034922773,2026-09-23,238500.0,7379.0,12,今回は現役化粧品開発者のとしくんとのコラボ！,original sound - Fortnite Official
TikTok,hani_korea.cosme,https://www.tiktok.com/@hani_korea.cosme/video/7685274706655710485,2026-09-15,2044.0,19.0,10,肌悩みコメントで教えて 一軍／神スキンケア,くるみ割人形より『トレパーク』
TikTok,hani_korea.cosme,https://www.tiktok.com/@hani_korea.cosme/video/7686404151252749589,2026-09-17,8542.0,94.0,0（フォト）,韓国コスメ開発者によるガチレポ レチノールを使わないたるみ,Too Cute to Handle
Instagramリール,yun.skincare_,https://www.instagram.com/reel/Dd_ei28C_-u/,2026-10-02,13236.0,81.0,不明,【メラノCCとオバジC10｜私がオバジを選ぶ理由】,不明
Instagramリール,yun.skincare_,https://www.instagram.com/reel/Dd1Bvw0OxIo/,2026-09-28,30638.0,212.0,不明,【29年ノーファンデの夜スキンケアルーティン】,不明
Instagramリール,nagi.skincare,https://www.instagram.com/reel/Dd83BN_uI_0/,2026-10-01,18478.0,3.0,不明,浮腫みやすい人は見直してみてください,不明
Instagramリール,nagi.skincare,https://www.instagram.com/reel/Dd3te6RubqB/,2026-09-29,30350.0,,不明,スクショ必須！1本持っておくだけで便利,不明
YouTube Shorts,dan.beauty,https://www.youtube.com/shorts/Jq7KUliByyE,2026-09-28,16625.0,310.0,75,【美白ケア美容液】シミ・ニキビ跡悩んでる人は絶対見て！,不明（本人ナレーション推定）
YouTube Shorts,dan.beauty,https://www.youtube.com/shorts/XcSplsbdgYc,2026-09-23,40838.0,497.0,77,毛穴目立ちまくってた昔の自分vs目立たなくなった今の自分,不明（本人ナレーション推定）
YouTube Shorts,dan.beauty,https://www.youtube.com/shorts/q50sjHQ8cuI,2026-09-25,145366.0,1621.0,168,【永久保存版】本当に買うべきクレンジングオイルはこれ,不明（本人ナレーション推定）
TikTok,cosumerebyu00,https://www.tiktok.com/@cosumerebyu00/video/7692011176493944072,2026-10-02,120.0,5.0,7,昔からずっとコンプレックスだったニキビ肌,オリジナル楽曲 - きらら🐕🫧
TikTok,cosumerebyu00,https://www.tiktok.com/@cosumerebyu00/video/7692010750948445447,2026-10-02,66.0,1.0,12,昔は年齢的に仕方ないって諦めてたけど,オリジナル楽曲 - きらら🐕🫧
TikTok,cosumerebyu00,https://www.tiktok.com/@cosumerebyu00/video/7687550758794923272,2026-09-20,429.0,7.0,6,今話題のKATAN PDRN使ったら革命起きた,オリジナル楽曲 - きらら🐕🫧
TikTok,hiyonakanuke,https://www.tiktok.com/@hiyonakanuke/video/7689708844875894023,2026-09-26,407.0,6.0,9,今バズりまくってるクレンジング使ってみたら毛穴の黒ずみ,lucky girl syndrome
TikTok,hiyonakanuke,https://www.tiktok.com/@hiyonakanuke/video/7688961482310110471,2026-09-24,190.0,1.0,9,毛穴の黒ずみや角栓に悩んでる子は絶対このクレンジング,オリジナル楽曲 - ヒヨン
TikTok,hiyonakanuke,https://www.tiktok.com/@hiyonakanuke/video/7688666674672782599,2026-09-23,383.0,1.0,18,今鬼バズってるチャプトナインポアクリアセラムを正直に,オリジナル楽曲 - ヒヨン
TikTok,miirun3,https://www.tiktok.com/@miirun3/video/7692296358119640327,2026-10-03,435.0,1.0,18,美容が大っ好きで いろいろ試してる女です,オリジナル楽曲 - はる🌼
TikTok,miirun3,https://www.tiktok.com/@miirun3/video/7691953050713459976,2026-10-03,113.0,2.0,12,みんなに褒めてもらえるけど、チャプトナインと出会う前は,オリジナル楽曲 - はる🌼
TikTok,theevergreenxxx,https://www.tiktok.com/@theevergreenxxx/video/7692324544857541895,2026-10-03,361.0,14.0,292,黒く見える毛穴 実は、、、 メラニン毛穴かも,オリジナル楽曲 - 石川さん\
TikTok,theevergreenxxx,https://www.tiktok.com/@theevergreenxxx/video/7689698194812374290,2026-09-26,477.0,2.0,0（フォト）,クレンジングしても小鼻の角栓が綺麗にならない,Let's Go Shimmer
TikTok,theevergreenxxx,https://www.tiktok.com/@theevergreenxxx/video/7687918328404380949,2026-09-21,470.0,6.0,0（フォト）,鼻の黒ずみ 顔が近いとき 毛穴が気になって,Glow Up Is Me
Instagramリール,ame.beautylog,https://www.instagram.com/reel/DeB7cKTArhV/,2026-10-03,49.0,10.0,不明,塗る美容と食べる美容🤍 UIQの2アイテム,不明
Instagramリール,ame.beautylog,https://www.instagram.com/reel/Dd6YQT6xqkv/,2026-09-30,327.0,26.0,不明,スキンケアの成分選びで迷ってる人へ🧡,不明
Instagramリール,ame.beautylog,https://www.instagram.com/reel/DdjKO5PgqCx/,2026-09-21,615.0,84.0,不明,マニョのグルタチオンセラム＆パッチを7日間使ってみた,不明
TikTok,karin.biyou2,https://www.tiktok.com/@karin.biyou2/video/7691637644077305089,2026-10-01,615.0,,不明,⚠️beforeからのこのツヤ感、凄すぎない…！？,不明
TikTok,karin.biyou2,https://www.tiktok.com/@karin.biyou2/video/7691178736909028629,2026-09-30,298.0,,不明,🚨【本日セール最終日！】大バズり中のジオナ美容液,不明
TikTok,nabenabeta2,https://www.tiktok.com/@nabenabeta2/video/7689715949523553557,2026-09-26,34.0,,不明,薄毛で悩んでる男は急げ👊カミストロのトクトクSALE,不明
Instagramリール,uchan_beauty,https://www.instagram.com/reel/Dd33c9UIj5S/,2026-09-29,854.0,5.0,不明,不明（reelsタブ、キャプション未取得）,不明
Instagramリール,elan_lotus,https://www.instagram.com/reel/Dd3YkW8veCP/,2026-09-29,758.0,54.0,不明,不明（reelsタブ、キャプション未取得）,不明
Instagramリール,mama_jr5,https://www.instagram.com/reel/Ddx4u7ISHhC/,2026-09-27,171.0,,不明,不明（直近30日唯一のリール）,不明
YouTube Shorts,Ai-nh2hn,https://www.youtube.com/shorts/vii706jybKM,2026-05-19,171.0,,149,#スキンケア #スキンケアレビュー #正直レビュー #アラフォー,不明
YouTube Shorts,nekoping_blog,https://www.youtube.com/shorts/vNbMXhC4A5I,2026-10-03,805.0,,23,ペットカメラ、猫に倒されない置き場所のコツ,VOICEVOX春日部つむぎ＋BGMオリジナル（説明文）
YouTube Shorts,nekoping_blog,https://www.youtube.com/shorts/6LOE7xEmGGI,2026-10-03,692.0,,不明,Windows 10はいつまで使える？延長サポートは,不明
YouTube Shorts,nekoping_blog,https://www.youtube.com/shorts/Lw9QgB8OCoM,2026-10-03,908.0,,不明,中継機を置いたのに遅い？置き場所は「中間あた,VOICEVOX（説明文）
YouTube Shorts,nekoping_blog,https://www.youtube.com/shorts/1FjiBL_SNAA,2026-10-03,163.0,,不明,ルーターやペットカメラの電気代、1か月いくら？,不明
YouTube Shorts,nekoping_blog,https://www.youtube.com/shorts/PCSM6f-vL3I,2026-10-02,921.0,,不明,Wi-Fiのパスワードを忘れた！確認する4つの場所,不明
YouTube Shorts,nekoping_blog,https://www.youtube.com/shorts/W8Q39Hyhyzo,2026-09-27,5.0,,25,ペットカメラの通知が多すぎる・来ないときの見直,VOICEVOX（説明文）
YouTube Shorts,makoto_camera,https://www.youtube.com/shorts/YvJ2Jd95n8o,2026-09-30,1165.0,14.0,50,お留守番の白さん｜テーブルで電気チェックして寝,AI生成ナレーション（説明文）
YouTube Shorts,makoto_camera,https://www.youtube.com/shorts/CyrvJ6Z9y6M,2026-09-28,155.0,,不明,早朝4時、窓際でくつろぐ白さん｜朝も元気そうな観,AI生成ナレーション（説明文）
YouTube Shorts,makoto_camera,https://www.youtube.com/shorts/aq0cfCc_Smc,2026-09-28,1142.0,3.0,30,窓の外が気になる白さん｜夜8時のパトロール観察ロ,AI生成ナレーション（説明文）
YouTube Shorts,makoto_camera,https://www.youtube.com/shorts/EF8NPP9-tGU,2026-09-27,1000.0,,不明,AIが見つけた朝の白さん｜餌やりさんに寄り添って,AI生成ナレーション（説明文）
YouTube Shorts,makoto_camera,https://www.youtube.com/shorts/DJml91cqi_o,2026-09-26,337.0,,30,AIがペットカメラを巡回して白さんを発見｜朝5時の,AI生成ナレーション（説明文）
Instagramリール,sakinon_neco,https://www.instagram.com/reel/DeBvfUoyUp-/,2026-10-03,850.0,116.0,不明,元々ワンワン鳴くけどさらに上を目指し特訓中,不明
Instagramリール,sakinon_neco,https://www.instagram.com/reel/Dd_KDIDyD5H/,2026-10-02,1576.0,219.0,不明,殆どの朝オカンが寝てるところ来て,不明
Instagramリール,sakinon_neco,https://www.instagram.com/reel/Dd6Nru4SyWa/,2026-09-30,1260.0,228.0,不明,#ハートアクションに参加します,不明
Instagramリール,sakinon_neco,https://www.instagram.com/reel/DdyfWTpyo0K/,2026-09-27,3502.0,247.0,不明,後からカメラで見たらアホッ #ファーボは見た,不明
Instagramリール,sakinon_neco,https://www.instagram.com/reel/DdqzLDdPaLc/,2026-09-24,1228.0,249.0,不明,何故にそんないつもいつも出してるん,不明
Instagramリール,kohadachan2020,https://www.instagram.com/reel/DcVNoLQzqYu/,2026-08-22,,0.0,不明,お留守番中のこはだを見守るために使い始めたFurbo,不明
Instagramリール,kohadachan2020,https://www.instagram.com/reel/Dd8sj6eTaD1/,2026-10-01,129.0,6.0,不明,脱ぎたての靴下大好きだワン,不明
Instagramリール,scotancat,https://www.instagram.com/reel/DdvhQEBSsla/,2026-09-26,22.0,9.0,不明,iPhoneからのプレゼント スコたんの誕生日,不明
Instagramリール,scotancat,https://www.instagram.com/reel/DdJUVviyTI3/,2026-09-11,258.0,10.0,不明,寝ていてもファーボが全部教えてくれます,不明
YouTube Shorts,coup-coup,https://www.youtube.com/shorts/jEoML1CKTW0,2026-10-03,53.0,,不明,譲れない闘い…くーちゃん,不明
Instagramリール,gintokohaku,https://www.instagram.com/reel/Dd-_zdXossD/,2026-10-02,130.0,4.0,不明,日向ぼっこ仲間に入れてほしい#ペットカメラ,VOICEVOX：猫使ビィ＋BGM甘茶の音楽工房
Instagramリール,gintokohaku,https://www.instagram.com/reel/DdlbXfjI-N_/,2026-09-22,205.0,5.0,不明,ドッキリ合戦をするねこ　#ペットカメラ,VOICEVOX：猫使ビィ
Instagramリール,gintokohaku,https://www.instagram.com/reel/Dc-_M8SoBcR/,2026-09-07,150.0,5.0,不明,ぽっちゃり猫のパルクール　#ペットカメラ,VOICEVOX：猫使ビィ
Instagramリール,gintokohaku,https://www.instagram.com/reel/Dc3LI3yoGGX/,2026-09-04,163.0,8.0,不明,ツンデレ猫初めてのギュッ♥　#ペットカメラ,VOICEVOX：猫使ビィ
Instagramリール,gintokohaku,https://www.instagram.com/reel/DdsiTGiIfK0/,2026-09-25,295.0,5.0,不明,触っても起きないねこ　#野生の本能,VOICEVOX：猫使ビィ
Instagramリール,iorek_wss,https://www.instagram.com/reel/DYEt4bfStgc/,2026-05-08,5671.0,146.0,不明,お留守番中の見守りカメラ映像です！,不明
Instagramリール,iorek_wss,https://www.instagram.com/reel/Dd50wyBSN0q/,2026-09-30,694.0,53.0,不明,「わんこ証明写真」を撮りました,不明
Instagramリール,iorek_wss,https://www.instagram.com/reel/Dd3icXzSm0a/,2026-09-29,749.0,93.0,不明,雨続きでお散歩も不完全燃焼…DOG DEPTへ,不明
Instagramリール,p.m.miitan,https://www.instagram.com/reel/DbKJVnXTKpI/,2026-07-24,341087.0,126023.0,不明,みーたん、近いです #ガン詰されるカメラ,不明
Instagramリール,p.m.miitan,https://www.instagram.com/reel/Dd_R5BizIq-/,2026-10-02,885.0,28.0,不明,え、臭かった？？ #三毛猫 #保護猫,不明
Instagramリール,p.m.miitan,https://www.instagram.com/reel/Dc8H6PcT0Sb/,2026-09-06,450.0,51.0,約40秒（キャプション）,紙コップチャレンジ,不明
Instagramリール,08suuut08,https://www.instagram.com/reel/DdyTPDxI8ag/,2026-09-27,333.0,30.0,不明,スーパーの駐車場でチルする柴犬,トレンド音源の可能性（#若者のすべて）
Instagramリール,08suuut08,https://www.instagram.com/reel/Ddn8eUiooQB/,2026-09-23,272.0,22.0,不明,今年最後のコーーーン,不明
Instagramリール,lululu_room,https://www.instagram.com/reel/Dd8yu65CVgT/,2026-10-01,234.0,30.0,不明,#シーズー#shihtzu#はなぺちゃ,不明
Instagramリール,lululu_room,https://www.instagram.com/reel/Dd2Ckw5TYom/,2026-09-29,288.0,45.0,不明,昨日で2歳7ヶ月になりましたー,不明
Instagramリール,nekoping_blog,https://www.instagram.com/reel/DeBPy3ZPZ9H/,2026-10-03,14.0,0.0,不明,不明（キャプション未取得）,不明
Instagramリール,nekoping_blog,https://www.instagram.com/reel/DeBPnTFhsyS/,2026-10-03,44.0,0.0,不明,不明（キャプション未取得）,不明
Instagramリール,robotarochan26,https://www.instagram.com/reel/DReVO-1kyaA/,2025-11-25,154.0,1.0,不明,個人アカウント作りました！#ペットカメラ #ロボとーちゃん,不明
Instagramリール,m.coco_0909,https://www.instagram.com/reel/Dc3hzyDShaC/,2026-09-04,1205.0,168.0,不明,ココミコ時間。#ラクドール #猫の日常,不明
Instagramリール,m.coco_0909,https://www.instagram.com/reel/DdYs_oNBS_P/,2026-09-17,3284.0,212.0,不明,プロニートココミコ,不明
TikTok,cham_0914,https://www.tiktok.com/@cham_0914/video/7662994627196194055,2026-07-16,336.0,65.0,50,お留守番中のちゃむを見守りカメラで観察しました,のんびり、おどけた雰囲気の可愛い日常曲 / すもち
TikTok,wakatiki82,https://www.tiktok.com/@wakatiki82/video/7683497808837479688,2026-09-09,2891.0,40.0,60,我が子のお留守番、どうしてますか？,ほのぼのかわいい日常曲 / すもち
TikTok,omochitoiimasu,https://www.tiktok.com/@omochitoiimasu/video/7179869853099052289,2022-12-22,1700000.0,115100.0,16,#ペット #ペットのいる暮らし #ペキプー #ぺきぷー,大暴走 / TOMO🍰
TikTok,upako_v,https://www.tiktok.com/@upako_v/video/7664169879972416788,2026-07-19,239.0,23.0,31,カメラの前からほぼ動かん,オリジナル楽曲 - 保育士になりたい高校生
TikTok,kota__sz111,https://www.tiktok.com/@kota__sz111/video/7667900275734170898,2026-07-29,238800.0,,不明,ペットカメラ見たらまさかのお水かぶってた,不明（ttv空。数字はtt.py embed）
TikTok,chapi0625,https://www.tiktok.com/@chapi0625/video/7594451085482528018,2026-01-12,472300.0,,不明,数日家を空けてた彼氏、そろそろ帰ってきてるかな〜ってペットカメラ見たら,不明（ttv空。数字はtt.py embed）
TikTok,giz_kohak,https://www.tiktok.com/@giz_kohak/video/7675298047164779796,2026-08-18,6407.0,,不明,お留守番中の琥珀先生を覗いてみたら… 我が家では、8月からHHOLOVEのYUN,不明（ttv空。数字はtt.py embed）
YouTube Shorts,tantan0728,https://www.youtube.com/watch?v=HeC8EzIZ6NY,2026-10-03,1481.0,4.0,120,tantanの日常 綺麗綺麗 #shorts,不明
YouTube Shorts,tantan0728,https://www.youtube.com/watch?v=RpAM_es3bgs,2024-03-16,68.0,7.0,61,240316 tantanの日常 留守番カメラ自動追尾中 寝子,不明
YouTube Shorts,八正道1219,https://www.youtube.com/watch?v=8mZZNrTOz6A,2026-10-03,401.0,14.0,125,2026年10月3日,不明
YouTube Shorts,八正道1219,https://www.youtube.com/watch?v=CqbO3c19FEI,2026-08-19,55.0,1.0,18,ペットカメラが捉えた謎の飛行物体,不明
YouTube Shorts,BellSuzuchan,https://www.youtube.com/watch?v=fllgfz5xIrk,2026-10-02,1260.0,3.0,7,見てみて🎶こんにゃにジャ〜ンプ #ベルちゃん,不明
YouTube Shorts,BellSuzuchan,https://www.youtube.com/watch?v=zt2CfytUGw0,2026-09-29,26.0,4.0,23,それはお友達の... ベルちゃんなんでもおもちゃ,不明
YouTube Shorts,BellSuzuchan,https://www.youtube.com/watch?v=q2fjDsGcfgw,2019-01-12,31.0,1.0,80,Furboで声をかけてみた！カメラ前のふたりが可愛すぎる,不明
YouTube Shorts,fujina1006,https://www.youtube.com/watch?v=wwhXkiuHeck,2026-10-03,1326.0,13.0,15,深夜2時いつものスタイルは #cat,不明
YouTube Shorts,kojiro-neko,https://www.youtube.com/watch?v=Kb14eawD5Cs,2026-10-03,733.0,7.0,32,#3459,不明
YouTube Shorts,けマック,https://www.youtube.com/watch?v=uJ87XntZfs8,2026-10-03,1088.0,42.0,12,#老犬介護 #癒し #大型犬のいる生活,不明
YouTube Shorts,けマック,https://www.youtube.com/watch?v=g_81KTL3p30,2026-05-18,50.0,,10,ペットカメラの様子📸,不明
YouTube Shorts,小町との日々,https://www.youtube.com/watch?v=h1VV2G886fY,2021-03-10,54.0,3.0,270,【トイプードル】こまちの監視カメラ買ってみた,不明
YouTube Shorts,rivaches,https://www.youtube.com/watch?v=KVwJNJF5UH4,2022-03-03,76.0,6.0,180,見守りカメラでお留守番猫を見てみた！,不明
YouTube Shorts,rivaches,https://www.youtube.com/watch?v=Imcv76dPcnQ,2026-06-27,201.0,4.0,27,爆睡猫、寝方人間やん #元保護猫,不明
YouTube,るるは私の宝物,https://www.youtube.com/watch?v=Rtvvedg3fC8,2026-10-01,1014.0,,29,雨上がり、久しぶりのお出かけ,不明
YouTube,るるは私の宝物,https://www.youtube.com/watch?v=nO_8lqG3GT8,2026-09-14,1140.0,,34,新しいお友だち🐧,不明
YouTube,るるは私の宝物,https://www.youtube.com/watch?v=MxeQmsV69xk,2026-09-11,253.0,19.0,480,おにゅーのおーち,不明
YouTube,るるは私の宝物,https://www.youtube.com/watch?v=lttzHiPdCqA,2026-09-03,140.0,18.0,413,ベッドの上はやめて欲しいのが本音,不明
YouTube,るるは私の宝物,https://www.youtube.com/watch?v=WbX-Kuqoehk,2023-03-21,122.0,13.0,612,ペットカメラを設置されたポメチワるる,不明
YouTube Shorts,15年ぶりの子犬,https://www.youtube.com/watch?v=qs0ZjJ07sig,2026-09-28,82.0,13.0,60,ステラ2歳になりました　お誕生日会開催！,不明
YouTube Shorts,15年ぶりの子犬,https://www.youtube.com/watch?v=LZXHOc1k3Gc,2026-09-21,1111.0,15.0,59,エトワとステラ　ダックス多頭飼いの日常　ワンプロ,不明
YouTube Shorts,torakichino_ch,https://www.youtube.com/watch?v=orJZrNEtvvg,2026-09-10,1340.0,11.0,60,大福はエビ、白玉はクッションにケリケリするのが大好き,不明
YouTube Shorts,torakichino_ch,https://www.youtube.com/watch?v=AVv0XEjAazg,2026-09-07,1444.0,,53,サイコロはカップの中でどう動く？ダイススタッキング,不明
YouTube Shorts,torakichino_ch,https://www.youtube.com/watch?v=6jrk04hGqkU,2026-09-06,1262.0,,60,ダイススタッキング　四十六のピンクジャージおじさん,不明
YouTube Shorts,torakichino_ch,https://www.youtube.com/watch?v=HC8CsfJyVdU,2026-09-03,1314.0,,10,やったー！登録者数400人になりました！,不明
YouTube Shorts,torakichino_ch,https://www.youtube.com/watch?v=S5DGb0HCWZQ,2025-03-16,317.0,5.0,3,ペットカメラシリーズ　大福、何を見てビックリしたのか？,不明
YouTube Shorts,nekono.maychu0415,https://www.youtube.com/watch?v=A61PEE1EKNg,2026-10-01,856.0,5.0,59,ハロウィンコス決めた？#cat#Halloween,不明
YouTube Shorts,nekono.maychu0415,https://www.youtube.com/watch?v=XbXqObNRdkg,2026-09-18,1042.0,2.0,11,おすすめのカメラ！#cat#scottishfold,不明
YouTube Shorts,nekono.maychu0415,https://www.youtube.com/watch?v=CKHjAIcMsMg,2026-08-15,2071.0,19.0,22,お留守番中のヌコ様がなにしてるか知ってますか,不明
YouTube Shorts,はみねろ,https://www.youtube.com/watch?v=cBugMGxtZ9c,2020-07-01,375.0,10.0,214,お留守番カメラの様子【エキゾチックショートヘア】,不明
YouTube,chibizaru.hp0,https://www.youtube.com/watch?v=_yrMVieQ1F4,2022-11-11,199.0,12.0,135,【犬の留守番】Furbo動画確認したらwww,不明
TikTok,yuiwan_recipe,https://www.tiktok.com/@yuiwan_recipe/video/7692361462232173832,2026-10-03,701.0,28.0,15,愛犬のおやつに超簡単な 豆腐チュロスを作ってみたよ,เสียงต้นฉบับ - MEPLE
TikTok,yuiwan_recipe,https://www.tiktok.com/@yuiwan_recipe/video/7691256924804762887,2026-09-30,12100.0,202.0,19,愛犬に簡単見た目もかわいい かぼちゃのスタークッキーを作ってみたよ,Level Complete Brian Tyler
TikTok,yuiwan_recipe,https://www.tiktok.com/@yuiwan_recipe/video/7689774439294192903,2026-09-26,1886.0,49.0,19,愛犬のごはん、今日はちょっと特別にすき焼き風,original sound - Ayumu Imazu
TikTok,doberman_louis_hemi_law,https://www.tiktok.com/@doberman_louis_hemi_law/video/7692080948954877202,2026-10-02,50400.0,2575.0,161,本日のASMR,オリジナル楽曲 - ドーベルマンASMR🔥
TikTok,doberman_louis_hemi_law,https://www.tiktok.com/@doberman_louis_hemi_law/video/7690594315885628680,2026-09-28,170500.0,8902.0,149,本日のASMR,オリジナル楽曲 - ドーベルマンASMR🔥
TikTok,doberman_louis_hemi_law,https://www.tiktok.com/@doberman_louis_hemi_law/video/7687638729833450760,2026-09-21,248300.0,8765.0,161,ドーベルマンASMR,オリジナル楽曲 - ドーベルマンASMR🔥
TikTok,moalana2,https://www.tiktok.com/@moalana2/video/7681972700708883733,2026-09-05,36100.0,1235.0,61,♡もあらなまぅハートの炊飯器ご飯🍚 〜本日のmenu〜,オリジナル楽曲 - ☪️源氏パイ🐧☪️
TikTok,moalana2,https://www.tiktok.com/@moalana2/video/7671617930831908117,2026-08-08,389300.0,8405.0,62,♡もあらなまぅハートの炊飯器ご飯🍚 〜本日のmenu〜,オリジナル楽曲 - ☪️源氏パイ🐧☪️
TikTok,moalana2,https://www.tiktok.com/@moalana2/video/7664181833772354837,2026-07-19,57700.0,1680.0,62,♡もあらなまぅハートの炊飯器ご飯🍚 〜本日のmenu〜,オリジナル楽曲 - ☪️源氏パイ🐧☪️
YouTube Shorts,はちみつクレヨンTV,https://www.youtube.com/shorts/FpVpwpVZZAg,2026-09-30,949.0,,49,愛犬と一緒にMOONLIGHTクッキーを食べたらおいしすぎた！,不明
YouTube Shorts,はちみつクレヨンTV,https://www.youtube.com/shorts/MsOVrLt5aq0,2026-09-26,1482.0,23.0,60,愛犬に超簡単にんじんチップスを手作りしたらパリパリ,不明
YouTube Shorts,はちみつクレヨンTV,https://www.youtube.com/shorts/7yOE-1PLSZ0,2026-09-24,887.0,10.0,36,鶏むね肉レバーの犬ごはんあげたら爆食だった！,不明
Instagramリール,aiken_oyatsu,https://www.instagram.com/reel/DeAzfWiSf2s/,2026-10-03,49412.0,,不明,愛犬と一緒に食べられるレシピはこちら👇 堅焼きポテチ,不明
Instagramリール,aiken_oyatsu,https://www.instagram.com/reel/Dd5nQ1-SfkH/,2026-09-30,53734.0,,不明,愛犬と一緒に食べられるレシピはこちら👇 ヨーグルトケーキ,不明
Instagramリール,aiken_oyatsu,https://www.instagram.com/reel/Ddxp1d-yiqC/,2026-09-27,22620.0,,不明,愛犬と一緒に食べられるレシピはこちら👇 さつまいもとにんじんのボーロ,不明
Instagramリール,yuiwan_recipe,https://www.instagram.com/reel/Dd_HkHDOP68/,2026-10-02,1805.0,15.0,不明,不明,不明
Instagramリール,yuiwan_recipe,https://www.instagram.com/reel/Dd3XMO_BQFg/,2026-09-29,4264.0,59.0,不明,不明,不明
Instagramリール,yuiwan_recipe,https://www.instagram.com/reel/Ddi0ANWtwxk/,2026-09-21,3786.0,26.0,不明,不明,不明
Instagramリール,sayako.inuneko,https://www.instagram.com/reel/DeBtu1iPYPb/,2026-10-03,537.0,7.0,不明,手作り初心者さんでも安心して始められる無料プレゼント中,不明
Instagramリール,sayako.inuneko,https://www.instagram.com/reel/Dd_Ns6XSPML/,2026-10-02,5156.0,161.0,不明,手作り初心者さんでも安心して始められる無料プレゼント中,不明
Instagramリール,sayako.inuneko,https://www.instagram.com/reel/Dd8yWrry2m6/,2026-10-01,7558.0,241.0,不明,手作り初心者さんでも安心して始められる無料プレゼント中,不明
Instagramリール,hachimitsu_crayon,https://www.instagram.com/reel/Dd56lKFT6ks/,2026-09-30,3101.0,121.0,不明,昔からの人気定番おやつMOONLIGHT🍪 愛犬と一緒に,不明
Instagramリール,hachimitsu_crayon,https://www.instagram.com/reel/Ddutnjpv4Hj/,2026-09-26,3339.0,109.0,不明,超簡単！にんじんの薬膳チップスを手作りしたよ🥕,不明
Instagramリール,hachimitsu_crayon,https://www.instagram.com/reel/DdNKPqmTcNd/,2026-09-13,4257.0,174.0,不明,材料３つ、１分でできる超簡単わんこ用手作りケーキ！,不明
Instagramリール,usagiya.oyatu,https://www.instagram.com/reel/Dd5TkqaPZrr/,2026-09-30,260.0,27.0,不明,うさぎ屋ママです🤱👩👩 １０／4はイベントです！,不明
Instagramリール,usagiya.oyatu,https://www.instagram.com/reel/DdwVAg_y8TS/,2026-09-27,395.0,47.0,不明,うさぎ屋ママです👩🤱👩 手羽先を焼いていますよ！,不明
Instagramリール,usagiya.oyatu,https://www.instagram.com/reel/DdP1Gnhvf8H/,2026-09-14,1243.0,53.0,不明,うさぎ屋ママです🤱👩👩 秋のイベントです！,不明
Instagramリール,usagiya.oyatu,https://www.instagram.com/reel/DdDbsg-vlXX/,2026-09-09,484.0,40.0,不明,うさぎ屋ママです トライプが入荷しました。,不明
Instagramリール,usagiya.oyatu,https://www.instagram.com/reel/Dc6lfEWva-C/,2026-09-06,571.0,40.0,不明,うさぎ屋ママです🤱🤱🤱 鹿レバーとトライプ米粉です,不明
Instagramリール,nanae117,https://www.instagram.com/reel/Dd3gJRwzyfa/,2026-09-29,172.0,54.0,不明,寝起きでも、飼い主の動きに俊敏に気づくぴの助くん,不明
Instagramリール,nanae117,https://www.instagram.com/reel/DdnPfTzz-w3/,2026-09-23,364.0,60.0,不明,カボチャと鱈(タラ)のリゾット🎃🐟️ 洒落たランチ,不明
Instagramリール,world_paddy,https://www.instagram.com/reel/DeBzsJSz3WT/,2026-10-03,176.0,2.0,不明,不明（本文未取得）,不明
Instagramリール,jollydog2024,https://www.instagram.com/reel/DdV2OlOhHst/,2026-09-16,261.0,11.0,不明,不明（サロン系。本文未取得）,不明
Instagramリール,jollydog2024,https://www.instagram.com/reel/DdOGs57BAaB/,2026-09-13,207.0,3.0,不明,不明（サロン系。本文未取得）,不明
Instagramリール,world_paddy,https://www.instagram.com/reel/DdlgGvOzLGv/,2026-09-22,133.0,2.0,不明,不明（本文未取得）,不明
Instagramリール,world_paddy,https://www.instagram.com/reel/DdBfsWfTJBW/,2026-09-08,65.0,2.0,不明,不明（本文未取得）,不明
Instagramリール,ohanasan_wankogohan,https://www.instagram.com/reel/DYrOA9TSy40/,2026-05-23,84.0,,不明,不明,不明
Instagramリール,arinko_shokudo,https://www.instagram.com/reel/DWbgGKgExn4/,2026-03-28,172.0,5.0,不明,不明,不明
Instagramリール,minorifarm_dogtreats,https://www.instagram.com/reel/DdcsP91ytyi/,2026-09-19,520.0,13.0,不明,不明,不明
Instagramリール,early.step.pet_yakuzen,https://www.instagram.com/reel/DbhQ_eYzk8n/,2026-08-02,504.0,,不明,不明,不明
Instagramリール,saaya_inu_kitchen,https://www.instagram.com/reel/DVyKZbujjeG/,2026-03-12,120.0,2.0,不明,愛犬レシピはこちらから👇 ＼愛犬用牛丼／,不明
Instagramリール,1wan_meal,https://www.instagram.com/reel/Dd81Y7GxYz5/,2026-10-01,15642.0,3.0,不明,不明（いいね3・広告疑い）,不明
Instagramリール,aya_kichikichi,https://www.instagram.com/reel/Dd_Tqkep-Uw/,2026-10-02,211.0,3.0,不明,不明,不明
Instagramリール,isaac_dogstagram,https://www.instagram.com/reel/Dd_Cq7OJW9v/,2026-10-02,723.0,3.0,不明,不明,不明
Instagramリール,_ami_kitchen_,https://www.instagram.com/reel/Dd6MrcdPU3V/,2026-09-30,94.0,4.0,不明,犬の手作りおやつ 気軽に作れる、シンプルレシピ。 青のりポテトチップス,不明
Instagramリール,_ami_kitchen_,https://www.instagram.com/reel/Dd00lisPbju/,2026-09-28,103.0,7.0,不明,犬の手作りごはん いつもの食材でつくる やさしいレシピ 鶏肉と大根のごはん,不明
Instagramリール,_ami_kitchen_,https://www.instagram.com/reel/DdyH_VcP-5s/,2026-09-27,216.0,6.0,不明,犬の手作りおやつ 気軽に作れる、シンプルレシピ。 米粉のたまご蒸しパン,不明
Instagramリール,_ami_kitchen_,https://www.instagram.com/reel/DdtNKBlzMqk/,2026-09-25,184.0,8.0,不明,犬の手作りごはん いつもの食材でつくる やさしいレシピ 豚肉と蓮根のごはん,不明
Instagramリール,_ami_kitchen_,https://www.instagram.com/reel/DdqjaCEvdcb/,2026-09-24,146.0,12.0,不明,犬の手作りおやつ 気軽に作れる、シンプルレシピ。 かぼちゃプリン,不明
Instagramリール,_ami_kitchen_,https://www.instagram.com/reel/DdlWoYiyi27/,2026-09-22,121.0,7.0,不明,犬の手作りごはん いつもの食材でつくる やさしいレシピ 鶏肉ときのこのごはん,不明
Instagramリール,_ami_kitchen_,https://www.instagram.com/reel/DdiYfA-p9h5/,2026-09-21,242.0,6.0,不明,犬の手作りおやつ 気軽に作れる、シンプルレシピ。 甘栗ザクザククッキー,不明
Instagramリール,_ami_kitchen_,https://www.instagram.com/reel/DdRCkToJHiE/,2026-09-14,143.0,8.0,不明,犬の手作りおやつ 気軽に作れる、シンプルレシピ。 ころころスイートポテト,不明
Instagramリール,_ami_kitchen_,https://www.instagram.com/reel/DdI_-uiyJaR/,2026-09-11,90.0,8.0,不明,犬の手作りごはん いつもの食材でつくる やさしいレシピ 豚肉とさつまいものごはん,不明
Instagramリール,_ami_kitchen_,https://www.instagram.com/reel/DdD3jwov48Y/,2026-09-09,268.0,12.0,不明,犬の手作りおやつ 気軽に作れる、シンプルレシピ。 お豆腐マドレーヌ,不明
Instagramリール,_ami_kitchen_,https://www.instagram.com/reel/DdBN-wmvvCz/,2026-09-08,135.0,5.0,不明,犬の手作りごはん いつもの食材でつくる やさしいレシピ ふんわりタラつくね,不明
Instagramリール,_ami_kitchen_,https://www.instagram.com/reel/Dc8HS8zPngE/,2026-09-06,216.0,5.0,不明,犬の手作りおやつ 気軽に作れる、シンプルレシピ。 納豆きなこビッツ,不明
Instagramリール,ame.beautylog,https://www.instagram.com/reel/DeB7cKTArhV/,2026-10-03,61.0,11.0,不明,塗る美容と食べる美容🤍 UIQの2アイテム,不明
Instagramリール,ame.beautylog,https://www.instagram.com/reel/Dd_eplhg023/,2026-10-02,267.0,22.0,不明,この透明なパッチでひんやりうるおいケア,不明
Instagramリール,ame.beautylog,https://www.instagram.com/reel/Dd-osM2gA8G/,2026-10-02,271.0,29.0,不明,顔もボディもケアしたらデリケートゾーンにも,不明
Instagramリール,ame.beautylog,https://www.instagram.com/reel/Dd6YQT6xqkv/,2026-09-30,327.0,26.0,不明,スキンケアの成分選びで迷ってる人へ🧡,不明
Instagramリール,yosi00527,https://www.instagram.com/reel/Dd3u3qLyBLH/,2026-09-29,64.0,15.0,不明,#PR リードラーズ CICA名門VT ゆらぎ対策,不明
Instagramリール,yosi00527,https://www.instagram.com/reel/DdXwxbQPR0q/,2026-09-17,89.0,29.0,不明,VTリードルショットで全身つるすべケア,不明
Instagramリール,yosi00527,https://www.instagram.com/reel/DdHAI_KvMrc/,2026-09-10,87.0,28.0,不明,プレミアムホームエステケアセット,不明
Instagramリール,yosi00527,https://www.instagram.com/reel/DdBoeYdzG7l/,2026-09-08,128.0,27.0,不明,発泡剤・研磨剤無配合のジェル歯みがき剤,不明
Instagramリール,yosi00527,https://www.instagram.com/reel/Dc8XI_Jvmgd/,2026-09-06,187.0,39.0,不明,1回の充電で180日使える電動歯ブラシ,不明
Instagramリール,chibimama.cosme,https://www.instagram.com/reel/Dd6TKrjvTuq/,2026-09-30,11104.0,275.0,不明,Qoo10サンプルハウスにお邪魔してきました,不明
Instagramリール,chibimama.cosme,https://www.instagram.com/reel/Dd1ANO8T7qt/,2026-09-28,420.0,71.0,不明,【1004DAY エディションセット】SKIN1004,不明
Instagramリール,chibimama.cosme,https://www.instagram.com/reel/DdvxSimhfjF/,2026-09-26,284.0,54.0,不明,マデカクリームで有名なセンテリアン24が,不明
Instagramリール,chibimama.cosme,https://www.instagram.com/reel/DdtWyedBAk0/,2026-09-25,271.0,42.0,不明,PRでいただいたものだけど、すごく気に入ってしまった,不明
Instagramリール,chibimama.cosme,https://www.instagram.com/reel/Ddi5aQfhPKx/,2026-09-21,704.0,83.0,不明,お肌が整う私のSKIN1004ナイトルーティン,不明
Instagramリール,chibimama.cosme,https://www.instagram.com/reel/DdTclEUhuTE/,2026-09-15,628.0,105.0,不明,【SKIN1004 センテラ ライトクレンジングオイル】,不明
Instagramリール,niyomama_cosme,https://www.instagram.com/reel/Dd_UV_7zqJG/,2026-10-02,48.0,10.0,不明,🍂 秋の砂漠肌、回避作戦開始。,不明
Instagramリール,niyomama_cosme,https://www.instagram.com/reel/Dd3oZidz7_w/,2026-09-29,71.0,16.0,不明,＼最近、なんとなく変化を感じていませんか？／,不明
Instagramリール,niyomama_cosme,https://www.instagram.com/reel/DdquP99Tk7L/,2026-09-24,77.0,27.0,不明,最近、肌のハリやキメが気になるお年頃…🥺,不明
Instagramリール,niyomama_cosme,https://www.instagram.com/reel/Ddlg5SCz4NI/,2026-09-22,106.0,24.0,不明,メゾンドブーケ プロテクト デイクリーム,不明
Instagramリール,niyomama_cosme,https://www.instagram.com/reel/DdWIjERhQ7d/,2026-09-16,68.0,17.0,不明,⭐︎PR⭐︎ お風呂上がり、すぐドライヤーできない問題,不明
Instagramリール,niyomama_cosme,https://www.instagram.com/reel/DdOuBGRh2i7/,2026-09-13,100.0,26.0,不明,本気で毛穴ケア、始めます！,不明
Instagramリール,niyomama_cosme,https://www.instagram.com/reel/Dc-9LAKhjpR/,2026-09-07,114.0,26.0,不明,最近クリームを選ぶときに保湿力だけじゃなくて,不明
Instagramリール,uruhyung.skin,https://www.instagram.com/reel/Dd_g6UWtLKe/,2026-10-02,206.0,36.0,不明,【PR】最近、メイク前の乾燥が気になるからクリーム変えました,不明
Instagramリール,uruhyung.skin,https://www.instagram.com/reel/Dd6Tqowt666/,2026-09-30,291.0,57.0,不明,PR 秋になって、表面はベタつくのに、なんだか乾燥する,不明
Instagramリール,uruhyung.skin,https://www.instagram.com/reel/Dd1TATPt_DU/,2026-09-28,293.0,53.0,不明,＼毛穴ひきしめ×ひたひたシートマスク／ロゼット,不明
Instagramリール,uruhyung.skin,https://www.instagram.com/reel/DdoUmRxtOWs/,2026-09-23,474.0,66.0,不明,少し前に買って使ってみたセラムがよくて、ドンキで,不明
Instagramリール,uruhyung.skin,https://www.instagram.com/reel/DdbJqz5toMS/,2026-09-18,319.0,73.0,不明,#PR 毎日のUVケア、できればスキンケア感覚で,不明
Instagramリール,uruhyung.skin,https://www.instagram.com/reel/DdWMZF5tFGl/,2026-09-16,569.0,72.0,不明,Yunth好きなら、これ見つけたら気にならない？,不明
Instagramリール,uruhyung.skin,https://www.instagram.com/reel/DdEO-lQNL0p/,2026-09-09,278.0,89.0,不明,PR 最近、クリームを選ぶときに保湿力だけじゃなくて,不明
Instagramリール,uruhyung.skin,https://www.instagram.com/reel/DdBZyCstqZ1/,2026-09-08,387.0,83.0,不明,SAYNID様よりご提供いただき、初めて使ってみました,不明
Instagramリール,uruhyung.skin,https://www.instagram.com/reel/Dc50GupNAD6/,2026-09-05,271.0,90.0,不明,#PR 肌の調子がなんとなく不安定に感じる日にも,不明
Instagramリール,uruhyung.skin,https://www.instagram.com/reel/Dc0klaOtBwm/,2026-09-03,242.0,77.0,不明,子供の夏休み、やっと終わった。疲れた日はシートマスク,不明
Instagramリール,ako_beautylog,https://www.instagram.com/reel/Dd3ro_xT5qz/,2026-09-29,156.0,48.0,不明,『あぶらとり紙発想』のサンスティック✨ 日焼け止めなのにベタつきにくくて,不明
Instagramリール,ako_beautylog,https://www.instagram.com/reel/Dd1DXzmzSoi/,2026-09-28,394.0,103.0,不明,1004DAY限定のスペシャルBOXで センテラの肌荒れケアラインをまとめて,不明
Instagramリール,ako_beautylog,https://www.instagram.com/reel/DdjEYl7pdHc/,2026-09-21,599.0,102.0,不明,洗濯って、予洗いしたり分け洗いしたり…見えない手間が多い。,不明
Instagramリール,ako_beautylog,https://www.instagram.com/reel/DdONhduTHUk/,2026-09-13,18.0,0.0,不明,レチノールが合わない… でもシワケアは続けたい。,不明
Instagramリール,505050yoko,https://www.instagram.com/reel/Dd4L0yYBaxp/,2026-09-30,447.0,3.0,不明,Furboミニ設置場所変更・ズーム・録画・AIシッター（キャプション実見）,不明
Instagramリール,505050yoko,https://www.instagram.com/reel/Dd_zStpB6Zq/,2026-10-03,335.0,,不明,エコバッグあさる（猫日記）,不明
Instagramリール,scotancat,https://www.instagram.com/reel/DdJUVviyTI3/,2026-09-11,258.0,10.0,不明,寝ていてもファーボが全部教えてくれます #ファーボは見た,不明
Instagramリール,scotancat,https://www.instagram.com/reel/DdvhQEBSsla/,2026-09-26,22.0,9.0,不明,スコたん誕生日,不明
Instagramリール,dogname_yuki,https://www.instagram.com/reel/DW3OHuajnbA/,2026-04-08,105.0,19.0,不明,留守中の守護神、見守りカメラ。カメラが妨害を受けました,不明
Instagramリール,dogname_yuki,https://www.instagram.com/reel/DeAjgfvT0Ux/,2026-10-03,73.0,13.0,不明,og説明空,不明
Instagramリール,3310_with_dogs,https://www.instagram.com/reel/DGNIbg8Tbyl/,2025-02-18,11973.0,717.0,不明,お留守番の日は出先から何度も見てしまうお家の見守りカメラ,不明
Instagramリール,3310_with_dogs,https://www.instagram.com/reel/Ddu8_QlpQCn/,2026-09-26,19557.0,668.0,不明,シルバーウィークの思い出（ベッド）,不明
Instagramリール,3310_with_dogs,https://www.instagram.com/reel/Dc6AucJpzQ4/,2026-09-05,60069.0,922.0,不明,大物洗い完了致しました,不明
Instagramリール,coco_nyanco2,https://www.instagram.com/reel/DeBJLEUP_u_/,2026-10-03,8641.0,1575.0,不明,今日はジュリーのブラッシングしようと思ったら,不明
Instagramリール,coco_nyanco2,https://www.instagram.com/reel/DcyLl8iPG-Z/,2026-09-02,15104.0,2309.0,不明,怪盗トムおじ参上。#お留守番ありがと,不明
Instagramリール,lemonch0517,https://www.instagram.com/reel/DcVZinfTZNy/,2026-08-22,14951.0,,不明,レモポテのナイトルーティン 新しいカメラ #DJIOsmoNano,不明
Instagramリール,kuroshiba_izumo,https://www.instagram.com/reel/DeBMkxzzpOn/,2026-10-03,685.0,140.0,不明,今日のホラーです,不明
Instagramリール,kuroshiba_izumo,https://www.instagram.com/reel/DdN1kiAzByP/,2026-09-13,56296.0,2421.0,不明,黒柴のジェッカブロック(2400ピース)が完成,不明
Instagramリール,kamui.toypoodle,https://www.instagram.com/reel/DdckIuQT8YY/,2026-09-19,289.0,63.0,不明,ドッグラン（キャプション実見）,不明
Instagramリール,otuvia,https://www.instagram.com/reel/DdvpIGvBfca/,2026-09-26,190.0,1.0,不明,表参道茶洒金田中（外食）,不明
Instagramリール,kohadachan2020,https://www.instagram.com/reel/Dd8sj6eTaD1/,2026-10-01,129.0,6.0,不明,日常（脱ぎたて靴下等の系列）,不明
Instagramリール,gonsuke_bull,https://www.instagram.com/reel/Dd7a-j_yYpl/,2026-10-01,1450.0,178.0,不明,ごんちゃんダッシュ,不明
Instagramリール,kotachan.911,https://www.instagram.com/reel/Dd6AIlvI7YJ/,2026-09-30,819.0,,不明,1年で一番贅沢できる日（誕生日会）,不明
Instagramリール,shoko165,https://www.instagram.com/reel/Dd2NAhCTPGp/,2026-09-29,498.0,101.0,不明,てんちゃんはお尻トントンされて満足げ,不明
Instagramリール,komugi8121013,https://www.instagram.com/reel/DcvuZTOhqmr/,2026-09-01,606.0,91.0,不明,今月もよろしくお願いいたします,不明
Instagramリール,momo_chan_0602,https://www.instagram.com/reel/Dd_AcmlhLya/,2026-10-02,88991.0,7014.0,不明,モモの周りには優しくて素敵な方がいっぱい,不明
Instagramリール,furbo_japan,https://www.instagram.com/reel/C76Qtd6vz-q/,2024-06-07,62993.0,8576.0,不明,ペットの見守りカメラ【ファーボ】が届いたよ（公式・対象外）,不明
Instagramリール,pomeranian_tenchan,https://www.instagram.com/reel/Dd_UJCdPmlI/,2026-10-02,928.0,97.0,不明,お家記念日,不明
Instagramリール,gonkatsu.jp,https://www.instagram.com/reel/Dd_OEqPsQ_k/,2026-10-02,47761.0,144.0,不明,「遊び程度だから」ギャンブルを認めない男と結婚できる？,不明
Instagramリール,gonkatsu.jp,https://www.instagram.com/reel/Dd8pW1GMeZn/,2026-10-01,40972.0,124.0,不明,「結婚式を挙げたい」を無視してフォト婚を押し通す男,不明
Instagramリール,konkatsu.taikendan,https://www.instagram.com/reel/DeBsAmUs9py/,2026-10-03,1177.0,2.0,不明,毎日LINEが来る。毎週会ってくれる。「好き」も言ってくれた,不明
Instagramリール,konkatsu.taikendan,https://www.instagram.com/reel/DeBr_KaMqGs/,2026-10-03,3171.0,7.0,不明,一緒にいて楽しい。でも、結婚相手として見ると,不明
Instagramリール,yamasyo.konkatsu,https://www.instagram.com/reel/Dd9_H4XDaxd/,2026-10-02,517.0,3.0,不明,結婚を遠ざけてない？　こじらせ女性の特徴15選,不明
Instagramリール,yamasyo.konkatsu,https://www.instagram.com/reel/Dd7aV5MgNc4/,2026-10-01,515.0,3.0,不明,絶対に言ってはいけない！　婚活での禁句ワード7選,不明
Instagramリール,tomi_konkatsu24,https://www.instagram.com/reel/DeB59bAz2gG/,2026-10-03,5152.0,2.0,不明,心理学的に見る／結婚したらどうでもよくなる条件 7選,不明
Instagramリール,tomi_konkatsu24,https://www.instagram.com/reel/DdBld7Lzrv5/,2026-09-08,1456.0,14.0,不明,みなさんには、忘れられない人っていますか？,不明
Instagramリール,mao_7530,https://www.instagram.com/reel/DeB5Oi-tjaQ/,2026-10-03,14477.0,28.0,不明,【初婚女子が絶句】「再婚でも素敵な人かも…」,不明
Instagramリール,dearbridetokyo_,https://www.instagram.com/reel/Dd8fyM4p_hS/,2026-10-01,31931.0,127.0,不明,#結婚 #結婚相談所 #婚活 #無料相談 #デートでの男女の本音,不明
Instagramリール,dearbridetokyo_,https://www.instagram.com/reel/Dd3h2wPphkf/,2026-09-29,36372.0,715.0,不明,#結婚 #結婚相談所 #婚活 #無料相談 #結婚しても自由でいたい男性,不明
Instagramリール,yusuke_konkatsu,https://www.instagram.com/reel/DeCAMPRx_JW/,2026-10-03,488.0,5.0,不明,婚活って、頑張ってる人ほど1人で悩み続けてしまいます,不明
Instagramリール,yusuke_konkatsu,https://www.instagram.com/reel/Dd_XilSsm81/,2026-10-02,452.0,7.0,不明,婚活って、頑張ってる人ほど1人で悩み続けてしまいます,不明
Instagramリール,edogoenkon,https://www.instagram.com/reel/Dd78acYRc7G/,2026-10-01,65.0,13.0,不明,🌿 30代男性会員様、本日より活動スタートです！,不明
Instagramリール,yakoyoshipelo,https://www.instagram.com/reel/Dd83EpCyqjy/,2026-10-01,454.0,29.0,不明,IBJ婚活女子応援プロジェクト2026での施策大成功！,不明
Instagramリール,epousemoi_official,https://www.instagram.com/reel/Ddy2Z_TT9hi/,2026-09-27,478.0,17.0,不明,「趣味が合わないから、お断り！」この判断、辞めてください,不明
Instagramリール,epousemoi_official,https://www.instagram.com/reel/DdogyZjzDLw/,2026-09-23,479.0,19.0,不明,結婚後の居住地が合わない…交際相手の一言でまさかの展開,不明
Instagramリール,tatemoto.kumi,https://www.instagram.com/reel/Dd1bwA6Mivy/,2026-09-28,344.0,21.0,不明,婚活相談なのに、今日はほぼ婚活の話をしなかった。,不明
Instagramリール,tatemoto.kumi,https://www.instagram.com/reel/Dd1ZYOJhVQ8/,2026-09-28,585.0,37.0,不明,「なんで急に変わったの？」デキプロの受講生さん,不明
Instagramリール,hitokoma_ai,https://www.instagram.com/reel/DcziLvEzjBG/,2026-09-03,94352.0,122.0,不明,他の女を目で追う彼氏／#恋愛 #大学生 #ショートドラマ,不明
Instagramリール,mayuka_konkatsu40,https://www.instagram.com/reel/Dd3aoT5TfMB/,2026-09-29,94585.0,168.0,不明,【私が結婚を諦めなかった理由】,不明
Instagramリール,mayuka_konkatsu40,https://www.instagram.com/reel/DdWB7hKu6My/,2026-09-16,36259.0,39.0,不明,（キャプション未取得）,不明
Instagramリール,konkatu.coach.yuu,https://www.instagram.com/reel/DeAo5ypzbZ2/,2026-10-03,43707.0,38.0,不明,最近、急に彼からの連絡が遅くなった気がする…,不明
Instagramリール,konkatu.coach.yuu,https://www.instagram.com/reel/Dd87RuTzI4n/,2026-10-01,10419.0,20.0,不明,（キャプション未取得）,不明
Instagramリール,udon_app,https://www.instagram.com/reel/DeBv-TPCxav/,2026-10-03,1028.0,1.0,不明,@udon_app←pairs・withで1000いいねを獲得して,不明
Instagramリール,udon_app,https://www.instagram.com/reel/Dd89ve0iL9t/,2026-10-01,14788.0,39.0,不明,@udon_app←pairs・withで1000いいねを獲得して,不明
Instagramリール,kome_konkatsu,https://www.instagram.com/reel/DeBLJ3hp1W7/,2026-10-03,32224.0,51.0,不明,私は、勘吉でした、、、,不明
Instagramリール,kome_konkatsu,https://www.instagram.com/reel/DeAySBWTJAW/,2026-10-03,1509.0,5.0,不明,挙動不審発揮… 35歳、はじめてのお見合い,不明
Instagramリール,marupi_30life,https://www.instagram.com/reel/Dd6T08Bzrdo/,2026-09-30,104141.0,1196.0,不明,【最終回】12年付き合った相手に逆プロポーズして,不明
Instagramリール,marupi_30life,https://www.instagram.com/reel/Dd3qb3IpDQe/,2026-09-29,117109.0,314.0,不明,【第11話】「結婚について、どう考えてる？」って聞くの,不明
Instagramリール,maru__konkatsu,https://www.instagram.com/reel/DdOWDgUyNVV/,2026-09-13,10441.0,37.0,不明,仮交際中の男性と 初回デートに行ってきました,不明
Instagramリール,konkatsu_meister_konan,https://www.instagram.com/reel/Dd0E00ku178/,2026-09-28,89.0,2.0,不明,婚活マイスターコナン大塚です。【お相手のお話しをさえぎらず,不明
Instagramリール,konkatsu_meister_konan,https://www.instagram.com/reel/DdyU4SMuj7G/,2026-09-27,52.0,4.0,不明,「条件は合うのに、なぜか惹かれない…」,不明
Instagramリール,konkatsu_meister_konan,https://www.instagram.com/reel/DdtHqwGuWY7/,2026-09-25,172.0,7.0,不明,【お見合いで聞いてはいけない質問・禁句】,不明
Instagramリール,feliz_marriage,https://www.instagram.com/reel/Dd_AYSUhg9g/,2026-10-02,89.0,8.0,不明,「高望みしてるわけじゃない。普通の人でいいのに…」,不明
Instagramリール,feliz_marriage,https://www.instagram.com/reel/Dd52wg_BdVy/,2026-09-30,62.0,5.0,不明,「本当に結婚できるのかな」と不安な30代のあなたへ,不明
Instagramリール,feliz_marriage,https://www.instagram.com/reel/DdqaDJShoK6/,2026-09-24,78.0,7.0,不明,「相談所ってなんだか怖そう…」,不明
Instagramリール,hanadayori8787,https://www.instagram.com/reel/DeBy3YpOA43/,2026-10-03,22.0,8.0,不明,今回紹介するのは、男性が思わず会いたくなる女性の特徴10選,不明
Instagramリール,hanadayori8787,https://www.instagram.com/reel/Dd_OFsaO6oC/,2026-10-02,50.0,13.0,不明,今回紹介するのは、男性がまた会いたくなる女性の特徴10選,不明
Instagramリール,hanadayori8787,https://www.instagram.com/reel/Dd8pTQDuR9Q/,2026-10-01,97.0,15.0,不明,今回紹介するのは、男性が本気で好きになる女性の特徴10選,不明
Instagramリール,mayuka_konkatsu40,https://www.instagram.com/reel/Dd3aoT5TfMB/,2026-09-29,94437.0,168.0,不明,【私が結婚を諦めなかった理由】,不明
Instagramリール,mayuka_konkatsu40,https://www.instagram.com/reel/DdWB7hKu6My/,2026-09-16,36128.0,38.0,不明,【妥協した私が妥協しなかったこと🙄】,不明
Instagramリール,mayuka_konkatsu40,https://www.instagram.com/reel/DdI5HYyzdyG/,2026-09-11,6241.0,23.0,不明,【婚活沼から脱出した方法】,不明
Instagramリール,konkatu.coach.yuu,https://www.instagram.com/reel/DeAo5ypzbZ2/,2026-10-03,40009.0,34.0,不明,「最近、急に彼からの連絡が遅くなった気がする…」,不明
Instagramリール,konkatu.coach.yuu,https://www.instagram.com/reel/Dd87RuTzI4n/,2026-10-01,10359.0,20.0,不明,「嫌いになったわけじゃないのに…好きと思えない」,不明
Instagramリール,konkatu.coach.yuu,https://www.instagram.com/reel/Dd8kVY1TfFc/,2026-10-01,46147.0,139.0,不明,「最近、何か隠し事をされている気がする…」,不明
Instagramリール,konkatu.coach.yuu,https://www.instagram.com/reel/Dd0Rchgz5H5/,2026-09-28,75259.0,1023.0,不明,「良かれと思ってアドバイスしたのに不機嫌」,不明
Instagramリール,keicale_,https://www.instagram.com/reel/Dd6JLDNzaiP/,2026-09-30,75011.0,398.0,不明,韓国人と結婚について。,不明
Instagramリール,keicale_,https://www.instagram.com/reel/Dd1B8wiSImO/,2026-09-28,64603.0,298.0,不明,39歳、婚活の残酷な現実。,不明
Instagramリール,keicale_,https://www.instagram.com/reel/Ddyb1lMTC1X/,2026-09-27,237876.0,737.0,不明,10歳年下の彼女について。,不明
Instagramリール,konkatsu.taikendan,https://www.instagram.com/reel/DeBsAmUs9py/,2026-10-03,674.0,1.0,不明,毎日LINEが来る。毎週会ってくれる。,不明
Instagramリール,konkatsu.taikendan,https://www.instagram.com/reel/Dd_HOLMMYZo/,2026-10-02,20409.0,10.0,不明,最初に大事なこと。これは世の中全体の浮気率じゃない。,不明
Instagramリール,konkatsu.taikendan,https://www.instagram.com/reel/Dd8ieV1s1r6/,2026-10-01,86873.0,69.0,不明,「寂しいって言ったら重いかな」,不明
Instagramリール,yamasyo.konkatsu,https://www.instagram.com/reel/Dd9_H4XDaxd/,2026-10-02,515.0,3.0,不明,結婚を遠ざけてない？　こじらせ女性の特徴15選,不明
Instagramリール,yamasyo.konkatsu,https://www.instagram.com/reel/Dd7aV5MgNc4/,2026-10-01,514.0,3.0,不明,絶対に言ってはいけない！　婚活での禁句ワード7選,不明
Instagramリール,yamasyo.konkatsu,https://www.instagram.com/reel/Dd41ilPiShh/,2026-09-30,1537.0,6.0,不明,運命の人はこう見つける！　結婚間違いなしの相手,不明
Instagramリール,yamasyo.konkatsu,https://www.instagram.com/reel/Dd2QuW3E-85/,2026-09-29,8213.0,7.0,不明,男がハマる芯の強い女の切り返し7選,不明
Instagramリール,yamasyo.konkatsu,https://www.instagram.com/reel/Ddzr-aYE1oY/,2026-09-28,675.0,5.0,不明,いつも本命に選ばれる女性の考え方 17選,不明
Instagramリール,yamasyo.konkatsu,https://www.instagram.com/reel/DdxvE9cFBuG/,2026-09-27,232.0,3.0,不明,婚活 決まらない 消耗、で検索した方へ。,不明
Instagramリール,maru__konkatsu,https://www.instagram.com/reel/DdOWDgUyNVV/,2026-09-13,10437.0,37.0,不明,仮交際中の男性と 初回デートに行ってきました,不明
Instagramリール,maru__konkatsu,https://www.instagram.com/reel/DdL1Es8hON-/,2026-09-12,2553.0,19.0,不明,明日デートなのに、 びっくりするほど実感がない,不明
Instagramリール,maru__konkatsu,https://www.instagram.com/reel/Dc0id_dylVE/,2026-09-03,3610.0,19.0,不明,恋愛下手のぼやき💭 え、みんな……好きになる前から,不明
Instagramリール,kome_konkatsu,https://www.instagram.com/reel/DeBLJ3hp1W7/,2026-10-03,26687.0,37.0,不明,私は、勘吉でした、、、,不明
Instagramリール,kome_konkatsu,https://www.instagram.com/reel/DeAySBWTJAW/,2026-10-03,1260.0,4.0,不明,挙動不審発揮… 35歳、はじめてのお見合い,不明
Instagramリール,kome_konkatsu,https://www.instagram.com/reel/Dd8Hy6VJqj5/,2026-10-01,72605.0,172.0,不明,35歳の挑戦は… 結婚ってすぐに出来ると,不明
Instagramリール,anju_beauty_30s,https://www.instagram.com/reel/DdgiTBCh9Dy/,2026-09-20,7779.0,70.0,不明,傷付いて引きずっていても 新しい人に会い続けるしかない,不明
Instagramリール,anju_beauty_30s,https://www.instagram.com/reel/Ddd9jL4h0hm/,2026-09-19,16593.0,122.0,不明,実は仮交際🐧さんと並行して デートしている方がいました,不明
Instagramリール,anju_beauty_30s,https://www.instagram.com/reel/DdJXKQ2B3os/,2026-09-11,13655.0,48.0,不明,まさか結婚相談所で恋愛をして 失恋するとは思ってなくて,不明
Instagramリール,mii_30s_life,https://www.instagram.com/reel/Dd3tq13TizV/,2026-09-29,8952.0,69.0,不明,レベル35にパワーアップしました,不明
Instagramリール,mii_30s_life,https://www.instagram.com/reel/DbnaGjwB0IO/,2026-08-04,65151.0,243.0,不明,たぶん彼も事前にPayPayとかでチケット代を,不明
Instagramリール,mao_7530,https://www.instagram.com/reel/DeB5Oi-tjaQ/,2026-10-03,47.0,1.0,不明,【初婚女子が絶句】「再婚でも素敵な人かも…」,不明
Instagramリール,mao_7530,https://www.instagram.com/reel/Dd_O8KQRk-j/,2026-10-02,2806.0,8.0,不明,「顔がタイプじゃない人と、結婚なんてできるわけない」,不明
Instagramリール,mao_7530,https://www.instagram.com/reel/Dd8i5ztP2Cl/,2026-10-01,3072.0,2.0,不明,【婚活の現実】1つ欠けただけで即終了！？,不明
Instagramリール,udon_app,https://www.instagram.com/reel/DeBv-TPCxav/,2026-10-03,595.0,0.0,不明,@udon_app←pairs・withで1000いいねを獲得して,不明
Instagramリール,udon_app,https://www.instagram.com/reel/Dd89ve0iL9t/,2026-10-01,14644.0,39.0,不明,@udon_app←pairs・withで1000いいねを獲得して,不明
Instagramリール,udon_app,https://www.instagram.com/reel/DdvvmgJBxvW/,2026-09-26,9892.0,53.0,不明,@udon_app←pairs・withで1000いいねを獲得して,不明
Instagramリール,edogoenkon,https://www.instagram.com/reel/Dd78acYRc7G/,2026-10-01,62.0,13.0,不明,🌿 30代男性会員様、本日より活動スタートです！,不明
Instagramリール,edogoenkon,https://www.instagram.com/reel/Dd6Y0HuTt3O/,2026-09-30,113.0,16.0,不明,🎉 フォロワー500人達成しました！,不明
Instagramリール,edogoenkon,https://www.instagram.com/reel/Dd0uOgmRbNa/,2026-09-28,119.0,17.0,不明,30代素敵な女性が活動開始です✨,不明
Instagramリール,edogoenkon,https://www.instagram.com/reel/DdwIWkizXy8/,2026-09-26,143.0,20.0,不明,うれしいお知らせです☺️🌿 30代女性会員さんが,不明
Instagramリール,kaori_konkatsu,https://www.instagram.com/reel/Dd6ABqHya7g/,2026-09-30,5676.0,25.0,不明,【結婚するならどっち？】A or B？,不明
Instagramリール,kaori_konkatsu,https://www.instagram.com/reel/Dd00BdrtjCN/,2026-09-28,18372.0,61.0,不明,【結婚するならどっち？】A or B？,不明
Instagramリール,marriage_lab_,https://www.instagram.com/reel/DcU5LdZvFbM/,2026-08-22,7762.0,15.0,不明,そろそろ結婚したい。でも、何から始めたらいいのか,不明
Instagramリール,marupi_30life,https://www.instagram.com/reel/Dd6T08Bzrdo/,2026-09-30,103857.0,1193.0,不明,【最終回】12年付き合った相手に逆プロポーズして,不明
Instagramリール,marupi_30life,https://www.instagram.com/reel/Dd3qb3IpDQe/,2026-09-29,116970.0,314.0,不明,【第11話】「結婚について、どう考えてる？」って,不明
Instagramリール,marupi_30life,https://www.instagram.com/reel/Ddqh2XUJM0G/,2026-09-24,178092.0,385.0,不明,【第10話】新しい恋が始まっても、前の人を思い出す,不明
Instagramリール,yako.shiawasekon,https://www.instagram.com/reel/DdhnV2fT5oJ/,2026-09-21,331070.0,2546.0,不明,男性からしたら、ただの金銭感覚の話かもしれ,不明
Instagramリール,yako.shiawasekon,https://www.instagram.com/reel/DdfCN85zoC3/,2026-09-20,159692.0,909.0,不明,初対面で仕事の話。女性「事務の仕事してます,不明
Instagramリール,yako.shiawasekon,https://www.instagram.com/reel/DdccCMNT3Nk/,2026-09-19,173555.0,926.0,不明,車デートのあと、「ガソリン代が〇円、駐車場,不明
Instagramリール,yakoyoshipelo,https://www.instagram.com/reel/Dd83EpCyqjy/,2026-10-01,454.0,29.0,不明,IBJ婚活女子応援プロジェクト2026での施策大成,不明
Instagramリール,yakoyoshipelo,https://www.instagram.com/reel/DdyYswXvqlN/,2026-09-27,561.0,39.0,不明,今日は30才婚活男子のヘアメ→撮影→ご契約→プロ,不明
Instagramリール,yakoyoshipelo,https://www.instagram.com/reel/DdaA70AS4b0/,2026-09-18,398.0,22.0,不明,16日のアンバサダー【たんぽぽ倶楽部さん】の勉強,不明
YouTube Shorts,相談先の多田さん,https://www.youtube.com/watch?v=k5CU3xtFncE,2026-10-03,471.0,6.0,39,合理的なふり？ 👀 #婚活 #お見合い #学歴,不明
YouTube Shorts,相談先の多田さん,https://www.youtube.com/watch?v=3BXgHGfG2o0,2026-10-01,11161.0,59.0,33,お見合いですよね？ #婚活 #アニメ #あるある,不明
YouTube Shorts,相談先の多田さん,https://www.youtube.com/watch?v=nwxib5i4JUU,2026-09-23,9782.0,96.0,39,夫婦は一緒に寝るんじゃないの？ #婚活 #アニメ,不明
YouTube Shorts,婚活から、12年。,https://www.youtube.com/watch?v=AMqFR47neGo,2026-09-30,1214.0,5.0,24,#婚活#結婚相談所#婚活女子#結婚12年目#こんな夫,不明
YouTube Shorts,婚活から、12年。,https://www.youtube.com/watch?v=-qyDt1yz7RM,2026-09-27,481.0,1.0,24,#婚活 #結婚相談所 #結婚相手の選び方 #夫婦円満 #結婚12年目,不明
YouTube Shorts,かなママ婚活ch,https://www.youtube.com/watch?v=DiymqQXZ4tE,2026-09-30,1367.0,7.0,135,マチアプで浮気がバレた理由 #shorts,不明
YouTube Shorts,かなママ婚活ch,https://www.youtube.com/watch?v=z2ytu-xHoIs,2026-09-22,1487.0,7.0,105,【マッチングアプリ】北川景子と結婚したいハイスペ自慢男とのお見合い #short,不明
YouTube Shorts,bridaltulip,https://www.youtube.com/watch?v=-yGY83CrfzM,2026-10-02,1225.0,3.0,8,なぜか毎回振られる人の特徴ランキング！ #恋愛 #婚活,不明
YouTube Shorts,bridaltulip,https://www.youtube.com/watch?v=uaPTXNfy7rY,2026-09-23,1695.0,2.0,8,これされたら諦めて…完全脈なし行動ランキング！,不明
TikTok,dearbridetokyo,https://www.tiktok.com/@dearbridetokyo/video/7692364593481633044,2026-10-03,184.0,0.0,100,全部わかりましたか？ #婚活 #結婚 #結婚相談所,オリジナル楽曲 - 結婚相談所 ディアブライド東京
TikTok,dearbridetokyo,https://www.tiktok.com/@dearbridetokyo/video/7691258113898450196,2026-09-30,6442.0,41.0,62,お会計どうするのが正解？ #婚活 #結婚 #デート #結婚相談所,オリジナル楽曲 - 結婚相談所 ディアブライド東京
TikTok,dearbridetokyo,https://www.tiktok.com/@dearbridetokyo/video/7689025210770590996,2026-09-24,17900.0,127.0,135,長尺動画はプロフリンクから！ #婚活 #結婚 #結婚相談所,オリジナル楽曲 - 結婚相談所 ディアブライド東京
TikTok,ling.hioki.kekkon,https://www.tiktok.com/@ling.hioki.kekkon/video/7692377486239337749,2026-10-03,1783.0,17.0,109,婚活イベントあるある🎬【前編】,オリジナル楽曲 - 日置 リン｜不毛な婚活を終わらせるプロ
Instagramリール,gonkatsu.jp,https://www.instagram.com/reel/Dd_OEqPsQ_k/,2026-10-02,46205.0,138.0,不明,「遊び程度だから」ギャンブルを認めない男と結婚できる？,不明
Instagramリール,gonkatsu.jp,https://www.instagram.com/reel/Dd8pW1GMeZn/,2026-10-01,40891.0,124.0,不明,「結婚式を挙げたい」を無視してフォト婚を押し通す男,不明
TikTok,aozoramariage,https://www.tiktok.com/@aozoramariage/video/7691169695193468161,2026-09-30,9146.0,84.0,58,触る男性,オリジナル楽曲 - 会える結婚相談所『あおぞらマリアージュ』
TikTok,aozoramariage,https://www.tiktok.com/@aozoramariage/video/7683848296359562516,2026-09-10,398900.0,3921.0,95,初デートドリンクシェアはドン引き,オリジナル楽曲 - 会える結婚相談所『あおぞらマリアージュ』
TikTok,luvaiueo,https://www.tiktok.com/@luvaiueo/video/7692379639385165076,2026-10-03,2.0,0.0,113,パート③婚活で見られている本当のポイント,オリジナル楽曲 - 気づけ！婚活｜日刊やす🌙｜婚活「あいうえお」
TikTok,luvaiueo,https://www.tiktok.com/@luvaiueo/video/7690524485291887893,2026-09-28,261.0,1.0,56,パート④【地獄】1ヶ月でお見合いを46件申し込んだ男性の末路,オリジナル楽曲 - 気づけ！婚活｜日刊やす🌙｜婚活「あいうえお」
TikTok,luvaiueo,https://www.tiktok.com/@luvaiueo/video/7689782323558042900,2026-09-26,376.0,1.0,134,パート③〈【絶望】デート代の割り勘を求められた瞬間,オリジナル楽曲 - 気づけ！婚活｜日刊やす🌙｜婚活「あいうえお」
TikTok,heartful06,https://www.tiktok.com/@heartful06/video/7691943735642426625,2026-10-02,83.0,5.0,45,マッチングアプリではなく結婚相談所を選んだ理由！,結婚式をイメージしたBGM
TikTok,heartful06,https://www.tiktok.com/@heartful06/video/7685212881297739016,2026-09-14,3724.0,23.0,95,【男性が好きになる女性TOP5】スタッフが答えてみました,わちゃわちゃ運動会カルメン闘牛士のテクノ
TikTok,bridaltulip,https://www.tiktok.com/@bridaltulip/video/7692021791274913042,2026-10-02,2.0,1.0,6,本命にならない人の特徴,運動会どころじゃない天国と地獄
TikTok,bridaltulip,https://www.tiktok.com/@bridaltulip/video/7689409954754678034,2026-09-25,5.0,1.0,7,ガチで溺愛中の男性の特徴,オリジナル楽曲 - 結婚相談所ブライダルチューリップ
Instagramリール,edogoenkon,https://www.instagram.com/reel/Dd78acYRc7G/,2026-10-01,62.0,13.0,不明,NEW Member,不明
Instagramリール,yakoyoshipelo,https://www.instagram.com/reel/Dd83EpCyqjy/,2026-10-01,454.0,29.0,不明,女性の婚活応援／優秀相談所／2026,不明
YouTube Shorts,cutopia2011,https://www.youtube.com/watch?v=rWUGXGS-bJo,2026-09-30,265.0,4.0,92,夫の育児参加率が5割超えた時代。婚活女性が見るべきは「年収」ではなく「家事能力」,不明
YouTube Shorts,cutopia2011,https://www.youtube.com/watch?v=fog-5LuQwc0,2026-09-26,1011.0,17.0,70,「4か月」がひとつの分岐点｜婚活で決めるタイミング,不明
TikTok,kaori_konkatsu,https://www.tiktok.com/@kaori_konkatsu/video/7691256761654791425,2026-09-30,697.0,7.0,24,【結婚するならどっち？】コメントで教えてー！,天国と地獄
Instagramリール,epousemoi_official,https://www.instagram.com/reel/Ddy2Z_TT9hi/,2026-09-27,474.0,17.0,不明,「趣味が合わないから、お断り！」この判断、辞めてください,不明
Instagramリール,epousemoi_official,https://www.instagram.com/reel/DdogyZjzDLw/,2026-09-23,478.0,19.0,不明,結婚後の居住地が合わない…交際相手の一言でまさかの展開,不明
Instagramリール,tatemoto.kumi,https://www.instagram.com/reel/Dd1bwA6Mivy/,2026-09-28,343.0,21.0,不明,婚活相談なのに、今日はほぼ婚活の話をしなかった。,不明
Instagramリール,tatemoto.kumi,https://www.instagram.com/reel/Dd1ZYOJhVQ8/,2026-09-28,580.0,37.0,不明,「なんで急に変わったの？」,不明
Instagramリール,tatemoto.kumi,https://www.instagram.com/reel/DdvfkOvBUZK/,2026-09-26,280.0,15.0,不明,【優しい人ほど、幸せを受け取るのが苦手だったりする】,不明
TikTok,cosumerebyu00,https://www.tiktok.com/@cosumerebyu00/video/7692011176493944072,2026-10-02,121.0,5.0,7,昔からずっとコンプレックスだったニキビ肌,オリジナル楽曲 - きらら🐕🫧
TikTok,cosumerebyu00,https://www.tiktok.com/@cosumerebyu00/video/7692010750948445447,2026-10-02,67.0,1.0,12,昔は「年齢的に仕方ない」って諦めてたけど,オリジナル楽曲 - きらら🐕🫧
TikTok,cosumerebyu00,https://www.tiktok.com/@cosumerebyu00/video/7687550758794923272,2026-09-20,429.0,7.0,6,今話題のKATAN PDRN使ったら革命起きた,オリジナル楽曲 - きらら🐕🫧
TikTok,hiyonakanuke,https://www.tiktok.com/@hiyonakanuke/video/7689708844875894023,2026-09-26,407.0,6.0,9,今バズりまくってるクレンジング使ってみたら毛穴の黒ずみ,lucky girl syndrome
TikTok,hiyonakanuke,https://www.tiktok.com/@hiyonakanuke/video/7688961482310110471,2026-09-24,190.0,1.0,9,毛穴の黒ずみや角栓に悩んでる子は絶対このクレンジング,オリジナル楽曲 - ヒヨン
TikTok,hiyonakanuke,https://www.tiktok.com/@hiyonakanuke/video/7688666674672782599,2026-09-23,383.0,1.0,18,今鬼バズってるチャプトナインポアクリアセラムを正直に,オリジナル楽曲 - ヒヨン
TikTok,theevergreenxxx,https://www.tiktok.com/@theevergreenxxx/video/7692324544857541895,2026-10-03,362.0,14.0,292,黒く見える毛穴 実は、、、 メラニン毛穴かも,オリジナル楽曲 - 石川さん
TikTok,theevergreenxxx,https://www.tiktok.com/@theevergreenxxx/video/7689698194812374290,2026-09-26,477.0,2.0,0（フォト）,クレンジングしても小鼻の角栓が綺麗にならない,Let's Go Shimmer
TikTok,theevergreenxxx,https://www.tiktok.com/@theevergreenxxx/video/7687918328404380949,2026-09-21,470.0,6.0,0（フォト）,鼻の黒ずみ 顔が近いとき 毛穴が気になって,Glow Up Is Me
TikTok,haru_hadacare,https://www.tiktok.com/@haru_hadacare/video/7691161077110951176,2026-09-30,103.0,6.0,14,今、セールやってるよ‼️ 気になっているなら、今がチャンス,ノリノリで楽しく明るいロックンロール ♪
TikTok,haru_hadacare,https://www.tiktok.com/@haru_hadacare/video/7690936950919843090,2026-09-29,148.0,7.0,9,毛穴が詰まってずっと肌荒れるし、 毛穴もだんだん広がって,オリジナル楽曲 - はる🫧プチプラ美容
TikTok,haru_hadacare,https://www.tiktok.com/@haru_hadacare/video/7690420433039953160,2026-09-28,4997.0,9.0,12,セール価格で買えるのは今だけ‼️ あなたは何%引き,ノリノリで楽しく明るいロックンロール ♪
TikTok,manami_wankogohan,https://www.tiktok.com/@manami_wankogohan/video/7679418419208391944,2026-08-29,29500.0,1030.0,60,愛犬おやつ🐶焼き芋プリン ◼︎使用した材料,オープニングにぴったりなハッピーな曲
TikTok,manami_wankogohan,https://www.tiktok.com/@manami_wankogohan/video/7675702939536690439,2026-08-19,45400.0,1070.0,49,手作りごはんの食費ってどれくらい？,カートゥーン調のピアノソロ・ジャズ
TikTok,manami_wankogohan,https://www.tiktok.com/@manami_wankogohan/video/7672012660459752722,2026-08-09,14000.0,396.0,39,愛犬の簡単トッピング🐶タコライス,かわいい　ほのぼの曲
TikTok,mydog_gohan_,https://www.tiktok.com/@mydog_gohan_/video/7673832501097270549,2026-08-14,13500.0,373.0,30,🐾レシピはコメント欄に記載したしました🐾 愛犬が喜,Sweet Day Activity
TikTok,mydog_gohan_,https://www.tiktok.com/@mydog_gohan_/video/7672188688016755988,2026-08-10,6739.0,112.0,32,毎日の手作りを、もっとラクに✨ 自分が入れた素材だ,Snack Company
TikTok,mydog_gohan_,https://www.tiktok.com/@mydog_gohan_/video/7670912047046987028,2026-08-06,90300.0,2567.0,31,🐾レシピはコメント欄に記載しました🐾 愛犬が喜ぶお,love me!
TikTok,samoyed_rintaro.kanon,https://www.tiktok.com/@samoyed_rintaro.kanon/video/7689721523065588998,2026-09-26,1100000.0,40200.0,61,冬瓜のそぼろ煮つくったら爆食してくれました！,オリジナル楽曲 - サモエドりんたろう&かのん
TikTok,samoyed_rintaro.kanon,https://www.tiktok.com/@samoyed_rintaro.kanon/video/7687139245080841479,2026-09-19,1200000.0,26800.0,64,巨大パスタでミートソース煮つくったら爆食してくれました！,オリジナル楽曲 - サモエドりんたろう&かのん
TikTok,chisa.ol.life,https://www.tiktok.com/@chisa.ol.life/video/7691681273911332148,2026-10-01,9156.0,74.0,32,彼氏なしアラサーの100日間の本気婚活 19日目,sonido original（TuDía13）
TikTok,chisa.ol.life,https://www.tiktok.com/@chisa.ol.life/video/7690967718572477748,2026-09-29,21200.0,173.0,32,彼氏なしアラサーの100日間の本気婚活 18日目,sonido original（TuDía13）
TikTok,chisa.ol.life,https://www.tiktok.com/@chisa.ol.life/video/7687932523900308757,2026-09-21,17700.0,193.0,34,彼氏なしアラサーの100日間の本気婚活 14日目,sonido original（TuDía13）
TikTok,kaori_konkatsu,https://www.tiktok.com/@kaori_konkatsu/video/7691256761654791425,2026-09-30,697.0,7.0,24,【結婚するならどっち？】コメントで教えてー！,天国と地獄（INST FREAK）
TikTok,kaori_konkatsu,https://www.tiktok.com/@kaori_konkatsu/video/7686787664988622081,2026-09-18,1272.0,8.0,18,【結婚するならどっち？】A or B？,天国と地獄 (リズム楽器なし)
TikTok,kaori_konkatsu,https://www.tiktok.com/@kaori_konkatsu/video/7673819056582987009,2026-08-14,983.0,5.0,16,【結婚するならどっち？】A or B,天国と地獄（INST FREAK）
TikTok,yoheiinoue8,https://www.tiktok.com/@yoheiinoue8/video/7691879987720228104,2026-10-02,99.0,0.0,23,NESTA公認パーソナルトレーナーのYoheiです,オリジナル楽曲 - ブルースターウェディング　井上陽平
TikTok,yoheiinoue8,https://www.tiktok.com/@yoheiinoue8/video/7685588616927628552,2026-09-15,161.0,1.0,26,「マッチングアプリ、もう消耗していませんか？」,オリジナル楽曲 - ブルースターウェディング　井上陽平
TikTok,yoheiinoue8,https://www.tiktok.com/@yoheiinoue8/video/7681514661245717778,2026-09-04,333.0,1.0,20,札幌の最新ランキング比較で総合1位,Salt On Tape（Mildred Blackwood）
TikTok,mineo_shinichi,https://www.tiktok.com/@mineo_shinichi/video/7692380208464284946,2026-10-03,314.0,5.0,53,優しい男性は損してる説,オリジナル楽曲 - 結婚相談所ハッピーカムカム⭐️時短婚活
TikTok,mineo_shinichi,https://www.tiktok.com/@mineo_shinichi/video/7689780502416444690,2026-09-26,101500.0,740.0,39,結婚条件に顔は必須です,オリジナル楽曲 - 結婚相談所ハッピーカムカム⭐️時短婚活
TikTok,mineo_shinichi,https://www.tiktok.com/@mineo_shinichi/video/7690138042933185800,2026-09-27,17500.0,236.0,52,結婚できる人の特徴,オリジナル楽曲 - 結婚相談所ハッピーカムカム⭐️時短婚活
TikTok,fukuko333,https://www.tiktok.com/@fukuko333/video/7692106741814775060,2026-10-03,546.0,11.0,80,結婚相談所では割り勘なしですね。,オリジナル楽曲 - 成田の結婚相談所ホワイトローズ
TikTok,fukuko333,https://www.tiktok.com/@fukuko333/video/7689301949711240469,2026-09-25,797.0,15.0,0,結婚相談所で婚活がなかなか上手くいかない男性たちへ,どうせやるなら全力で
TikTok,aozoramariage,https://www.tiktok.com/@aozoramariage/video/7691169695193468161,2026-10-01,9091.0,84.0,58,触る男性,オリジナル楽曲 - 会える結婚相談所『あおぞらマリアージュ』
TikTok,aozoramariage,https://www.tiktok.com/@aozoramariage/video/7683848296359562516,2026-09-17,398900.0,3921.0,95,初デートドリンクシェアはドン引き,オリジナル楽曲 - 会える結婚相談所『あおぞらマリアージュ』
TikTok,aozoramariage,https://www.tiktok.com/@aozoramariage/video/7679650807653911828,2026-09-08,121400.0,869.0,118,後からpaypay請求はあり？なし？,オリジナル楽曲 - 会える結婚相談所『あおぞらマリアージュ』
TikTok,aikul_1,https://www.tiktok.com/@aikul_1/video/7692017893550099733,2026-10-02,948.0,6.0,35,婚活でやりがちなNG行動しちゃってない？,オリジナル楽曲 - kira
TikTok,aikul_1,https://www.tiktok.com/@aikul_1/video/7684458988133534996,2026-09-12,36000.0,81.0,51,妻が夫に直して欲しいところTOP5,運動会定番曲　クシコスポスト
TikTok,aikul_1,https://www.tiktok.com/@aikul_1/video/7677149398152842517,2026-08-23,66600.0,160.0,45,男性に求める結婚条件トップ5,チープで可愛い　運動会の定番曲
TikTok,_noko0912,https://www.tiktok.com/@_noko0912/video/7691684653798804754,2026-10-01,14700.0,216.0,66,ほんまにあり得なさすぎて嘘やと思われそう,オリジナル楽曲 - のこ
TikTok,_noko0912,https://www.tiktok.com/@_noko0912/video/7667178819551333640,2026-07-27,38900.0,369.0,84,お待たせしすぎたかもしれません。大好評やったら後編,オリジナル楽曲 - のこ【YouTube】
TikTok,aibou95,https://www.tiktok.com/@aibou95/video/7691937558284094726,2026-10-02,299.0,9.0,131,恋愛で上手くいかない人の特徴,オリジナル楽曲 - 大阪結婚相談所aibou(あいぼう)
TikTok,aibou95,https://www.tiktok.com/@aibou95/video/7678951217195732242,2026-08-28,982.0,9.0,19,出会いBAR OPEN,オリジナル楽曲 - 大阪結婚相談所aibou(あいぼう)
TikTok,aibou95,https://www.tiktok.com/@aibou95/video/7678638504267582728,2026-08-27,430.0,12.0,93,良い人なんですけど相手を好きになれない。。,オリジナル楽曲 - 大阪結婚相談所aibou(あいぼう)
TikTok,yamasyo.konkatsu,https://www.tiktok.com/@yamasyo.konkatsu/video/7685531712087919893,2026-09-15,1111.0,10.0,12,落ちるのは尽くす人じゃなく負担にならない人,Sun Hat（Axis7）
TikTok,yamasyo.konkatsu,https://www.tiktok.com/@yamasyo.konkatsu/video/7685150741589282069,2026-09-14,1264.0,,不明,好きじゃなくこの人といる自分がラク,不明（ttv空応答）
TikTok,yamasyo.konkatsu,https://www.tiktok.com/@yamasyo.konkatsu/video/7682207243919576340,2026-09-06,1530.0,,不明,悪いこと1つもしてないのに婚期を逃す,不明（ttv空応答）
TikTok,dearbridetokyo,https://www.tiktok.com/@dearbridetokyo/video/7692364593481633044,2026-10-03,342.0,1.0,100,全部わかりましたか？,オリジナル楽曲 - 結婚相談所 ディアブライド東京
TikTok,dearbridetokyo,https://www.tiktok.com/@dearbridetokyo/video/7691258113898450196,2026-09-30,6490.0,41.0,62,お会計どうするのが正解？,オリジナル楽曲 - 結婚相談所 ディアブライド東京
TikTok,dearbridetokyo,https://www.tiktok.com/@dearbridetokyo/video/7686050782151609621,2026-09-16,22600.0,161.0,108,あなたの本音も教えて,オリジナル楽曲 - 結婚相談所 ディアブライド東京
TikTok,ling.hioki.kekkon,https://www.tiktok.com/@ling.hioki.kekkon/video/7692377486239337749,2026-10-03,2970.0,28.0,109,婚活イベントあるある【前編】,オリジナル楽曲 - 日置 リン｜不毛な婚活を終わらせるプロ
TikTok,ling.hioki.kekkon,https://www.tiktok.com/@ling.hioki.kekkon/video/7691253280294374677,2026-09-30,14600.0,277.0,88,婚活相談あるある 自分のことは自分で,オリジナル楽曲 - 日置 リン｜不毛な婚活を終わらせるプロ
TikTok,ling.hioki.kekkon,https://www.tiktok.com/@ling.hioki.kekkon/video/7687573640191298837,2026-09-20,108000.0,858.0,95,婚活男性あるある 懐かしの7本目,オリジナル楽曲 - 日置 リン｜不毛な婚活を終わらせるプロ
TikTok,aibou95,https://www.tiktok.com/@aibou95/video/7691937558284094726,2026-10-02,299.0,9.0,131,恋愛で上手くいかない人の特徴,オリジナル楽曲 - 大阪結婚相談所aibou(あいぼう)
TikTok,aibou95,https://www.tiktok.com/@aibou95/video/7691603451612089618,2026-10-01,298.0,11.0,132,今年中にいい人見つけたい人増えて来てますよね！,オリジナル楽曲 - 大阪結婚相談所aibou(あいぼう)
TikTok,aibou95,https://www.tiktok.com/@aibou95/video/7678638504267582728,2026-08-27,430.0,12.0,93,良い人なんですけど相手を好きになれない。。,オリジナル楽曲 - 大阪結婚相談所aibou(あいぼう)
TikTok,_noko0912,https://www.tiktok.com/@_noko0912/video/7691684653798804754,2026-10-01,14900.0,,不明,ほんまにあり得なさすぎて嘘やと思われそう,不明（ttv空応答）
TikTok,_noko0912,https://www.tiktok.com/@_noko0912/video/7685973918032727303,2026-09-16,13800.0,129.0,54,みんなは意外と知らなさそうなマチアプ攻略テクある？,オリジナル楽曲 - のこ【YouTube】
TikTok,_noko0912,https://www.tiktok.com/@_noko0912/video/7678688509238004999,2026-08-27,11300.0,124.0,46,さっすがに疲れてくるｶﾓ,オリジナル楽曲 - のこ【YouTube】
TikTok,heartful06,https://www.tiktok.com/@heartful06/video/7691943735642426625,2026-10-02,83.0,5.0,45,マッチングアプリではなく結婚相談所を選んだ理由！,結婚式をイメージしたBGM - ひるねこ
TikTok,heartful06,https://www.tiktok.com/@heartful06/video/7686360385095470354,2026-09-17,176.0,8.0,31,YouTubeの裏側をお見せします！！スタッフのやりとり,Glitch Patina - Bass Buddy Midnight Tambourine
TikTok,heartful06,https://www.tiktok.com/@heartful06/video/7685212881297739016,2026-09-14,3724.0,23.0,95,【男性が好きになる女性TOP5】スタッフが答えてみました,わちゃわちゃ運動会カルメン闘牛士のテクノ - パンダの中のパンダ
TikTok,bridaltulip,https://www.tiktok.com/@bridaltulip/video/7692021791274913042,2026-10-02,2.0,1.0,6,本命にならない人の特徴,運動会どころじゃない天国と地獄 - MACHO music
TikTok,bridaltulip,https://www.tiktok.com/@bridaltulip/video/7689409954754678034,2026-09-25,5.0,1.0,7,ガチで溺愛中の男性の特徴,オリジナル楽曲 - 結婚相談所ブライダルチューリップ
TikTok,bridaltulip,https://www.tiktok.com/@bridaltulip/video/7689072309457407239,2026-09-24,4.0,1.0,7,手放すべき恋人の特徴,オリジナル楽曲 - 結婚相談所ブライダルチューリップ
TikTok,sc_bridal,https://www.tiktok.com/@sc_bridal/video/7692000584060112180,2026-10-02,248.0,0.0,58,アプリVS相談所！タイパ比較！,オリジナル楽曲 - 婚活SCブライダル/滋賀で一番面倒見の良い結婚相談所
TikTok,sc_bridal,https://www.tiktok.com/@sc_bridal/video/7689408864373968136,2026-09-25,286.0,2.0,79,モテるほど婚活難しくなるって本当？？,オリジナル楽曲 - 婚活SCブライダル/滋賀で一番面倒見の良い結婚相談所
TikTok,sc_bridal,https://www.tiktok.com/@sc_bridal/video/7684184310684847378,2026-09-11,1311.0,43.0,68,結婚相談所！お見合い後・・・,オリジナル楽曲 - 婚活SCブライダル/滋賀で一番面倒見の良い結婚相談所
TikTok,pluskou,https://www.tiktok.com/@pluskou/video/7691677132056988946,2026-10-01,710.0,6.0,6,【成婚事例｜「ビビッとこなかった」お相手が結婚相手になりました】,Toy Box Tumble（Low Bridge Signal）
TikTok,pluskou,https://www.tiktok.com/@pluskou/video/7690569242898484488,2026-09-28,294.0,4.0,0（写真）,「出会いはあるのに、結婚につながらない…」33歳女性が選んだ次の一歩。,優しい時間の中（雨宿りと猫）
TikTok,pluskou,https://www.tiktok.com/@pluskou/video/7674618370037222674,不明,,,不明,不明（ttv空応答）,不明（ttv空応答）
TikTok,irikura_marriageagency,https://www.tiktok.com/@irikura_marriageagency/video/7691923161020894485,2026-10-02,174.0,14.0,50,🍂今週末、甲府でどれに参加する？,オリジナル楽曲 - 入倉結婚相談所【公式】
TikTok,irikura_marriageagency,https://www.tiktok.com/@irikura_marriageagency/video/7684476746967698705,2026-09-12,302.0,16.0,43,ここ、婚活会場っていうより素敵なディナーじゃない？✨,オリジナル楽曲 - 入倉結婚相談所【公式】
TikTok,irikura_marriageagency,https://www.tiktok.com/@irikura_marriageagency/video/7679645945407212820,2026-08-30,199.0,1.0,99,「クリスマスには絶対プロポーズされる」って決めてました🎄,オリジナル楽曲 - 入倉結婚相談所【公式】
TikTok,primarrie.sawa,https://www.tiktok.com/@primarrie.sawa/video/7692052943603813650,2026-10-02,13000.0,7.0,10,20代・30代の婚活、一人で悩んでない？🥺,オリジナル楽曲 - 沢の婚活カフェ
TikTok,primarrie.sawa,https://www.tiktok.com/@primarrie.sawa/video/7691444978962205958,2026-10-01,83.0,2.0,60,#お断り理由 #割り勘問題 #鹿児島出会い,オリジナル楽曲 - 沢の婚活カフェ
TikTok,primarrie.sawa,https://www.tiktok.com/@primarrie.sawa/video/7685008397611142407,2026-09-13,240.0,1.0,0（写真）,「お見合い、楽しく話せたのに…なぜお断り？」,キセキ(オルゴール)（西脇睦宏）
TikTok,imee.bridal,https://www.tiktok.com/@imee.bridal/video/7691943124779781383,2026-10-02,783.0,18.0,52,恋愛心理学第二弾🌟 今回は好きな人との距離の縮め方,Bunny Hop Parade（Cranky Bird）
TikTok,imee.bridal,https://www.tiktok.com/@imee.bridal/video/7689334396423343378,2026-09-25,802.0,9.0,41,好きな人だからこそ素直になれない。そんな人必見💡,幼稚園の遊び 可愛く幼いピアノワルツ劇伴（ひなたに）
TikTok,imee.bridal,https://www.tiktok.com/@imee.bridal/video/7686670032125955335,2026-09-18,772.0,13.0,29,恋愛で1番怖いのは何か知ってますか？？？,A Porch in Soft Rain（Rita Marsh）
TikTok,fussa_nakodo,https://www.tiktok.com/@fussa_nakodo/video/7692291475685608722,2026-10-03,94.0,2.0,25,★10/25（日）街さんぽ！明治時代の息吹を感じる石川酒造を歩く,オリジナル楽曲 - 福生の仲人
TikTok,fussa_nakodo,https://www.tiktok.com/@fussa_nakodo/video/7691967502779223304,2026-10-02,407.0,9.0,21,（キャプション空。オヤジダンサーズ登場）,オリジナル楽曲 - 福生の仲人
TikTok,fussa_nakodo,https://www.tiktok.com/@fussa_nakodo/video/7691155420970257671,2026-09-30,131.0,3.0,21,★あのとき⏳二人であゆむ人生が始まった❤️ HelloFM,オリジナル楽曲 - 福生の仲人
TikTok,hosoyu_konkatu,https://www.tiktok.com/@hosoyu_konkatu/video/7680435046607490324,2026-09-08,398.0,1.0,42,年下女性を希望するなら男性側に何が必要ですか?,オリジナル楽曲 - ほそゆう@結婚相談所ウェルスマ
TikTok,hosoyu_konkatu,https://www.tiktok.com/@hosoyu_konkatu/video/7680435051833937173,2026-09-07,315.0,4.0,58,30代男性が結婚できる女性のリアル,オリジナル楽曲 - ほそゆう@結婚相談所ウェルスマ
TikTok,hosoyu_konkatu,https://www.tiktok.com/@hosoyu_konkatu/video/7677442612139248904,2026-08-31,302.0,3.0,136,失敗しない結婚相談所はどう選ぶ？,オリジナル楽曲 - ほそゆう@結婚相談所ウェルスマ
TikTok,follipartner0,https://www.tiktok.com/@follipartner0/video/7691502599178112262,2026-10-01,823.0,1.0,100,「実家暮らしだから婚活で不利かも…」,オリジナル楽曲 - 婚活のプロ集団　結婚相談所フォリパートナー
TikTok,follipartner0,https://www.tiktok.com/@follipartner0/video/7691111382619655425,2026-09-30,877.0,1.0,100,「元彼ならこうしてくれた」 「前の恋愛ではもっとドキドキした」,オリジナル楽曲 - 婚活のプロ集団　結婚相談所フォリパートナー
TikTok,follipartner0,https://www.tiktok.com/@follipartner0/video/7688954083163507988,2026-09-24,115.0,1.0,158,「35歳超えたら厳しい」 「40代婚活は無理」,オリジナル楽曲 - 婚活のプロ集団　結婚相談所フォリパートナー
TikTok,luvaiueo,https://www.tiktok.com/@luvaiueo/video/7692379639385165076,2026-10-03,1.0,0.0,113,パート③婚活で見られている本当のポイント,オリジナル楽曲 - 気づけ！婚活｜日刊やす🌙｜婚活「あいうえお」
TikTok,luvaiueo,https://www.tiktok.com/@luvaiueo/video/7690524485291887893,2026-09-28,261.0,1.0,56,パート④【地獄】1ヶ月でお見合いを46件申し込んだ男性の末路,オリジナル楽曲 - 気づけ！婚活｜日刊やす🌙｜婚活「あいうえお」
TikTok,luvaiueo,https://www.tiktok.com/@luvaiueo/video/7689782323558042900,2026-09-26,376.0,1.0,134,パート③〈【絶望】デート代の割り勘を求められた瞬間,オリジナル楽曲 - 気づけ！婚活｜日刊やす🌙｜婚活「あいうえお」
TikTok,heartful06,https://www.tiktok.com/@heartful06/video/7691943735642426625,2026-10-02,83.0,5.0,45,マッチングアプリではなく結婚相談所を選んだ理由！,結婚式をイメージしたBGM - ひるねこ
TikTok,heartful06,https://www.tiktok.com/@heartful06/video/7686360385095470354,2026-09-17,176.0,8.0,31,YouTubeの裏側をお見せします！！スタッフのやりとり,Glitch Patina - Bass Buddy Midnight Tambourine
TikTok,heartful06,https://www.tiktok.com/@heartful06/video/7685212881297739016,2026-09-14,3724.0,23.0,95,【男性が好きになる女性TOP5】スタッフが答えてみました,わちゃわちゃ運動会カルメン闘牛士のテクノ - パンダの中のパンダ
TikTok,bridaltulip,https://www.tiktok.com/@bridaltulip/video/7692021791274913042,2026-10-02,2.0,1.0,6,本命にならない人の特徴,運動会どころじゃない天国と地獄 - MACHO music
TikTok,bridaltulip,https://www.tiktok.com/@bridaltulip/video/7689409954754678034,2026-09-25,5.0,1.0,7,ガチで溺愛中の男性の特徴 #恋愛 #結婚 #おすすめ #fyp,オリジナル楽曲 - 結婚相談所ブライダルチューリップ
TikTok,bridaltulip,https://www.tiktok.com/@bridaltulip/video/7689072309457407239,2026-09-24,4.0,1.0,7,手放すべき恋人の特徴,オリジナル楽曲 - 結婚相談所ブライダルチューリップ
YouTube Shorts,150cmREMI,https://www.youtube.com/shorts/SA6U1cvKUJU,2026-10-01,246.0,1.0,31,#ONEOHOH #ワンオーオー #PDRN #紫根 #PR,不明
YouTube Shorts,150cmREMI,https://www.youtube.com/shorts/61XuDEZNsIU,2026-10-01,240.0,1.0,32,#ネイチャーリパブリック #NATURE_REPUBLIC #ブラックPDRN,不明
YouTube Shorts,150cmREMI,https://www.youtube.com/shorts/vJKiSRu95dk,2026-10-01,1178.0,3.0,17,#pr #fwee #韓国コスメ #提供品 #makeup #shorts,不明
YouTube Shorts,150cmREMI,https://www.youtube.com/shorts/xzYeOlndcyg,2026-09-25,180.0,1.0,22,#Ooznary #오즈너리 #RestAndTheSun #韓国スキンケア,不明
YouTube Shorts,150cmREMI,https://www.youtube.com/shorts/VHOSc5sKupo,2026-09-23,237.0,3.0,18,#OOZNARY #オーズナリー #JetBlueCream #ジェットブルー,不明
YouTube Shorts,hustlemommych,https://www.youtube.com/shorts/8ChEfqxRA6c,2026-09-28,273.0,,52,SKINCARE NEWS #10 #スキンケア,不明
YouTube Shorts,hustlemommych,https://www.youtube.com/shorts/nBiNC_3g2Wc,2026-09-21,49.0,,57,SKINCARE NEWS #9 #スキンケア,不明
YouTube Shorts,hustlemommych,https://www.youtube.com/shorts/rTuTYz1btYw,2026-09-14,901.0,,79,SKINCARE NEWS #8 #スキンケア,不明
YouTube Shorts,hustlemommych,https://www.youtube.com/shorts/Kr_TUZ0hUxc,2026-09-11,32.0,,36,TARGET SKINCARE UNDER $50｜Prequelで選んだ,不明
YouTube Shorts,hustlemommych,https://www.youtube.com/shorts/iq9OuauCj1w,2026-09-07,198.0,,62,SKINCARE NEWS #7 #スキンケア,不明
YouTube Shorts,statslog2026,https://www.youtube.com/shorts/Xxgp9GksdYE,2026-10-02,56.0,,37,箱が崩れていても同じと思われる出品、Qoo10と楽天,不明
YouTube Shorts,statslog2026,https://www.youtube.com/shorts/wVznbuvqejg,2026-09-28,250.0,,70,毛穴ケア、脂性肌向けだと逆効果？インナードライとの,不明
YouTube Shorts,kcosme_seibunlab,https://www.youtube.com/shorts/I5EBQdg3BEQ,2026-10-02,100.0,,68,【韓国コスメ】セラミドクリームTOP5、バリアの3点,不明
YouTube Shorts,Ceramide-Channel,https://www.youtube.com/shorts/65uZ_TbAlv8,2026-09-14,69.0,,24,毛穴の黒ずみ｜石鹸や洗顔フォームでは落ちません,不明
YouTube Shorts,misia8502,https://www.youtube.com/watch?v=6HbkMoDaz5E,2026-10-02,11.0,,1248,毛穴の悩み、やっぱり美容皮膚科に行くべきですか？,不明
YouTube Shorts,アトピー整体師しゅくちゃん,https://www.youtube.com/shorts/pn3_pIaGcaY,2026-10-03,223.0,2.0,82,アトピーの人が亜鉛を摂るならこの5つ｜アトピーの皮,不明
YouTube Shorts,atopy_seitai,https://www.youtube.com/shorts/NqTkikjh9zI,2026-10-02,292.0,,71,秋のスキンケア、やり方間違ってない？化粧水の効果的,不明
YouTube Shorts,elm_kaz,https://www.youtube.com/shorts/R6aIzdGxMys,2026-10-02,907.0,,32,イベント前にはこれを仕込め！　#shorts,不明
YouTube Shorts,elm_kaz,https://www.youtube.com/shorts/rKASfeyTt1c,2026-10-01,362.0,,16,ドクターイチオシの最新毛穴治療！ #shorts,不明
YouTube Shorts,大人の美容研究室,https://www.youtube.com/watch?v=Dyyt6HFQ7TY,2026-10-03,0.0,,851,【有益】驚くほど肌が綺麗になった！スキンケア商品&,不明
YouTube Shorts,nekoping_blog,https://www.youtube.com/shorts/vNbMXhC4A5I,2026-10-03,805.0,,23,ペットカメラ、猫に倒されない置き場所のコツ,VOICEVOX春日部つむぎ＋BGMオリジナル（説明文）
YouTube Shorts,nekoping_blog,https://www.youtube.com/shorts/6LOE7xEmGGI,2026-10-03,667.0,,不明,Windows 10はいつまで使える？延長サポートは,不明
YouTube Shorts,nekoping_blog,https://www.youtube.com/shorts/Lw9QgB8OCoM,2026-10-03,908.0,,不明,中継機を置いたのに遅い？置き場所は「中間あた,VOICEVOX（説明文）
YouTube Shorts,nekoping_blog,https://www.youtube.com/shorts/1FjiBL_SNAA,2026-10-03,163.0,,33,ルーターやペットカメラの電気代、1か月いくら？,不明
YouTube Shorts,nekoping_blog,https://www.youtube.com/shorts/PCSM6f-vL3I,2026-10-02,921.0,,不明,Wi-Fiのパスワードを忘れた！確認する4つの場所,VOICEVOX（説明文）
YouTube Shorts,nekoping_blog,https://www.youtube.com/shorts/4nVJX_G5I7s,2026-10-01,1000.0,,不明,そのWi-Fiルーター、まだ使える？買い替えのサイン,VOICEVOX（説明文）
YouTube Shorts,nekoping_blog,https://www.youtube.com/shorts/xl9GNSD9nJk,2026-09-30,1000.0,,不明,夜だけネットが遅い？原因は3つ、昼と夜で比べて,VOICEVOX（説明文）
YouTube Shorts,nekoping_blog,https://www.youtube.com/shorts/orPprIwks5w,2026-09-27,76.0,,不明,Wi-Fiはつながるのにネットにつながらないとき,不明
YouTube Shorts,nekoping_blog,https://www.youtube.com/shorts/BwlFvlIkjF4,2026-09-27,10.0,,不明,猫が自動給水器の水を飲まない？慣らし方のコツ,不明
YouTube Shorts,nekoping_blog,https://www.youtube.com/shorts/W8Q39Hyhyzo,2026-09-27,5.0,,不明,ペットカメラの通知が多すぎる・来ないときの見直,不明
YouTube Shorts,makoto_camera,https://www.youtube.com/shorts/YvJ2Jd95n8o,2026-09-30,1165.0,,50,お留守番の白さん｜テーブルで電気チェックして寝,AI生成ナレーション（説明文）
YouTube Shorts,makoto_camera,https://www.youtube.com/shorts/CyrvJ6Z9y6M,2026-09-28,155.0,,30,早朝4時、窓際でくつろぐ白さん｜朝も元気そうな観,AI生成ナレーション（説明文）
YouTube Shorts,makoto_camera,https://www.youtube.com/shorts/aq0cfCc_Smc,2026-09-28,1142.0,,30,窓の外が気になる白さん｜夜8時のパトロール観察ロ,AI生成ナレーション（説明文）
YouTube Shorts,makoto_camera,https://www.youtube.com/shorts/EF8NPP9-tGU,2026-09-27,1079.0,,30,AIが見つけた朝の白さん｜餌やりさんに寄り添って,AI生成ナレーション（説明文）
YouTube Shorts,makoto_camera,https://www.youtube.com/shorts/DJml91cqi_o,2026-09-26,337.0,,30,AIがペットカメラを巡回して白さんを発見｜朝5時の,AI生成ナレーション（説明文）
YouTube Shorts,gintokohaku,https://www.youtube.com/shorts/WrTlsc1Wx1c,2026-10-02,1000.0,,不明,ぬしはにゃんズの日向ぼっこに混ざりたい  #ペットカメ,VOICEVOX猫使ビィ＋BGM甘茶の音楽工房（説明文）
YouTube Shorts,gintokohaku,https://www.youtube.com/shorts/v8bLXTLeBKc,2026-09-28,1638.0,,60,本日もゲロ受け成功！ #吐くねこ#ペットカメラ,VOICEVOX猫使ビィ（説明文）
YouTube Shorts,gintokohaku,https://www.youtube.com/shorts/yUt3IvNNs28,2026-09-25,1300.0,,不明,スヤスヤ猫をいじってみたくなる  #野生の本能なくした,VOICEVOX猫使ビィ（説明文）
YouTube Shorts,gintokohaku,https://www.youtube.com/shorts/rKmlO7wMVOE,2026-09-21,1140.0,,57,真夜中にドッキリを掛け合うねこ #ペットカメラ,VOICEVOX猫使ビィ（説明文）
YouTube Shorts,gintokohaku,https://www.youtube.com/shorts/6dnuEFLbZmM,2026-09-18,1300.0,,不明,気がつくと怖い顔で見てる #サビ猫 #ヤキモチ？,VOICEVOX猫使ビィ＋BGM（説明文）
YouTube Shorts,gintokohaku,https://www.youtube.com/shorts/LlrM7M6XsiI,2026-09-07,1104.0,,27,初めて見る銀ちゃんの連続跳び #ペットカメラ,VOICEVOX猫使ビィ＋BGMer（説明文）
YouTube Shorts,kisten1,https://www.youtube.com/shorts/F-dW0wlmgBM,2026-10-01,1400.0,,不明,猫にほえられろ！猫部屋大追跡 #保護猫,不明
YouTube Shorts,kisten1,https://www.youtube.com/shorts/0HU2WLSqU1c,2026-09-20,1300.0,,不明,静かな女同士の闘い　まさかの攻撃で勝利奪還,不明
YouTube Shorts,kisten1,https://www.youtube.com/shorts/AmoRMd_LsjA,2026-09-13,2800.0,,不明,爪とぎを踏み台にする黒猫、嫌な予感しかしない,不明
YouTube Shorts,kisten1,https://www.youtube.com/shorts/UwrdQ9EkHnU,2026-09-12,1400.0,,不明,間の抜けた猫パンチ   キャットタワー攻防戦,不明
YouTube Shorts,ropkiki0423,https://www.youtube.com/shorts/4THFbfoBd_4,2026-10-02,895.0,,49,飼い主帰宅2026/10/02#うさぎ#うさぎのいる暮,原声推定
YouTube Shorts,ropkiki0423,https://www.youtube.com/shorts/n6SrPIGVFUo,2026-10-02,823.0,,11,昼のお留守番キュートイケメンリアタイごはんだ,SwitchBotカメラ原声推定
YouTube Shorts,ropkiki0423,https://www.youtube.com/shorts/jiDEq0ZQTs8,2026-10-01,949.0,,39,昼勤前のごあいさつ2026/10/02#うさぎ,原声推定
YouTube Shorts,ropkiki0423,https://www.youtube.com/shorts/Hgf0lmplFHE,2026-10-01,1000.0,,不明,昼のお留守番キュートイケメン後頭部しか見えな,SwitchBotカメラ原声推定
YouTube Shorts,ropkiki0423,https://www.youtube.com/shorts/zb6kTYFplOo,2026-09-30,882.0,,不明,昼のお留守番キュートイケメン今日もリアタイご,SwitchBotカメラ原声推定
YouTube Shorts,ropkiki0423,https://www.youtube.com/shorts/KYp5TjTlouc,2026-09-28,,,不明,昼のお留守番キュートイケメンこのカメラもトン,SwitchBotカメラ原声推定
YouTube Shorts,miku5975,https://www.youtube.com/shorts/i_zG_DQ6SMo,2026-10-03,321.0,,35,今日のミク🐰10月2日 #うさぎ #胸腺腫,不明
YouTube Shorts,miku5975,https://www.youtube.com/shorts/CB_JBBJgaQM,2026-10-01,162.0,,52,今日のミク🐰10月1日 #うさぎ #胸腺腫,不明
YouTube Shorts,miku5975,https://www.youtube.com/shorts/5zRsNQa7vm0,2026-09-24,1512.0,,30,今日のミク🐰9月24日。ぴょんしたよ❣️ #うさぎ #胸腺,不明（SwitchBot原声推定）
YouTube Shorts,miku5975,https://www.youtube.com/shorts/iVEPGdNPex4,2026-09-23,1750.0,,48,今日のミク🐰9月23日 #うさぎ #胸腺腫 #ペットカメラ,不明（SwitchBot原声推定）
YouTube Shorts,miku5975,https://www.youtube.com/shorts/36u0GOynyDQ,2026-09-22,1743.0,,40,今日のミク🐰9月22日 #うさぎ #胸腺腫 #ペットカメラ,不明（SwitchBot原声推定）
YouTube Shorts,bridaltulip,https://www.youtube.com/shorts/-yGY83CrfzM,2026-10-02,1225.0,3.0,8,なぜか毎回振られる人の特徴ランキング！,不明
YouTube Shorts,bridaltulip,https://www.youtube.com/shorts/vKfAS5u_2U8,2026-09-25,42.0,3.0,8,女性が結婚相手に選ばない男性の特徴ランキング！,不明
YouTube Shorts,bridaltulip,https://www.youtube.com/shorts/uaPTXNfy7rY,2026-09-23,1695.0,2.0,8,これされたら諦めて…完全脈なし行動ランキング！,不明
YouTube Shorts,bridaltulip,https://www.youtube.com/shorts/mza4oRBCxck,2026-09-22,41.0,1.0,8,男性が“本命彼女”に選ばない女性の特徴ランキング！,不明
YouTube Shorts,bridaltulip,https://www.youtube.com/shorts/k43DH2w1iKQ,2026-09-21,1637.0,3.0,8,危険人物に狙われやすい人の特徴ランキング！,不明
YouTube Shorts,bridaltulip,https://www.youtube.com/shorts/-wozf1305q0,2026-09-20,1219.0,2.0,8,【厳しい】恋愛弱者の特徴！,不明
YouTube Shorts,bridaltulip,https://www.youtube.com/shorts/5vP70_JD5Zo,2026-09-19,1289.0,2.0,8,【劇的】一瞬で愛が冷める瞬間！,不明
YouTube Shorts,bridaltulip,https://www.youtube.com/shorts/rM9-QUAy2Ks,2026-09-18,19.0,1.0,8,経験者ほど共感する「クズ恋人」の特徴ランキング！,不明
YouTube Shorts,bridaltulip,https://www.youtube.com/shorts/oLKh2E18Zg8,2026-09-11,25.0,2.0,8,交際後に「やめておけばよかった」と思われる人の特徴ランキング！,不明
YouTube Shorts,bridaltulip,https://www.youtube.com/shorts/unUA5pz3q4k,2026-09-05,1749.0,3.0,8,【最悪】話し合えない男性の特徴！,不明
YouTube Shorts,kanamama_duomariage,https://www.youtube.com/shorts/DiymqQXZ4tE,2026-09-30,1367.0,7.0,135,マチアプで浮気がバレた理由 #shorts,不明
YouTube Shorts,kanamama_duomariage,https://www.youtube.com/shorts/z2ytu-xHoIs,2026-09-22,1487.0,7.0,105,【マッチングアプリ】北川景子と結婚したいハイスペ自慢男とのお見合い,不明
YouTube Shorts,kanamama_duomariage,https://www.youtube.com/shorts/PxiU99AHvc0,2026-09-15,1352.0,11.0,137,【マッチングアプリ】ヤリモク男が持ち帰り失敗,不明
YouTube Shorts,kanamama_duomariage,https://www.youtube.com/shorts/JnixiJ739aA,2026-08-15,2228.0,10.0,24,モテるのに結婚しないハイスペ男性の「本音」がヤバい…,不明
YouTube Shorts,kanamama_duomariage,https://www.youtube.com/shorts/-q9AdwXKD9Y,2026-08-13,2502.0,15.0,31,ハイスペが結婚より仕事を選ぶ理由はこれです,不明
YouTube Shorts,kanamama_duomariage,https://www.youtube.com/shorts/Pp-UyRC-XxY,2026-08-12,4744.0,16.0,35,お金がある男性ほど結婚を急がない理由,不明
YouTube Shorts,ichiko_konkatu,https://www.youtube.com/shorts/AMqFR47neGo,2026-09-30,1214.0,5.0,24,#婚活#結婚相談所#婚活女子#結婚12年目#こんな夫,不明
YouTube Shorts,ichiko_konkatu,https://www.youtube.com/shorts/-qyDt1yz7RM,2026-09-27,481.0,1.0,24,#婚活 #結婚相談所 #結婚相手の選び方 #夫婦円満 #結婚12年目,不明
YouTube Shorts,ichiko_konkatu,https://www.youtube.com/shorts/eTVGQRceKCg,2026-09-23,199.0,,21,#結婚相談所で結婚#元婚活女子#結婚後の未来#家計管理,不明
YouTube Shorts,ichiko_konkatu,https://www.youtube.com/shorts/GwFfNlLE3q4,2026-09-20,495.0,3.0,23,#婚活#結婚相談所で結婚#元婚活女子#婚活疲れ#結婚したい,不明
YouTube Shorts,ichiko_konkatu,https://www.youtube.com/shorts/QzCdSSBSJsA,2026-09-16,23.0,,24,#結婚相談所で結婚#理想の結婚#結婚12年目#男性選び,不明
YouTube Shorts,ichiko_konkatu,https://www.youtube.com/shorts/ME5ADLgy020,2026-09-13,90.0,,24,結婚相談所に入会する男性の気持ちとは？,不明
YouTube Shorts,ichiko_konkatu,https://www.youtube.com/shorts/pgfzu8cJIP4,2026-09-09,22.0,,24,仙人のような生活をする夫です,不明
YouTube Shorts,ichiko_konkatu,https://www.youtube.com/shorts/tE0nI_RW6oM,2026-09-06,1155.0,2.0,28,#結婚相談所で結婚#結婚相手#家事育児#結婚12年目,不明
YouTube Shorts,働く人の結婚戦略室,https://www.youtube.com/shorts/lJkO1wQhGcc,2026-10-02,621.0,4.0,76,♦自立した女性は結婚できない？婚活でつまずく理由,不明
YouTube Shorts,働く人の結婚戦略室,https://www.youtube.com/shorts/zZ9fCM4I68A,2026-09-27,78.0,1.0,61,結婚相手は『条件』より一緒にいる時の自分で選んだほうがいい,不明
YouTube Shorts,働く人の結婚戦略室,https://www.youtube.com/shorts/V4CJI4NttHg,2026-09-26,358.0,1.0,69,♦婚活がめんどくさい理由とは？無理なく続ける5つの方法,不明
YouTube Shorts,働く人の結婚戦略室,https://www.youtube.com/shorts/NN-geS-h_hY,2026-09-26,76.0,,68,婚活で選ばれる人は欠点があっても『また会いたい』と思われる,不明
YouTube Shorts,働く人の結婚戦略室,https://www.youtube.com/shorts/lMFSeC2C7Xc,2026-09-25,353.0,4.0,74,♦パワーカップルの婚活｜仕事も生活も大切にできる相手の見つけ方,不明
YouTube Shorts,働く人の結婚戦略室,https://www.youtube.com/shorts/w8Qks1M2hKg,2026-09-22,226.0,1.0,63,結婚できる人は、出会った相手の「ここ」を見ている,不明
YouTube Shorts,働く人の結婚戦略室,https://www.youtube.com/shorts/OyXSrHw6ZTk,2026-09-21,199.0,,59,婚活女性は「年収」より何を見ている？,不明
YouTube Shorts,働く人の結婚戦略室,https://www.youtube.com/shorts/vIeW7Tn2mJA,2026-09-20,263.0,,62,40代の婚活がうまくいかない人、最初に変えるべきこと,不明
YouTube Shorts,働く人の結婚戦略室,https://www.youtube.com/shorts/QSXkV4q6Lxw,2026-09-19,1001.0,8.0,59,条件は悪くないのに女性から断られる男性の共通点,不明
YouTube Shorts,働く人の結婚戦略室,https://www.youtube.com/shorts/r2-E5mSQ-7M,2026-09-18,286.0,1.0,60,婚活で「いい人」を探し続ける女性が見落とすこと,不明
YouTube Shorts,brightveil_gotochin,https://www.youtube.com/shorts/_Ui_QUxQu-Y,2026-10-03,700.0,3.0,57,😖【悲報】マッチングアプリの男性が「音信不通」になる本当の理由,不明
YouTube Shorts,matchappsaki,https://www.youtube.com/shorts/wCzAJMAXvnQ,2026-10-03,7071.0,36.0,56,【婚活】マッチョ男性婚活市場で実は貴重な存在,不明
YouTube Shorts,talk_After-8pm,https://www.youtube.com/shorts/D7kFh4QfBAA,2026-09-30,1363.0,16.0,55,婚活で好印象を与える質問の仕方とは？,不明
YouTube Shorts,De-uy9nh,https://www.youtube.com/shorts/Ye1RYcAA78k,2026-10-01,4541.0,57.0,62,男女の本音　デートの会計　男の勘違い,不明
YouTube Shorts,De-uy9nh,https://www.youtube.com/shorts/rPCvBSbAiPQ,2026-09-24,15558.0,134.0,125,減点方式で男性を選び続けた女性の末路,不明
YouTube Shorts,konkatu-whiterose,https://www.youtube.com/shorts/fJKScoN5y5Q,2026-10-02,261.0,2.0,95,割り勘はナシ！本気の女性に見せてほしい男の心遣い,不明
YouTube Shorts,saitankon_mishima,https://www.youtube.com/shorts/GF2KVVjrZKs,2026-10-01,16.0,,60,【マジ】結婚相談所は婚前交渉禁止！なのに、SEXしようとは？,不明
YouTube Shorts,presia_01,https://www.youtube.com/shorts/iKUt16HhEcw,2026-10-03,2629.0,62.0,90,男が本命女性にだけする行動5選！,不明
YouTube Shorts,saburo_konkatsu,https://www.youtube.com/shorts/BRmL9yD5QnY,2026-10-02,1257.0,4.0,41,38歳婚活男、建前と本音「仮交際のお断り理由（交際終了）編」,DOVA-SYNDROME（説明文）
YouTube Shorts,cutopia2011,https://www.youtube.com/shorts/rWUGXGS-bJo,2026-09-30,265.0,4.0,92,夫の育児参加率が5割超えた時代。婚活女性が見るべきは「年収」ではなく「家事能力」,不明
YouTube Shorts,foafather,https://www.youtube.com/shorts/TMVEAj6HvsY,2026-10-03,1188.0,6.0,38,一緒に串揚げしてくれる女性と結婚したいだけ,不明
YouTube Shorts,tomoka-marriage,https://www.youtube.com/shorts/C_4WXwXpL6U,2026-10-03,6.0,,85,男性が逃げる正論女子,不明
YouTube Shorts,konkatsu-irikura,https://www.youtube.com/shorts/8c7upiyU4HI,2026-10-02,272.0,,51,山梨の週末、このままでいい？甲府で4つの婚活開催！,不明
YouTube Shorts,kapilinachannel2730,https://www.youtube.com/shorts/iuIWqo_AVNA,2026-09-29,1164.0,8.0,37,この女… #婚活 #熊本 #結婚相談所,不明
YouTube Shorts,YUKI-nq4kt,https://www.youtube.com/shorts/axWa-CGe4Pg,2026-10-03,376.0,,50,清潔感を下げるヒゲ,不明
YouTube Shorts,magomesakata,https://www.youtube.com/shorts/I7O_omg7gEY,2026-10-02,1114.0,9.0,85,ステーキを食べながら「もっと大人になってると思ってた」49歳の本音,不明
YouTube Shorts,50be80,https://www.youtube.com/shorts/Ua1XfjZE__w,2026-09-30,1086.0,4.0,52,厳しく言います #アラフォー婚 #婚活,不明
YouTube Shorts,konkatsu-lets,https://www.youtube.com/shorts/oHxTGJ_RPsY,2026-10-01,25.0,,180,婚活女性が大嫌いなものの一つが、男性のプライド！,不明
YouTube Shorts,yuhaginaka,https://www.youtube.com/shorts/dO1mcjDDANo,2026-09-30,1274.0,5.0,100,【重大発表】男性婚活、始動 ＃恋愛相談＃恋愛＃婚活,不明
YouTube Shorts,tomorrowclub4150,https://www.youtube.com/shorts/pwqDbDtq7Ds,2026-10-02,1134.0,8.0,52,婚活仲人の視線　この人難しいかも…と思う瞬間,不明
YouTube Shorts,hikarimarriage,https://www.youtube.com/shorts/pVcxka1SO-I,2026-09-26,432.0,2.0,34,27歳のあなたへ,不明
YouTube Shorts,mirai-mc,https://www.youtube.com/shorts/GvLgiiI1gy8,2026-10-03,824.0,2.0,46,【婚活】なぜか人が寄ってくる人の共通点,不明
YouTube Shorts,kekkon_monogatari,https://www.youtube.com/shorts/j6PtJvK5Bt8,2026-09-30,2885.0,46.0,82,【30代の婚活】年収より大事な婚活で妥協してはいけない条件,不明
YouTube Shorts,anemari-ch,https://www.youtube.com/shorts/kETYjNn0Cx4,2026-06-19,1447.0,3.0,58,交際経験が少ない人が結婚相談所で戦える理由,不明
YouTube Shorts,matchappsaki,https://www.youtube.com/shorts/wCzAJMAXvnQ,2026-10-03,5775.0,31.0,56,【婚活】マッチョ男性婚活市場で実は貴重な存在,不明
YouTube Shorts,matchappsaki,https://www.youtube.com/shorts/AOsfw9OIj_E,2026-10-02,13124.0,39.0,60,【婚活】43歳バツイチ男性セレブなのに婚活で苦戦中,不明
YouTube Shorts,matchappsaki,https://www.youtube.com/shorts/5o9wYVdhKeI,2026-10-01,7346.0,57.0,50,【婚活】男性必見！女性の褒めポイント３選,不明
YouTube Shorts,matchappsaki,https://www.youtube.com/shorts/yz9vmg3CZFk,2026-09-30,19310.0,86.0,37,【婚活】婚活女性「年収500万なら性格を見極めたい」,不明
YouTube Shorts,matchappsaki,https://www.youtube.com/shorts/xCwMBgm7HIQ,2026-09-29,16450.0,94.0,48,男性の自炊しない宣言、婚活では絶対にしない方がいい理由,不明
YouTube Shorts,matchappsaki,https://www.youtube.com/shorts/w-AJeQjdHOY,2026-09-29,20598.0,70.0,48,【婚活】地方の公務員婚活で苦戦します,不明
YouTube Shorts,matchappsaki,https://www.youtube.com/shorts/1TJLHW_hqJI,2026-09-28,11592.0,100.0,56,34歳女性「何もしないで結婚できる人が妬ましい」,不明
YouTube Shorts,matchappsaki,https://www.youtube.com/shorts/Fu2dTNDTY3U,2026-09-28,27842.0,98.0,39,【絶望】婚活男女そのLINE20代は引いてます,不明
YouTube Shorts,matchappsaki,https://www.youtube.com/shorts/XazvV3vPACI,2026-09-27,20304.0,125.0,57,結婚したら詰む、話し合いができない人の特徴,不明
YouTube Shorts,matchappsaki,https://www.youtube.com/shorts/Vi9nfSxP-_U,2026-09-27,29735.0,173.0,41,【婚活】こんなに違う？！男女の”結婚観”,不明
YouTube Shorts,マッチング馬場チャンネル,https://www.youtube.com/shorts/BP7Vh10bfXo,2026-09-13,42300.0,182.0,39,マッチングアプリの女に会う為に新幹線で2時間半かける男の1日,不明
YouTube Shorts,マッチング馬場チャンネル,https://www.youtube.com/shorts/2-Opw-oYYJg,2026-09-10,29066.0,161.0,54,マッチングアプリいる調子乗ってる女,不明
YouTube Shorts,マッチング馬場チャンネル,https://www.youtube.com/shorts/lqbnVIscjbc,2026-08-27,36910.0,191.0,44,マッチングアプリの女と河原で野球する流れになった男の1日,不明
YouTube Shorts,マッチング馬場チャンネル,https://www.youtube.com/shorts/B1HxhO_zgf8,2026-08-18,61796.0,335.0,45,マッチングアプリで会った女の正体が過去1グロくて泣いた男の1日,不明
YouTube Shorts,マッチング馬場チャンネル,https://www.youtube.com/shorts/3MkmmpcvEo8,2026-08-17,58065.0,262.0,48,マッチングアプリでタイプな保育士と付き合う為に奮闘しまくる男の1日,不明
YouTube Shorts,マッチング馬場チャンネル,https://www.youtube.com/shorts/TA-ol8kxjhw,2026-08-14,80412.0,452.0,48,マッチングアプリで最高の彼女候補を見つけた男の1日,不明
YouTube Shorts,マッチング馬場チャンネル,https://www.youtube.com/shorts/ffspNA_mNsY,2026-08-13,65567.0,347.0,43,全額奢ったマッチングアプリ女から解散後連絡が来なくなる男の1日,不明
YouTube Shorts,presia_01,https://www.youtube.com/shorts/iKUt16HhEcw,2026-10-03,1935.0,50.0,90,男が本命女性にだけする行動5選！,不明
YouTube Shorts,presia_01,https://www.youtube.com/shorts/isS6bEJGnVw,2026-10-01,22725.0,288.0,87,高年収男性が絶対に避けるべき「地雷女性」の特徴5選,不明
YouTube Shorts,presia_01,https://www.youtube.com/shorts/_06MREw5ZgU,2026-09-29,25057.0,310.0,72,年収1000万円あっても選ばれない残念なハイスペ男性とは？,不明
YouTube Shorts,presia_01,https://www.youtube.com/shorts/BkiyhU8yKU4,2026-09-27,32696.0,430.0,69,婚活女性へ。「普通でいい」は一番の高望みだぞ！,不明
YouTube Shorts,presia_01,https://www.youtube.com/shorts/38pzAxzL8TY,2026-09-25,25347.0,445.0,63,美人なのに男性が逃げ出す女とは？,不明
YouTube Shorts,presia_01,https://www.youtube.com/shorts/gCNO86r70Qo,2026-09-23,27083.0,471.0,68,男性に養ってもらう前提の「寄生女」は危険！！,不明
YouTube Shorts,presia_01,https://www.youtube.com/shorts/KQDJsw-5OoA,2026-09-21,35703.0,628.0,68,独身男性へ。こんな女とは結婚やめとけ！！,不明
YouTube Shorts,presia_01,https://www.youtube.com/shorts/r1nJrodHfko,2026-09-19,30903.0,313.0,68,初デート、あなたの会計時の態度で1発アウトになる！！,不明
YouTube Shorts,talk_After-8pm,https://www.youtube.com/shorts/D7kFh4QfBAA,2026-09-30,1364.0,16.0,55,婚活で好印象を与える質問の仕方とは？,不明
YouTube Shorts,talk_After-8pm,https://www.youtube.com/shorts/W9CJXx2OWoA,2026-09-28,1108.0,14.0,47,女性の「大丈夫」言葉通りに受け取らないで,不明
YouTube Shorts,talk_After-8pm,https://www.youtube.com/shorts/TBIDPSEyBBo,2026-09-27,1443.0,15.0,65,婚活で「普通の人」に出会うのが難しい理由,不明
YouTube Shorts,talk_After-8pm,https://www.youtube.com/shorts/hfd6TqZvAQs,2026-09-25,1111.0,10.0,44,婚活で「運命の人」と出会う方法,不明
YouTube Shorts,talk_After-8pm,https://www.youtube.com/shorts/7lXl5Zg2N9g,2026-09-23,101.0,8.0,62,「清潔感がある」と思われる男性のチェックリスト,不明
YouTube Shorts,talk_After-8pm,https://www.youtube.com/shorts/U4E_MisYAzA,2026-09-20,1435.0,13.0,51,【男性は要注意】婚活で実は減点される褒め方,不明
YouTube Shorts,talk_After-8pm,https://www.youtube.com/shorts/1n32ED2wMxI,2026-09-18,1605.0,17.0,47,婚活で「何か違う」が続く人へ,不明
YouTube Shorts,talk_After-8pm,https://www.youtube.com/shorts/Idsepta5X0U,2026-09-16,1365.0,10.0,51,【婚活】「優しい人」で選ぼうとすると失敗します。,不明
YouTube Shorts,相談先の多田さん,https://www.youtube.com/shorts/c-CGD4D_960,2026-10-01,8879.0,82.0,32,会話のキャッチボールができない,不明
YouTube Shorts,相談先の多田さん,https://www.youtube.com/shorts/3BXgHGfG2o0,2026-10-01,11120.0,59.0,33,お見合いですよね？,不明
YouTube Shorts,相談先の多田さん,https://www.youtube.com/shorts/p1c1UcgAfpI,2026-09-29,3111.0,50.0,26,この私が？,不明
YouTube Shorts,相談先の多田さん,https://www.youtube.com/shorts/FnhAMWRBpFk,2026-09-29,2900.0,42.0,38,プロフィールあるある？,不明
YouTube Shorts,相談先の多田さん,https://www.youtube.com/shorts/GkwDN5m5wtc,2026-09-27,4979.0,56.0,48,本当は子どもが欲しい？,不明
YouTube Shorts,相談先の多田さん,https://www.youtube.com/shorts/ustst5N7chk,2026-09-26,8208.0,66.0,32,結婚相談所では望めない？,不明
YouTube Shorts,相談先の多田さん,https://www.youtube.com/shorts/r5d-eQQiCQw,2026-09-26,9720.0,88.0,34,何を騙したの？,不明
YouTube Shorts,相談先の多田さん,https://www.youtube.com/shorts/kukZJDcrS2Y,2026-09-23,7101.0,63.0,36,『普通』って何？,不明
YouTube Shorts,kanamama_duomariage,https://www.youtube.com/shorts/DiymqQXZ4tE,2026-09-30,1367.0,7.0,135,マチアプで浮気がバレた理由,不明
YouTube Shorts,kanamama_duomariage,https://www.youtube.com/shorts/z2ytu-xHoIs,2026-09-22,1487.0,7.0,105,【マッチングアプリ】北川景子と結婚したいハイスペ自慢男とのお見合い,不明
YouTube Shorts,kanamama_duomariage,https://www.youtube.com/shorts/PxiU99AHvc0,2026-09-15,1352.0,11.0,137,【マッチングアプリ】ヤリモク男が持ち帰り失敗,不明
YouTube Shorts,kanamama_duomariage,https://www.youtube.com/shorts/JnixiJ739aA,2026-08-15,2228.0,10.0,24,モテるのに結婚しないハイスペ男性の「本音」がヤバい…,不明
YouTube Shorts,kanamama_duomariage,https://www.youtube.com/shorts/-q9AdwXKD9Y,2026-08-13,2502.0,15.0,31,ハイスペが結婚より仕事を選ぶ理由はこれです,不明
YouTube Shorts,kanamama_duomariage,https://www.youtube.com/shorts/Pp-UyRC-XxY,2026-08-12,4744.0,16.0,35,お金がある男性ほど結婚を急がない理由,不明
YouTube Shorts,yoshida-handmaid,https://www.youtube.com/shorts/9eJ-7iBo1O0,2026-10-02,6349.0,64.0,75,合コンの二次会の途中で帰ってきちゃった…,不明
YouTube Shorts,yoshida-handmaid,https://www.youtube.com/shorts/nexrBIsV1Jw,2026-09-27,18252.0,168.0,54,顔見て帰られた結果、ぼっちで水族館デートしてきたw,不明
YouTube Shorts,yoshida-handmaid,https://www.youtube.com/shorts/npsM4dC7riQ,2026-08-01,65392.0,300.0,59,【女ひとり旅】30代独身女、婚活に疲れて京都へぼっち1泊2日旅行,不明
YouTube Shorts,yoshida-handmaid,https://www.youtube.com/shorts/fMmD51EypFM,2026-07-21,24028.0,125.0,69,24時間三ツ矢サイダー飲み放題の謎ホテルに泊まってきた,不明
YouTube Shorts,yoshida-handmaid,https://www.youtube.com/shorts/A5Scmfw8bZU,2026-07-10,46856.0,208.0,67,やらかした…せっかくの沖縄旅なのに財布忘れて草,不明
YouTube Shorts,yoshida-handmaid,https://www.youtube.com/shorts/BDUUi9iENP0,2026-07-09,86967.0,417.0,67,【30代独身女】マッチングアプリで出会った人と明日２回目のデート,不明
YouTube Shorts,UCnsEpMSCXrw_4VxTnvKcjEA,https://www.youtube.com/shorts/AMqFR47neGo,2026-09-30,1214.0,5.0,24,#婚活#結婚相談所#婚活女子#結婚12年目#こんな夫,不明
YouTube Shorts,UCnsEpMSCXrw_4VxTnvKcjEA,https://www.youtube.com/shorts/-qyDt1yz7RM,2026-09-27,481.0,1.0,24,#婚活 #結婚相談所 #結婚相手の選び方 #夫婦円満 #結婚12年目,不明
YouTube Shorts,UCnsEpMSCXrw_4VxTnvKcjEA,https://www.youtube.com/shorts/eTVGQRceKCg,2026-09-23,199.0,,21,#結婚相談所で結婚#元婚活女子#結婚後の未来#家計管理,不明
YouTube Shorts,UCnsEpMSCXrw_4VxTnvKcjEA,https://www.youtube.com/shorts/GwFfNlLE3q4,2026-09-20,495.0,3.0,23,#婚活#結婚相談所で結婚#元婚活女子#婚活疲れ,不明
YouTube Shorts,UCnsEpMSCXrw_4VxTnvKcjEA,https://www.youtube.com/shorts/QzCdSSBSJsA,2026-09-16,23.0,,24,#結婚相談所で結婚#理想の結婚#結婚12年目#男性選び,不明
YouTube Shorts,UCnsEpMSCXrw_4VxTnvKcjEA,https://www.youtube.com/shorts/ME5ADLgy020,2026-09-13,90.0,,24,結婚相談所に入会する男性の気持ちとは？,不明
YouTube Shorts,UCnsEpMSCXrw_4VxTnvKcjEA,https://www.youtube.com/shorts/pgfzu8cJIP4,2026-09-09,22.0,,24,仙人のような生活をする夫です,不明
YouTube Shorts,UCnsEpMSCXrw_4VxTnvKcjEA,https://www.youtube.com/shorts/tE0nI_RW6oM,2026-09-06,1155.0,2.0,28,#結婚相談所で結婚#結婚相手#家事育児#結婚12年目,不明
YouTube Shorts,77minch,https://www.youtube.com/shorts/TmE_CDgh0Ds,2026-08-31,3616.0,17.0,18,ほろ酔いで2回会った男性の話したけど恥ずかしくてボツにした素材,不明
YouTube Shorts,77minch,https://www.youtube.com/shorts/yMvtSUP8WeE,2026-07-12,5672.0,43.0,93,マッチングアプリの男性と会う休日Vlog,不明
YouTube Shorts,77minch,https://www.youtube.com/shorts/381Govf6TYw,2026-05-10,5036.0,23.0,41,野球観戦Vlog,不明
YouTube Shorts,77minch,https://www.youtube.com/shorts/SQzTXn9ghog,2026-03-08,7017.0,23.0,110,1人で2泊３日茨城旅行Vlog！,不明
YouTube Shorts,77minch,https://www.youtube.com/shorts/hbN8ihJ47Ko,2026-02-28,8837.0,31.0,56,時間に厳しい私VS時間にルーズな彼氏,不明
YouTube Shorts,77minch,https://www.youtube.com/shorts/TesJjeasFxE,2026-02-22,5418.0,42.0,91,マチアプが趣味だったのに彼氏ができて趣味がなくなった時,不明
YouTube Shorts,bridaltulip,https://www.youtube.com/shorts/-yGY83CrfzM,2026-10-02,1225.0,3.0,8,なぜか毎回振られる人の特徴ランキング！,不明
YouTube Shorts,bridaltulip,https://www.youtube.com/shorts/vKfAS5u_2U8,2026-09-25,42.0,3.0,8,女性が結婚相手に選ばない男性の特徴ランキング！,不明
YouTube Shorts,bridaltulip,https://www.youtube.com/shorts/uaPTXNfy7rY,2026-09-23,1695.0,2.0,8,これされたら諦めて…完全脈なし行動ランキング！,不明
YouTube Shorts,bridaltulip,https://www.youtube.com/shorts/mza4oRBCxck,2026-09-22,41.0,1.0,8,男性が“本命彼女”に選ばない女性の特徴ランキング！,不明
YouTube Shorts,bridaltulip,https://www.youtube.com/shorts/k43DH2w1iKQ,2026-09-21,1637.0,3.0,8,危険人物に狙われやすい人の特徴ランキング！,不明
YouTube Shorts,bridaltulip,https://www.youtube.com/shorts/-wozf1305q0,2026-09-20,1219.0,2.0,8,【厳しい】恋愛弱者の特徴！,不明
YouTube Shorts,bridaltulip,https://www.youtube.com/shorts/5vP70_JD5Zo,2026-09-19,1289.0,2.0,8,【劇的】一瞬で愛が冷める瞬間！,不明
YouTube Shorts,bridaltulip,https://www.youtube.com/shorts/rM9-QUAy2Ks,2026-09-18,19.0,1.0,8,経験者ほど共感する「クズ恋人」の特徴ランキング！,不明
YouTube Shorts,bridaltulip,https://www.youtube.com/shorts/oLKh2E18Zg8,2026-09-11,25.0,2.0,8,交際後に「やめておけばよかった」と思われる人の特徴ランキング！,不明
YouTube Shorts,bridaltulip,https://www.youtube.com/shorts/unUA5pz3q4k,2026-09-05,1749.0,3.0,8,【最悪】話し合えない男性の特徴！,不明
YouTube Shorts,saitankon_mishima,https://www.youtube.com/shorts/GF2KVVjrZKs,2026-10-01,16.0,,60,【マジ】結婚相談所は婚前交渉禁止！なのに、SEXしようとは？,不明
YouTube Shorts,saitankon_mishima,https://www.youtube.com/shorts/zppaoeYugl8,2026-09-17,174.0,,51,【まさか】結婚できるのはどちらの女性？,不明
YouTube Shorts,saitankon_mishima,https://www.youtube.com/shorts/daq-dPeK59o,2026-09-10,1161.0,2.0,58,【滅】オンラインお見合いは失敗が多い？歳の差お見合いでおじさん丸出し！,不明
YouTube Shorts,saitankon_mishima,https://www.youtube.com/shorts/jta6MZxgBLk,2026-09-03,1534.0,4.0,46,【婚活】イケメンじゃなきゃ！高望みアスカが結婚できない訳！,不明
YouTube Shorts,saitankon_mishima,https://www.youtube.com/shorts/Bs3dNkxXGJE,2026-08-27,1194.0,2.0,47,【離婚相談】結婚相談所婚の離婚が急増しているって本当？,不明
YouTube Shorts,saitankon_mishima,https://www.youtube.com/shorts/CteTyB_jpeA,2026-08-20,1638.0,3.0,40,【恐怖】結婚前の貯金を狙っている奴がいる！,不明
YouTube Shorts,saitankon_mishima,https://www.youtube.com/shorts/S77qX3JbAFM,2026-08-13,486.0,1.0,42,【婚活】ハイスペ婚の残酷な真実！必要なのは生活力,不明
YouTube Shorts,saitankon_mishima,https://www.youtube.com/shorts/RhA9bR1J2aI,2026-08-06,1271.0,,53,【共働き結婚】希望婚活男性は覚悟が必要！,不明
YouTube Shorts,konkatu-whiterose,https://www.youtube.com/shorts/fJKScoN5y5Q,2026-10-02,259.0,2.0,95,割り勘はナシ！本気の女性に見せてほしい男の心遣い,不明
YouTube Shorts,konkatu-whiterose,https://www.youtube.com/shorts/OlGplg97_Tw,2026-10-01,414.0,2.0,65,【やめて！】お見合い見ていないと思う？女性は気づいています！,不明
YouTube Shorts,konkatu-whiterose,https://www.youtube.com/shorts/jQaVIEZJWBA,2026-09-30,1155.0,4.0,90,お見合いマナー『お茶代』,不明
YouTube Shorts,konkatu-whiterose,https://www.youtube.com/shorts/Q-UsxxLM5UU,2026-09-28,1230.0,5.0,63,snsで見かける婚活の愚痴が悲惨すぎる。,不明
YouTube Shorts,konkatu-whiterose,https://www.youtube.com/shorts/gaw5FLMZWYk,2026-09-26,1105.0,2.0,85,あの人以上がいない…婚活が長引く原因,不明
YouTube Shorts,konkatu-whiterose,https://www.youtube.com/shorts/jW1s6rCbT5M,2026-09-08,271.0,4.0,69,「婚活が長引く人ほど“自分磨き”を頑張りすぎる？」,不明
YouTube Shorts,konkatu-whiterose,https://www.youtube.com/shorts/AAq64SC7h5g,2026-09-01,985.0,4.0,97,【婚活】まだデート1回2回目なのに質問攻め？それ、面接です！,不明
YouTube Shorts,婚活初心者向けアドバイス,https://www.youtube.com/shorts/wBYF5hs7x-E,2026-09-08,114.0,,66,なんで私選べないのか不安,不明
YouTube Shorts,婚活初心者向けアドバイス,https://www.youtube.com/shorts/p54D00Ic6Dw,2026-09-05,1128.0,,72,結婚相談所だけは絶対にイヤ！,不明
YouTube Shorts,婚活初心者向けアドバイス,https://www.youtube.com/shorts/A6KsEGyrGK0,2026-08-30,1379.0,,60,好きな人と結婚したいって言ってると結婚できない理由,不明
YouTube Shorts,婚活初心者向けアドバイス,https://www.youtube.com/shorts/xDCshpkFwwc,2026-08-26,1150.0,,54,これって脈なし？？と感じた時に女性が取るべき行動,不明
YouTube Shorts,婚活初心者向けアドバイス,https://www.youtube.com/shorts/Kt-TRx4huS8,2026-08-23,1365.0,,46,結婚は好きだけで選んではいけない理由,不明
YouTube Shorts,konkatsu-lets,https://www.youtube.com/shorts/oHxTGJ_RPsY,2026-10-01,25.0,,180,婚活女性が大嫌いなものの一つが、男性のプライド！,不明
YouTube Shorts,konkatsu-lets,https://www.youtube.com/shorts/j6r7cKyFhD8,2026-09-30,774.0,2.0,180,婚活で理想的な美女と一緒になるには、何が求められるのか？,不明
YouTube Shorts,konkatsu-lets,https://www.youtube.com/shorts/lfFTRX6fT1A,2026-09-29,224.0,1.0,180,婚活女性は内面重視とは言うけれど、実際は内面は見てくれません！,不明
YouTube Shorts,konkatsu-lets,https://www.youtube.com/shorts/L4Awtuom1b8,2026-09-27,2150.0,3.0,180,婚活で成婚できない人が悩んでしまう理由はこれ！,不明
YouTube Shorts,konkatsu-lets,https://www.youtube.com/shorts/W6PKUWBB05M,2026-09-25,1793.0,1.0,180,婚活では、人気があってモテてしまう人ほど婚活が長期化する！,不明
YouTube Shorts,konkatsu-lets,https://www.youtube.com/shorts/y3RxWiVu8uY,2026-09-24,2224.0,4.0,180,婚活者は、会社では「あの人まだ独身なんだよ」と陰口を叩かれている！,不明
YouTube Shorts,konkatsu-lets,https://www.youtube.com/shorts/Ya6_s3t8_lM,2026-09-23,2110.0,7.0,180,年老いて亡くなる人が後悔することの一つに「自分の子供を結婚させてあげられなかった,不明
YouTube Shorts,konkatsu-lets,https://www.youtube.com/shorts/NwXNz5XZfQo,2026-09-22,1516.0,6.0,180,婚活では、交際３か月で住む物件の契約をしたり、婚約指輪や結婚指輪の購入する人もい,不明
YouTube Shorts,働く人の結婚戦略室,https://www.youtube.com/shorts/lJkO1wQhGcc,2026-10-02,621.0,4.0,76,自立した女性は結婚できない？婚活でつまずく理由,不明
YouTube Shorts,働く人の結婚戦略室,https://www.youtube.com/shorts/zZ9fCM4I68A,2026-09-27,78.0,1.0,61,結婚相手は『条件』より一緒にいる時の自分で選んだほうがいい,不明
YouTube Shorts,働く人の結婚戦略室,https://www.youtube.com/shorts/V4CJI4NttHg,2026-09-26,358.0,1.0,69,婚活がめんどくさい理由とは？無理なく続ける5つの方法,不明
YouTube Shorts,働く人の結婚戦略室,https://www.youtube.com/shorts/NN-geS-h_hY,2026-09-26,76.0,,68,婚活で選ばれる人は欠点があっても『また会いたい』と思われる,不明
YouTube Shorts,働く人の結婚戦略室,https://www.youtube.com/shorts/lMFSeC2C7Xc,2026-09-25,353.0,4.0,74,パワーカップルの婚活｜仕事も生活も大切にできる相手の見つけ方,不明
YouTube Shorts,働く人の結婚戦略室,https://www.youtube.com/shorts/w8Qks1M2hKg,2026-09-22,226.0,1.0,63,結婚できる人は、出会った相手の「ここ」を見ている,不明
YouTube Shorts,働く人の結婚戦略室,https://www.youtube.com/shorts/OyXSrHw6ZTk,2026-09-21,199.0,,59,婚活女性は「年収」より何を見ている？,不明
YouTube Shorts,働く人の結婚戦略室,https://www.youtube.com/shorts/vIeW7Tn2mJA,2026-09-20,263.0,,62,40代の婚活がうまくいかない人、最初に変えるべきこと,不明
YouTube Shorts,働く人の結婚戦略室,https://www.youtube.com/shorts/QSXkV4q6Lxw,2026-09-19,1001.0,8.0,59,条件は悪くないのに女性から断られる男性の共通点,不明
YouTube Shorts,働く人の結婚戦略室,https://www.youtube.com/shorts/r2-E5mSQ-7M,2026-09-18,286.0,1.0,60,婚活で「いい人」を探し続ける女性が見落とすこと,不明
YouTube Shorts,cutopia2011,https://www.youtube.com/shorts/rWUGXGS-bJo,2026-09-30,263.0,4.0,92,夫の育児参加率が5割超えた時代。婚活女性が見るべきは「年収」ではなく「家事能力」,不明
YouTube Shorts,cutopia2011,https://www.youtube.com/shorts/xMlNdjVVtNc,2026-09-28,294.0,4.0,101,「まだ大丈夫」と思っている婚活中のあなたへ。「今」しかできないこともある,不明
YouTube Shorts,cutopia2011,https://www.youtube.com/shorts/kTo19ZvT3vw,2026-09-27,321.0,6.0,98,婚活で「趣味が合わない」は断る理由になる？97.6％の意外な答え,不明
YouTube Shorts,cutopia2011,https://www.youtube.com/shorts/fog-5LuQwc0,2026-09-26,1011.0,17.0,70,「4か月」がひとつの分岐点｜婚活で決めるタイミング,不明
YouTube Shorts,cutopia2011,https://www.youtube.com/shorts/wODDoqWKd64,2026-09-25,391.0,10.0,92,【婚活で迷っている人へ】70代のタクシードライバーが言った「悔いはない！」,不明
YouTube Shorts,cutopia2011,https://www.youtube.com/shorts/VEb7ZThhOgg,2026-09-23,933.0,13.0,145,結婚相談所で婚活するなら、絶対に知っておきたいこと,不明
YouTube Shorts,cutopia2011,https://www.youtube.com/shorts/jUQt4l4eW0M,2026-09-22,563.0,20.0,109,100人に断られてもOK！最後にたった1人に選ばれる男性の絶対条件,不明
YouTube Shorts,cutopia2011,https://www.youtube.com/shorts/re-ARoM5kCU,2026-09-21,1009.0,11.0,101,婚活の停滞期を脱出する！今すぐ変えるべき「小さな意識の差」,不明
YouTube Shorts,kapilinachannel2730,https://www.youtube.com/watch?v=iuIWqo_AVNA,2026-09-29,1164.0,8.0,37,この女… #婚活 #熊本 #結婚相談所,不明
YouTube Shorts,kapilinachannel2730,https://www.youtube.com/watch?v=lMIvCTOUcXU,2026-09-26,13.0,3.0,30,言わなきゃいけないことが言えない人…！ #婚活 #熊本 ＃結,不明
YouTube Shorts,kapilinachannel2730,https://www.youtube.com/watch?v=8Qq66T6wDAI,2026-09-22,1116.0,6.0,81,仕事と婚活、切っても切れない大事な話。 #婚活 #熊本 #結,不明
YouTube Shorts,kapilinachannel2730,https://www.youtube.com/watch?v=KyF6psOAY6U,2026-09-19,1074.0,5.0,37,初対面の人と会うのって疲れるよね… #婚活 #熊本 #結婚相,不明
YouTube Shorts,kapilinachannel2730,https://www.youtube.com/watch?v=1W1Zpt21Gfc,2026-09-15,1296.0,4.0,33,転勤で熊本来た人集合！ #婚活 #熊本 #結婚相談所,不明
YouTube Shorts,kapilinachannel2730,https://www.youtube.com/watch?v=g2nTesNfYGI,2026-09-12,1128.0,7.0,34,みんなは大丈夫？？ #婚活 #熊本 #結婚相談所,不明
YouTube Shorts,aikul_2011,https://www.youtube.com/watch?v=L69ubiNe6cg,2026-10-03,1054.0,1.0,46,婚活男性へ、残念なお知らせです。女性は実はここまで見てます【,不明
YouTube Shorts,aikul_2011,https://www.youtube.com/watch?v=CArBkJky6fQ,2026-10-02,973.0,1.0,45,褒めてくれる人、実はあなたのこと…,不明
YouTube Shorts,aikul_2011,https://www.youtube.com/watch?v=HWLXcDh6VX8,2026-09-30,1035.0,4.0,50,妥協は絶対NG。幸せ婚を掴むマル秘思考,不明
YouTube Shorts,aikul_2011,https://www.youtube.com/watch?v=pljoUmLjhDo,2026-09-29,1287.0,12.0,54,良い彼女を演じてしまう女性のお話 #恋愛 #結婚 #結婚相談,不明
YouTube Shorts,aikul_2011,https://www.youtube.com/watch?v=X1yfmo6DOFY,2026-09-29,507.0,2.0,49,雑に扱われる女ほどコレをしている,不明
YouTube Shorts,aikul_2011,https://www.youtube.com/watch?v=batwYNxWSXU,2026-09-28,1049.0,5.0,48,35歳過ぎたら危険。そのモテ方、もう古いです,不明
YouTube Shorts,happyroad358,https://www.youtube.com/watch?v=V4jvhuXGkcs,2026-09-26,140.0,1.0,23,新潟、出会いなくない？,不明
YouTube Shorts,happyroad358,https://www.youtube.com/watch?v=ayQ0MG653oI,2026-09-11,1217.0,2.0,23,代表の悩みとは、、？,不明
YouTube Shorts,happyroad358,https://www.youtube.com/watch?v=K55nBQQ2a-Y,2026-08-06,485.0,2.0,21,やっぱりダメだった😣💦,不明
YouTube Shorts,happyroad358,https://www.youtube.com/watch?v=fvDaeEEV_ws,2026-07-19,246.0,1.0,40,夏のオススメ体臭対策グッズ３選,不明
YouTube Shorts,happyroad358,https://www.youtube.com/watch?v=zahnVKRoqS4,2026-05-30,299.0,2.0,14,ぜひ見てね🩷🫶,不明
YouTube Shorts,happyroad358,https://www.youtube.com/watch?v=opRuF7zKm54,2026-04-02,2226.0,5.0,19,❤️‍🔥ハッピーロード新潟❤️‍🔥,不明
YouTube Shorts,CONTACTLAB_channel,https://www.youtube.com/watch?v=KiuuA_KpWm0,2026-10-03,704.0,1.0,51,【NGメッセージ】街コンでモテない...連絡先を交換しても次,不明
YouTube Shorts,CONTACTLAB_channel,https://www.youtube.com/watch?v=kCVoSBFICxs,2026-09-19,1286.0,4.0,58,【マッチングアプリ】女性と会えるようになる3つのコツ！,不明
YouTube Shorts,CONTACTLAB_channel,https://www.youtube.com/watch?v=UqDzyE3cICw,2026-09-05,1916.0,2.0,59,優しいだけじゃモテない！いい人止まりで終わる男性の共通点,不明
YouTube Shorts,CONTACTLAB_channel,https://www.youtube.com/watch?v=URoDtsSw3jY,2026-08-29,1395.0,6.0,74,"【モテるコツ】女性が好感を持つ""清潔感""の正体",不明
YouTube Shorts,CONTACTLAB_channel,https://www.youtube.com/watch?v=N1jKhvI7sCY,2026-08-22,1169.0,6.0,50,【モテる男】緊張して女性と話せない...初対面でも会話が続く,不明
YouTube Shorts,CONTACTLAB_channel,https://www.youtube.com/watch?v=uqBjpUXbWWU,2026-08-15,412.0,,73,【モテないLINE】女性から返信が来ない理由はコレです,不明
YouTube Shorts,むらた婚活チャンネル,https://www.youtube.com/watch?v=enZsXi-fEFs,2026-09-24,190.0,2.0,42,むらた婚活相談室 第2回・質問女子 #short #結婚相談,不明
YouTube Shorts,むらた婚活チャンネル,https://www.youtube.com/watch?v=immnNo5mYK0,2026-07-13,317.0,,23,相手は どう思ってるのかな と思う時点で 婚活終わってる？#,不明
YouTube Shorts,むらた婚活チャンネル,https://www.youtube.com/watch?v=mZvRXYJnAX4,2026-07-10,322.0,1.0,48,30代息子さんをお持ちのお父さま・お母さまへ #shorts,不明
TikTok,yako.shiawasekon,https://www.tiktok.com/@yako.shiawasekon/video/7692202183814581524,2026-10-03,56600,605,59,#恋愛ドラマ #恋愛 #婚活 #婚活相談,オリジナル楽曲/BGM
TikTok,yako.shiawasekon,https://www.tiktok.com/@yako.shiawasekon/video/7691824225895615765,2026-10-02,50300,,,#恋愛ドラマ #恋愛 #婚活 #婚活相談,
TikTok,yako.shiawasekon,https://www.tiktok.com/@yako.shiawasekon/video/7691616018845748500,2026-10-01,5632,,,#恋愛ドラマ #恋愛 #婚活 #婚活相談,
TikTok,yako.shiawasekon,https://www.tiktok.com/@yako.shiawasekon/video/7690881121491438868,2026-09-29,3809,52,58,顔も、本名も知らない。 知っているのは,オリジナル楽曲/BGM
TikTok,yako.shiawasekon,https://www.tiktok.com/@yako.shiawasekon/video/7690523678567615764,2026-09-28,177100,1222,179,#恋愛ドラマ #恋愛 #婚活 #婚活相談,オリジナル楽曲/BGM
TikTok,yako.shiawasekon,https://www.tiktok.com/@yako.shiawasekon/video/7690142242828487957,2026-09-27,12000,,,#恋愛ドラマ #恋愛 #婚活 #婚活相談,
TikTok,yako.shiawasekon,https://www.tiktok.com/@yako.shiawasekon/video/7689595690397224212,2026-09-26,79600,,,#恋愛ドラマ #恋愛 #婚活 #婚活相談 #恋愛相談,
TikTok,yako.shiawasekon,https://www.tiktok.com/@yako.shiawasekon/video/7689249727493295381,2026-09-25,4473,49,169,#恋愛ドラマ #恋愛 #婚活 #婚活相談,オリジナル楽曲/BGM
TikTok,yako.shiawasekon,https://www.tiktok.com/@yako.shiawasekon/video/7688852008371064116,2026-09-24,39600,,,#恋愛ドラマ #恋愛 #婚活 #婚活相談 #恋愛相談,
TikTok,junjun_ranran,https://www.tiktok.com/@junjun_ranran/video/7692378853490167046,2026-10-03,13000,742,71,#猫のいる生活 #猫,原声 - ジュンジュンとランラン
TikTok,junjun_ranran,https://www.tiktok.com/@junjun_ranran/video/7690894121547861254,2026-09-29,393400,14300,37,#猫のいる生活 #猫,原声 - ジュンジュンとランラン
TikTok,junjun_ranran,https://www.tiktok.com/@junjun_ranran/video/7682348832692227336,2026-09-06,73500,,,#USJ #ユニバーサルスタジオジャパン,
TikTok,junjun_ranran,https://www.tiktok.com/@junjun_ranran/video/7675357492699811093,2026-08-18,159300,,,リンちゃんの土日,
TikTok,junjun_ranran,https://www.tiktok.com/@junjun_ranran/video/7672380314760531201,2026-08-10,83600,,,りんちゃんの誕生日,
TikTok,junjun_ranran,https://www.tiktok.com/@junjun_ranran/video/7670122320844967189,2026-08-04,266000,,,また、明日,
TikTok,junjun_ranran,https://www.tiktok.com/@junjun_ranran/video/7665281904920251649,2026-07-22,163500,9393,33,居留守,原声 - ジュンジュンとランラン
TikTok,junjun_ranran,https://www.tiktok.com/@junjun_ranran/video/7661624277401128209,2026-07-12,50200,2504,127,停電,原声 - ジュンジュンとランラン
TikTok,junjun_ranran,https://www.tiktok.com/@junjun_ranran/video/7657891249516514580,2026-07-02,42600,,,ジュンジュンの寝言？？？,
TikTok,nuts0629,https://www.tiktok.com/@nuts0629/video/7601413129116896520,2026-01-31,1468,74,9,おいもナッツ🍠🐶 今日はセクシーダンスをお届けします🕺🪩 #klingai #ダ,
TikTok,nuts0629,https://www.tiktok.com/@nuts0629/video/7600297662960749832,2026-01-28,173600,2125,23,おいもナッツ、本能寺の変を踊る…！🤣🤣🤣🍠 #本能寺の変 #klingai #ダ,
TikTok,nuts0629,https://www.tiktok.com/@nuts0629/video/7591674035407277319,2026-01-05,1677,96,14,おいもナッツのキレッキレダンスをどうぞご覧ください🤣🙏🏻🍠 @🐶こむぎ &ドル子,
TikTok,nuts0629,https://www.tiktok.com/@nuts0629/video/7587280069580655880,2025-12-24,2232,137,37,メリークリスマス🎄🌟 ナッツとピノンの可愛いやりとりをご覧ください🤭💕 #Cap,
TikTok,nuts0629,https://www.tiktok.com/@nuts0629/video/7587041757448178962,2025-12-23,1115,81,30,ナッツサンタ🎅がプレゼントを届けに来たよ❣️次はあなたのお家にいくかも〜？！🤭🎄,
TikTok,nuts0629,https://www.tiktok.com/@nuts0629/video/7586647403290283272,2025-12-22,6721,373,17,冬至ですね☺️ ナッツは柚子風呂であったまったよ🥰 みなさんも暖かくして過ごして,
TikTok,nuts0629,https://www.tiktok.com/@nuts0629/video/7586614978271169799,2025-12-22,1387,39,22,お久しぶりです(？) 最近はLINEスタンプ作りにハマってしまい、量産しておりま,
TikTok,nuts0629,https://www.tiktok.com/@nuts0629/video/7583708430410583303,2025-12-14,1642,115,30,久しぶりに自分で好きなように画像作ってみた🥰 大きな雪だるまのぬいぐるみと、クリ,
TikTok,nuts0629,https://www.tiktok.com/@nuts0629/video/7581093677045452039,2025-12-07,2636,84,35,LINEスタンプ完成しました💖 Threads @nanoba.nana さんの,
TikTok,nuts0629,https://www.tiktok.com/@nuts0629/video/7580315127279258888,2025-12-05,664,58,34,あんちゃんとナッツでクリスマスパーティーの準備で、ツリーを飾り付けたよ🎄🌟❣️ ,
TikTok,nuts0629,https://www.tiktok.com/@nuts0629/video/7579922957678415111,2025-12-04,1094,82,20,@🐶こむぎ &ドル子🐩マルプー∣トイプードル🌈 さんのプロンプトで作成💖💖 今回,
TikTok,nuts0629,https://www.tiktok.com/@nuts0629/video/7579081981716188434,2025-12-02,1299,99,30,まったりなワンコたちの集いをどうぞ…☕🍪💕 このコスチュームナッツお気に入りでハ,
TikTok,nuts0629,https://www.tiktok.com/@nuts0629/video/7578100760911645970,2025-11-29,751,70,14,はっぴーちゃんとナッツ🐶 一緒にかまくらを作ったよ❣️❣️ @『はっぴーちゃん日,
TikTok,nuts0629,https://www.tiktok.com/@nuts0629/video/7577760351555505415,2025-11-28,1071,97,14,サンタさんの工房でお手伝いする、パピーナッツたち♥️♥️ おもちゃ作りにラッピン,
TikTok,nuts0629,https://www.tiktok.com/@nuts0629/video/7577365252816358664,2025-11-27,834,77,38,あろたんとクリスマスマーケットに行ったよ🎄🌟 楽しかったね💕💕 あろたんありがと,
TikTok,nuts0629,https://www.tiktok.com/@nuts0629/video/7577257490006543623,2025-11-27,4573,288,49,うちの子クリスマスオーナメント🎄 可愛くてまた作りすぎてしまった🥹 @🐶こむぎ ,
TikTok,nuts0629,https://www.tiktok.com/@nuts0629/video/7574774632591707403,2025-11-20,1265,93,35,ナッツのおにぎり屋さん🍙 おひとついかが？🐶💕 #ai #チワワ #チワプー  ,
TikTok,nuts0629,https://www.tiktok.com/@nuts0629/video/7571676685926485256,2025-11-12,1315,84,28,パピーナッツで9分割❣️ 寒いのは苦手だけど、冬のコスチュームとかクリスマスの雰,
TikTok,nuts0629,https://www.tiktok.com/@nuts0629/video/7568416911353056520,2025-11-03,32500,1009,53,チワワ🐶チアリーダーズ📣✨️✨️ みんなの可愛いダンス見てね❣️ Sora2で同,
TikTok,nuts0629,https://www.tiktok.com/@nuts0629/video/7567748396455546120,2025-11-01,48600,2055,24,チワワのお皿洗い選手権🐶🍽️ ちょっと色々よく分からないことになってるけど🤣🤣笑,
